,entity_id,hgnc_id,symbol,disease_ontology_id_version,disease_ontology_name,hpo_mode_of_inheritance_term,hpo_mode_of_inheritance_term_name,inheritance_filter,ndd_phenotype,ndd_phenotype_word,entry_date,category,category_id,modifier_phenotype_id
1,4,HGNC:61,ABCD1,OMIM:300100_1,Adrenoleukodystrophy,HP:0001419,X-linked recessive inheritance,X-linked,1,Yes,12/10/2010 0:00:00,Definitive,1,"1-HP:0000077,1-HP:0000707,1-HP:0000708,1-HP:0000818,1-HP:0001249,1-HP:0001939,1-HP:0002011,1-HP:0003676"
2,5,HGNC:68,ABCD4,OMIM:614857,"Methylmalonic aciduria and homocystinuria, cblJ type",HP:0000007,Autosomal recessive inheritance,Autosomal recessive,1,Yes,2/20/2012 0:00:00,Definitive,1,"1-HP:0001249,1-HP:0001256,1-HP:0001871,1-HP:0001939,1-HP:0001999,1-HP:0002342"
3,6,HGNC:21396,ABHD5,OMIM:275630,Chanarin-Dorfman syndrome,HP:0000007,Autosomal recessive inheritance,Autosomal recessive,1,Yes,11/24/2010 0:00:00,Definitive,1,"1-HP:0001249,1-HP:0001574,1-HP:0001939,1-HP:0003011"
4,7,HGNC:21497,ACAD9,OMIM:611126,"Mitochondrial complex I deficiency, nuclear type 20",HP:0000007,Autosomal recessive inheritance,Autosomal recessive,1,Yes,6/26/2011 0:00:00,Definitive,1,"1-HP:0000707,1-HP:0001249,1-HP:0001939,1-HP:0003011,1-HP:0011420,1-HP:0012103"
5,8,HGNC:118,ACO2,OMIM:614559,Infantile cerebellar-retinal degeneration,HP:0000007,Autosomal recessive inheritance,Autosomal recessive,1,Yes,2/20/2012 0:00:00,Definitive,1,"1-HP:0000707,1-HP:0001249,1-HP:0001250,1-HP:0002011,1-HP:0002342,1-HP:0003676,1-HP:0010864"
6,9,HGNC:119,ACOX1,OMIM:264470,Peroxisomal acyl-CoA oxidase deficiency,HP:0000007,Autosomal recessive inheritance,Autosomal recessive,1,Yes,11/23/2010 0:00:00,Definitive,1,"1-HP:0000707,1-HP:0001249,1-HP:0001250,1-HP:0001939,1-HP:0001999,1-HP:0002011,1-HP:0002376,1-HP:0011420"
7,10,HGNC:27288,ACSF3,OMIM:614265,Combined malonic and methylmalonic aciduria,HP:0000007,Autosomal recessive inheritance,Autosomal recessive,1,Yes,9/20/2011 0:00:00,Definitive,1,"1-HP:0000707,1-HP:0001249,1-HP:0001939,1-HP:0002376"
8,12,HGNC:132,ACTB,OMIM:243310,Baraitser-Winter syndrome 1,HP:0000006,Autosomal dominant inheritance,Autosomal dominant,1,Yes,2/28/2012 0:00:00,Definitive,1,"1-HP:0000252,1-HP:0000365,1-HP:0000478,1-HP:0000924,1-HP:0001249,1-HP:0001250,1-HP:0002011,1-HP:0002342,1-HP:0004322,1-HP:0010864"
9,14,HGNC:144,ACTG1,OMIM:614583,Baraitser-Winter syndrome 2,HP:0000006,Autosomal dominant inheritance,Autosomal dominant,1,Yes,2/28/2012 0:00:00,Definitive,1,"1-HP:0000252,1-HP:0000365,1-HP:0000478,1-HP:0000924,1-HP:0001249,1-HP:0001250,1-HP:0002011,1-HP:0002342,1-HP:0004322,1-HP:0010864"
10,16,HGNC:171,ACVR1,OMIM:135100,Fibrodysplasia ossificans progressiva,HP:0000006,Autosomal dominant inheritance,Autosomal dominant,1,Yes,11/23/2010 0:00:00,Definitive,1,"1-HP:0000924,1-HP:0001249,1-HP:0004322"
11,17,HGNC:225,ADAR,OMIM:615010,Aicardi-Goutieres syndrome 6,HP:0000007,Autosomal recessive inheritance,Autosomal recessive,1,Yes,2/20/2012 0:00:00,Definitive,1,"1-HP:0001249,1-HP:0002011,1-HP:0002342,1-HP:0002664,1-HP:0010864,2-HP:0011420"
12,19,HGNC:16812,COQ8A,OMIM:612016,"Coenzyme Q10 deficiency, primary, 4",HP:0000007,Autosomal recessive inheritance,Autosomal recessive,1,Yes,11/23/2010 0:00:00,Definitive,1,"1-HP:0000077,1-HP:0000707,1-HP:0001249,1-HP:0001250,1-HP:0001939,1-HP:0002011,1-HP:0003011,1-HP:0003676,1-HP:0011420,1-HP:0012103"
13,20,HGNC:291,ADSL,OMIM:103050,Adenylosuccinase deficiency,HP:0000007,Autosomal recessive inheritance,Autosomal recessive,1,Yes,11/23/2010 0:00:00,Definitive,1,"1-HP:0000708,1-HP:0001249,1-HP:0001250,1-HP:0001939,3-HP:0001256"
14,21,HGNC:3776,AFF2,OMIM:309548,"Intellectual developmental disorder, X-linked 109",HP:0001417,X-linked other inheritance,X-linked,1,Yes,11/23/2010 0:00:00,Definitive,1,"1-HP:0000708,1-HP:0001249,1-HP:0001256,1-HP:0002342"
15,22,HGNC:318,AGA,OMIM:208400,Aspartylglucosaminuria,HP:0000007,Autosomal recessive inheritance,Autosomal recessive,1,Yes,11/23/2010 0:00:00,Definitive,1,"1-HP:0000707,1-HP:0001249,1-HP:0001939,1-HP:0003676,2-HP:0001574,2-HP:0011420"
16,23,HGNC:325,AGPAT2,OMIM:608594,"Lipodystrophy, congenital generalized, type 1",HP:0000007,Autosomal recessive inheritance,Autosomal recessive,1,Yes,11/23/2010 0:00:00,Definitive,1,"1-HP:0000818,1-HP:0001249,1-HP:0001939,1-HP:0003011"
17,25,HGNC:343,AHCY,OMIM:613752,Hypermethioninemia with deficiency of S-adenosylhomocysteine hydrolase,HP:0000007,Autosomal recessive inheritance,Autosomal recessive,1,Yes,11/23/2010 0:00:00,Definitive,1,"1-HP:0000707,1-HP:0001249,1-HP:0001256,1-HP:0001939,1-HP:0002342,2-HP:0002011,2-HP:0003011"
18,26,HGNC:21575,AHI1,OMIM:608629,Joubert syndrome 3,HP:0000007,Autosomal recessive inheritance,Autosomal recessive,1,Yes,11/23/2010 0:00:00,Definitive,1,"1-HP:0000077,1-HP:0000119,1-HP:0000478,1-HP:0000707,1-HP:0001249,1-HP:0001256,1-HP:0002011,1-HP:0002270,1-HP:0002342"
19,27,HGNC:8768,AIFM1,OMIM:300816,Combined oxidative phosphorylation deficiency 6,HP:0001417,X-linked other inheritance,X-linked,1,Yes,2/20/2012 0:00:00,Definitive,1,"1-HP:0000707,1-HP:0000707,1-HP:0001249,1-HP:0001249,1-HP:0001250,1-HP:0001250,1-HP:0001939,1-HP:0002011,1-HP:0002011,1-HP:0002187,1-HP:0002376,1-HP:0002376,1-HP:0003676,1-HP:0003676,1-HP:0010864,1-HP:0011420,1-HP:0011420,1-HP:0012103"
20,29,HGNC:10648,AIMP1,OMIM:260600,"Leukodystrophy, hypomyelinating, 3",HP:0000007,Autosomal recessive inheritance,Autosomal recessive,1,Yes,6/26/2011 0:00:00,Definitive,1,"1-HP:0000252,1-HP:0000252,1-HP:0000707,1-HP:0000707,1-HP:0001249,1-HP:0001249,1-HP:0001250,1-HP:0002011,1-HP:0002011,1-HP:0002342,1-HP:0002342,1-HP:0003676,1-HP:0003676,1-HP:0010864,1-HP:0010864"
21,30,HGNC:361,AK1,OMIM:612631,"Anemia, congenital, nonspherocytic hemolytic, 3, adenylate kinase deficient",HP:0000007,Autosomal recessive inheritance,Autosomal recessive,1,Yes,11/23/2010 0:00:00,Definitive,1,"1-HP:0001249,1-HP:0001871,1-HP:0001939"
22,31,HGNC:393,AKT3,OMIM:615937,Megalencephaly-polymicrogyria-polydactyly-hydrocephalus syndrome 2,HP:0000006,Autosomal dominant inheritance,Autosomal dominant,1,Yes,2/20/2012 0:00:00,Definitive,1,"1-HP:0000256,1-HP:0001249,1-HP:0001256,1-HP:0002011,1-HP:0002342,1-HP:0040064"
23,32,HGNC:9722,ALDH18A1,OMIM:219150,"Cutis laxa, autosomal recessive, type IIIA",HP:0000007,Autosomal recessive inheritance,Autosomal recessive,1,Yes,11/23/2010 0:00:00,Definitive,1,"1-HP:0000478,1-HP:0000707,1-HP:0000707,1-HP:0001249,1-HP:0001249,1-HP:0001256,1-HP:0001256,1-HP:0001574,1-HP:0001574,1-HP:0002342,1-HP:0002342,1-HP:0003676,1-HP:0004322,1-HP:0004322,1-HP:0010864,2-HP:0000478,2-HP:0001939,2-HP:0001939,2-HP:0001999"
24,33,HGNC:403,ALDH3A2,OMIM:270200,Sjogren-Larsson syndrome,HP:0000007,Autosomal recessive inheritance,Autosomal recessive,1,Yes,11/23/2010 0:00:00,Definitive,1,"1-HP:0000478,1-HP:0000707,1-HP:0001249,1-HP:0001250,1-HP:0001574,1-HP:0001939,1-HP:0002342,1-HP:0004322,1-HP:0010864"
25,34,HGNC:408,ALDH5A1,OMIM:271980,Succinic semialdehyde dehydrogenase deficiency,HP:0000007,Autosomal recessive inheritance,Autosomal recessive,1,Yes,11/23/2010 0:00:00,Definitive,1,"1-HP:0000707,1-HP:0000708,1-HP:0001249,1-HP:0001250,1-HP:0001256,1-HP:0001939,1-HP:0002011,1-HP:0002342"
26,35,HGNC:18294,ALG1,OMIM:608540,"Congenital disorder of glycosylation, type Ik",HP:0000007,Autosomal recessive inheritance,Autosomal recessive,1,Yes,11/23/2010 0:00:00,Definitive,1,"1-HP:0000119,1-HP:0000252,1-HP:0001249,1-HP:0001250,1-HP:0001871,1-HP:0001939,1-HP:0002011,1-HP:0002342,1-HP:0002715,1-HP:0010864,1-HP:0011420,2-HP:0003011"
27,36,HGNC:19358,ALG12,OMIM:607143,"Congenital disorder of glycosylation, type Ig",HP:0000007,Autosomal recessive inheritance,Autosomal recessive,1,Yes,11/23/2010 0:00:00,Definitive,1,"1-HP:0000252,1-HP:0000707,1-HP:0001249,1-HP:0001250,1-HP:0001627,1-HP:0001871,1-HP:0001939,1-HP:0001999,1-HP:0002342,1-HP:0002715"
28,37,HGNC:23159,ALG2,OMIM:607906,"Congenital disorder of glycosylation, type Ii",HP:0000007,Autosomal recessive inheritance,Autosomal recessive,1,Yes,11/23/2010 0:00:00,Definitive,1,"1-HP:0000478,1-HP:0001249,1-HP:0001250,1-HP:0001939,1-HP:0002342,1-HP:0010864"
29,38,HGNC:23056,ALG3,OMIM:601110,"Congenital disorder of glycosylation, type Id",HP:0000007,Autosomal recessive inheritance,Autosomal recessive,1,Yes,11/23/2010 0:00:00,Definitive,1,"1-HP:0000252,1-HP:0000478,1-HP:0001249,1-HP:0001250,1-HP:0001939,1-HP:0002011,1-HP:0002342,1-HP:0010864"
30,39,HGNC:23157,ALG6,OMIM:603147,"Congenital disorder of glycosylation, type Ic",HP:0000007,Autosomal recessive inheritance,Autosomal recessive,1,Yes,11/23/2010 0:00:00,Definitive,1,"1-HP:0000478,1-HP:0000707,1-HP:0000818,1-HP:0001249,1-HP:0001250,1-HP:0001256,1-HP:0001939"
31,40,HGNC:15672,ALG9,OMIM:608776,"Congenital disorder of glycosylation, type Il",HP:0000007,Autosomal recessive inheritance,Autosomal recessive,1,Yes,11/23/2010 0:00:00,Definitive,1,"1-HP:0000252,1-HP:0000707,1-HP:0001249,1-HP:0001250,1-HP:0001256,1-HP:0001939,1-HP:0002342"
32,41,HGNC:473,AMT,MONDO:0700096_1,human disease,HP:0000007,Autosomal recessive inheritance,Autosomal recessive,1,Yes,11/23/2010 0:00:00,Definitive,1,"1-HP:0000707,1-HP:0001249,1-HP:0001250,1-HP:0001939,1-HP:0011420,2-HP:0003676,3-HP:0001256,3-HP:0002187,3-HP:0002342"
33,45,HGNC:21316,ANKRD11,OMIM:148050,KBG syndrome,HP:0000006,Autosomal dominant inheritance,Autosomal dominant,1,Yes,9/20/2011 0:00:00,Definitive,1,"1-HP:0000119,1-HP:0000119,1-HP:0000119,1-HP:0000365,1-HP:0000365,1-HP:0000365,1-HP:0000478,1-HP:0000478,1-HP:0000708,1-HP:0000708,1-HP:0000708,1-HP:0000924,1-HP:0000924,1-HP:0000924,1-HP:0001249,1-HP:0001249,1-HP:0001249,1-HP:0001250,1-HP:0001250,1-HP:0001250,1-HP:0001256,1-HP:0001256,1-HP:0001627,1-HP:0001627,1-HP:0001999,1-HP:0001999,1-HP:0001999,1-HP:0002011,1-HP:0002011,1-HP:0002011,1-HP:0002342,1-HP:0002342,1-HP:0002342,1-HP:0004322,1-HP:0004322,1-HP:0004322,1-HP:0006889,1-HP:0006889,3-HP:0001627,3-HP:0001627"
34,46,HGNC:25519,ANO10,OMIM:613728,"Spinocerebellar ataxia, autosomal recessive 10",HP:0000007,Autosomal recessive inheritance,Autosomal recessive,1,Yes,11/23/2010 0:00:00,Definitive,1,"1-HP:0001249,1-HP:0001513,1-HP:0002011,1-HP:0003011,1-HP:0003676"
35,47,HGNC:559,AP1S1,OMIM:609313,MEDNIK syndrome,HP:0000007,Autosomal recessive inheritance,Autosomal recessive,1,Yes,11/23/2010 0:00:00,Definitive,1,"1-HP:0000365,1-HP:0000365,1-HP:0000478,1-HP:0000707,1-HP:0000707,1-HP:0001249,1-HP:0001249,1-HP:0001574,1-HP:0001574,1-HP:0001871,1-HP:0001939,1-HP:0002011,1-HP:0002270,1-HP:0002270,1-HP:0002342,1-HP:0004322,1-HP:0010864,1-HP:0011024,1-HP:0011420,2-HP:0001250,2-HP:0001939,2-HP:0001939,2-HP:0002715"
36,48,HGNC:560,AP1S2,OMIM:304340,Pettigrew syndrome,HP:0001419,X-linked recessive inheritance,X-linked,1,Yes,11/23/2010 0:00:00,Definitive,1,"1-HP:0000708,1-HP:0001249,1-HP:0001256"
37,49,HGNC:566,AP3B1,OMIM:608233,Hermansky-Pudlak syndrome 2,HP:0000007,Autosomal recessive inheritance,Autosomal recessive,1,Yes,11/23/2010 0:00:00,Definitive,1,"1-HP:0000478,1-HP:0000478,1-HP:0001249,1-HP:0001249,1-HP:0001256,1-HP:0001574,1-HP:0001871,1-HP:0001871,1-HP:0002715,1-HP:0002715,3-HP:0000365,3-HP:0001250,4-HP:0001256,4-HP:0001256"
38,50,HGNC:572,AP4B1,OMIM:614066,"Spastic paraplegia 47, autosomal recessive",HP:0000007,Autosomal recessive inheritance,Autosomal recessive,1,Yes,6/26/2011 0:00:00,Definitive,1,"1-HP:0000252,1-HP:0000252,1-HP:0000707,1-HP:0000707,1-HP:0000708,1-HP:0000708,1-HP:0001249,1-HP:0001249,1-HP:0001250,1-HP:0001256,1-HP:0001999,1-HP:0002011,1-HP:0002342,1-HP:0004322,1-HP:0004322,1-HP:0010864,1-HP:0010864"
39,51,HGNC:573,AP4E1,OMIM:613744,"Spastic paraplegia 51, autosomal recessive",HP:0000007,Autosomal recessive inheritance,Autosomal recessive,1,Yes,6/26/2011 0:00:00,Definitive,1,"1-HP:0000252,1-HP:0000707,1-HP:0000708,1-HP:0001249,1-HP:0004322,1-HP:0010864"
40,52,HGNC:575,AP4S1,OMIM:614067,"Spastic paraplegia 52, autosomal recessive",HP:0000007,Autosomal recessive inheritance,Autosomal recessive,1,Yes,6/26/2011 0:00:00,Definitive,1,"1-HP:0000252,1-HP:0000707,1-HP:0000708,1-HP:0001249,1-HP:0004322,1-HP:0010864"
41,53,HGNC:15984,APTX,OMIM:208920,"Ataxia, early-onset, with oculomotor apraxia and hypoalbuminemia",HP:0000007,Autosomal recessive inheritance,Autosomal recessive,1,Yes,11/23/2010 0:00:00,Definitive,1,"1-HP:0000707,1-HP:0001249,1-HP:0001256,1-HP:0002011,1-HP:0002342,1-HP:0003676"
42,54,HGNC:15853,ARFGEF2,OMIM:608097,Periventricular heterotopia with microcephaly,HP:0000007,Autosomal recessive inheritance,Autosomal recessive,1,Yes,11/23/2010 0:00:00,Definitive,1,"1-HP:0000252,1-HP:0001249,1-HP:0002011,1-HP:0002342,1-HP:0010864,2-HP:0000707,2-HP:0001250,2-HP:0002715"
43,56,HGNC:11110,ARID1A,OMIM:614607,Coffin-Siris syndrome 2,HP:0000006,Autosomal dominant inheritance,Autosomal dominant,1,Yes,2/20/2012 0:00:00,Definitive,1,"1-HP:0001249,1-HP:0001249,1-HP:0001256,1-HP:0001256,1-HP:0001574,1-HP:0001574,1-HP:0001999,1-HP:0001999,1-HP:0002011,1-HP:0002011,1-HP:0002342,1-HP:0002342,1-HP:0002715,1-HP:0002715,1-HP:0004322,1-HP:0004322"
44,57,HGNC:18040,ARID1B,OMIM:135900,Coffin-Siris syndrome 1,HP:0000006,Autosomal dominant inheritance,Autosomal dominant,1,Yes,3/12/2012 0:00:00,Definitive,1,"1-HP:0000119,1-HP:0000119,1-HP:0000252,1-HP:0000252,1-HP:0000365,1-HP:0000365,1-HP:0000478,1-HP:0000478,1-HP:0000708,1-HP:0000708,1-HP:0000924,1-HP:0000924,1-HP:0000924,1-HP:0001249,1-HP:0001249,1-HP:0001249,1-HP:0001250,1-HP:0001250,1-HP:0001256,1-HP:0001256,1-HP:0001574,1-HP:0001574,1-HP:0001574,1-HP:0001627,1-HP:0001627,1-HP:0001999,1-HP:0001999,1-HP:0002342,1-HP:0002342,1-HP:0002342,1-HP:0002715,1-HP:0002715,1-HP:0004322,1-HP:0004322,1-HP:0004322,1-HP:0010864,1-HP:0010864,1-HP:0040064,1-HP:0040064,2-HP:0000252,2-HP:0000252,2-HP:0002011,2-HP:0002011"
45,58,HGNC:25419,ARL13B,OMIM:612291,Joubert syndrome 8,HP:0000007,Autosomal recessive inheritance,Autosomal recessive,1,Yes,11/23/2010 0:00:00,Definitive,1,"1-HP:0001249,1-HP:0001256,1-HP:0002011,1-HP:0002342,2-HP:0000478,2-HP:0002270"
46,59,HGNC:13210,ARL6,OMIM:605231,Bardet-Biedl syndrome 6,HP:0000007,Autosomal recessive inheritance,Autosomal recessive,1,Yes,11/23/2010 0:00:00,Definitive,1,"1-HP:0000077,1-HP:0000119,1-HP:0000478,1-HP:0000708,1-HP:0000818,1-HP:0001249,1-HP:0001256,1-HP:0001513,1-HP:0002342,1-HP:0040064"
47,61,HGNC:18060,ARX,OMIM:300419,"Intellectual developmental disorder, X-linked 29",HP:0001419,X-linked recessive inheritance,X-linked,1,Yes,11/23/2010 0:00:00,Definitive,1,"1-HP:0000707,1-HP:0001249,1-HP:0001250,1-HP:0002011,1-HP:0002187,1-HP:0002342"
48,62,HGNC:18060,ARX,OMIM:308350,Developmental and epileptic encephalopathy 1,HP:0001419,X-linked recessive inheritance,X-linked,1,Yes,11/23/2010 0:00:00,Definitive,1,"1-HP:0000707,1-HP:0001249,1-HP:0001250,1-HP:0001256,1-HP:0002011,1-HP:0002342,1-HP:0010864"
49,63,HGNC:18060,ARX,OMIM:309510,Partington syndrome,HP:0001419,X-linked recessive inheritance,X-linked,1,Yes,11/23/2010 0:00:00,Definitive,1,"1-HP:0000707,1-HP:0001249,1-HP:0001250,1-HP:0001256,1-HP:0002011,1-HP:0002342,1-HP:0010864"
50,64,HGNC:18060,ARX,OMIM:300004,Proud syndrome,HP:0001419,X-linked recessive inheritance,X-linked,1,Yes,11/23/2010 0:00:00,Definitive,1,"1-HP:0000707,1-HP:0001249,1-HP:0001250,1-HP:0001256,1-HP:0002011,1-HP:0002342,1-HP:0010864"
51,65,HGNC:18060,ARX,OMIM:300215_2,"Lissencephaly, X-linked 2",HP:0001417,X-linked other inheritance,X-linked,1,Yes,11/23/2010 0:00:00,Definitive,1,"1-HP:0000707,1-HP:0001249,1-HP:0001250,1-HP:0001256,1-HP:0002011,1-HP:0002342,1-HP:0010864,1-HP:0011420"
52,66,HGNC:746,ASL,OMIM:207900,Argininosuccinic aciduria,HP:0000007,Autosomal recessive inheritance,Autosomal recessive,1,Yes,11/23/2010 0:00:00,Definitive,1,"1-HP:0000707,1-HP:0000707,1-HP:0000708,1-HP:0000708,1-HP:0001249,1-HP:0001249,1-HP:0001250,1-HP:0001250,1-HP:0001574,1-HP:0001574,1-HP:0001939,1-HP:0001939,1-HP:0011420"
53,67,HGNC:756,ASPA,OMIM:271900,Canavan disease,HP:0000007,Autosomal recessive inheritance,Autosomal recessive,1,Yes,11/23/2010 0:00:00,Definitive,1,"1-HP:0000256,1-HP:0000256,1-HP:0000478,1-HP:0000707,1-HP:0001249,1-HP:0001249,1-HP:0001250,1-HP:0001256,1-HP:0001256,1-HP:0001939,1-HP:0001939,1-HP:0002011,1-HP:0002011,1-HP:0002342,1-HP:0003011,1-HP:0003676,1-HP:0003676,1-HP:0010864,1-HP:0010864,1-HP:0011420,1-HP:0011420"
54,68,HGNC:19048,ASPM,OMIM:608716,"Microcephaly 5, primary, autosomal recessive",HP:0000007,Autosomal recessive inheritance,Autosomal recessive,1,Yes,11/23/2010 0:00:00,Definitive,1,"1-HP:0000252,1-HP:0001249,1-HP:0001256,1-HP:0002342,2-HP:0002011"
55,69,HGNC:18318,ASXL1,OMIM:605039,Bohring-Opitz syndrome,HP:0000006,Autosomal dominant inheritance,Autosomal dominant,1,Yes,7/2/2011 0:00:00,Definitive,1,"1-HP:0000118,1-HP:0000118,1-HP:0000707,1-HP:0000924,1-HP:0000924,1-HP:0001249,1-HP:0001249,1-HP:0001250,1-HP:0001250,1-HP:0001574,1-HP:0001574,1-HP:0001999,1-HP:0002187,1-HP:0002715,1-HP:0002715,1-HP:0004322,1-HP:0010864,1-HP:0010864,1-HP:0011024,1-HP:0011420,1-HP:0011420,2-HP:0004322,3-HP:0000202"
56,70,HGNC:800,ATP1A2,OMIM:104290,Alternating hemiplegia of childhood 1,HP:0000006,Autosomal dominant inheritance,Autosomal dominant,1,Yes,11/23/2010 0:00:00,Definitive,1,"1-HP:0000707,1-HP:0001249,1-HP:0001250,1-HP:0001256,1-HP:0002342,1-HP:0003676"
57,72,HGNC:812,ATP2A2,OMIM:124200,Darier disease,HP:0000006,Autosomal dominant inheritance,Autosomal dominant,1,Yes,11/23/2010 0:00:00,Definitive,1,"1-HP:0001249,1-HP:0001574,4-HP:0001256"
58,74,HGNC:18305,ATP6AP2,OMIM:300423,"Intellectual developmental disorder, X-linked syndromic, Hedera type",HP:0001419,X-linked recessive inheritance,X-linked,1,Yes,11/23/2010 0:00:00,Definitive,1,"1-HP:0000707,1-HP:0001249,1-HP:0001249,1-HP:0001250,1-HP:0001250,1-HP:0001256,1-HP:0001256,1-HP:0002011,1-HP:0002342,1-HP:0002342,1-HP:0010864,2-HP:0000707,2-HP:0000707"
59,75,HGNC:18481,ATP6V0A2,OMIM:219200,"Cutis laxa, autosomal recessive, type IIA",HP:0000007,Autosomal recessive inheritance,Autosomal recessive,1,Yes,11/23/2010 0:00:00,Definitive,1,"1-HP:0000478,1-HP:0000707,1-HP:0001249,1-HP:0001250,1-HP:0001574,1-HP:0002011,1-HP:0002342,1-HP:0002376,1-HP:0010864"
60,76,HGNC:18481,ATP6V0A2,OMIM:278250,Wrinkly skin syndrome,HP:0000007,Autosomal recessive inheritance,Autosomal recessive,1,Yes,11/23/2010 0:00:00,Definitive,1,"1-HP:0000478,1-HP:0000707,1-HP:0001249,1-HP:0001250,1-HP:0001256,1-HP:0001574,1-HP:0002011,1-HP:0002342,1-HP:0003676"
61,77,HGNC:869,ATP7A,OMIM:309400,Menkes disease,HP:0001419,X-linked recessive inheritance,X-linked,1,Yes,11/23/2010 0:00:00,Definitive,1,"1-HP:0000707,1-HP:0001249,1-HP:0001250,1-HP:0001574,1-HP:0001939,1-HP:0002376,1-HP:0011420"
62,80,HGNC:882,ATR,OMIM:210600,Seckel syndrome 1,HP:0000007,Autosomal recessive inheritance,Autosomal recessive,1,Yes,11/23/2010 0:00:00,Definitive,1,"1-HP:0000252,1-HP:0001249,1-HP:0001256,1-HP:0001999,1-HP:0002342,1-HP:0004322"
63,82,HGNC:886,ATRX,OMIM:301040,Alpha-thalassemia/impaired intellectual development syndrome,HP:0001417,X-linked other inheritance,X-linked,1,Yes,11/23/2010 0:00:00,Definitive,1,"1-HP:0000119,1-HP:0000119,1-HP:0000252,1-HP:0000252,1-HP:0001249,1-HP:0001249,1-HP:0001871,1-HP:0001871,1-HP:0001999,1-HP:0001999,1-HP:0002342,1-HP:0002342,1-HP:0004322,1-HP:0004322,1-HP:0010864,1-HP:0010864,2-HP:0001250,2-HP:0001250"
64,83,HGNC:886,ATRX,OMIM:309580,"Intellectual disability-hypotonic facies syndrome, X-linked",HP:0001419,X-linked recessive inheritance,X-linked,1,Yes,11/23/2010 0:00:00,Definitive,1,"1-HP:0000077,1-HP:0000119,1-HP:0000365,1-HP:0000707,1-HP:0000818,1-HP:0000924,1-HP:0001249,1-HP:0001999,1-HP:0010864"
65,84,HGNC:890,AUH,OMIM:250950,"3-methylglutaconic aciduria, type I",HP:0000007,Autosomal recessive inheritance,Autosomal recessive,1,Yes,11/23/2010 0:00:00,Definitive,1,"1-HP:0000707,1-HP:0000707,1-HP:0001249,1-HP:0001249,1-HP:0001250,1-HP:0001256,1-HP:0001256,1-HP:0001939,1-HP:0001939,1-HP:0002011,1-HP:0002187,1-HP:0002342,1-HP:0002342,1-HP:0003676,1-HP:0003676,1-HP:0006889,1-HP:0010864"
66,85,HGNC:14262,AUTS2,OMIM:615834,"Intellectual developmental disorder, autosomal dominant 26",HP:0000006,Autosomal dominant inheritance,Autosomal dominant,1,Yes,2/20/2012 0:00:00,Definitive,1,"1-HP:0000119,1-HP:0000252,1-HP:0000252,1-HP:0000708,1-HP:0000708,1-HP:0000924,1-HP:0001249,1-HP:0001249,1-HP:0001627,1-HP:0001999,1-HP:0001999,1-HP:0002011,1-HP:0002011,1-HP:0004322,1-HP:0004322,2-HP:0000707,2-HP:0000924,2-HP:0001250,3-HP:0002342,4-HP:0000707,4-HP:0000924,4-HP:0001250"
67,86,HGNC:20207,B3GLCT,OMIM:261540,Peters-plus syndrome,HP:0000007,Autosomal recessive inheritance,Autosomal recessive,1,Yes,11/23/2010 0:00:00,Definitive,1,"1-HP:0000119,1-HP:0000202,1-HP:0000202,1-HP:0000252,1-HP:0000478,1-HP:0000478,1-HP:0001249,1-HP:0001249,1-HP:0001256,1-HP:0001256,1-HP:0001627,1-HP:0001999,1-HP:0001999,1-HP:0002342,1-HP:0004322,1-HP:0010864,3-HP:0011420"
68,87,HGNC:924,B4GALT1,OMIM:607091,"Congenital disorder of glycosylation, type IId",HP:0000007,Autosomal recessive inheritance,Autosomal recessive,1,Yes,11/23/2010 0:00:00,Definitive,1,"1-HP:0001249,1-HP:0001256,1-HP:0001871,1-HP:0001939,1-HP:0002011,1-HP:0002342"
69,88,HGNC:930,B4GALT7,OMIM:130070,"Ehlers-Danlos syndrome, spondylodysplastic type, 1",HP:0000007,Autosomal recessive inheritance,Autosomal recessive,1,Yes,11/23/2010 0:00:00,Definitive,1,"1-HP:0001249,1-HP:0001256,1-HP:0001574,1-HP:0002342,1-HP:0004322"
70,89,HGNC:966,BBS1,OMIM:209900_5,Bardet-Biedl syndrome 1,HP:0000007,Autosomal recessive inheritance,Autosomal recessive,1,Yes,11/23/2010 0:00:00,Definitive,1,"1-HP:0000077,1-HP:0000119,1-HP:0000478,1-HP:0000708,1-HP:0000818,1-HP:0001249,1-HP:0001256,1-HP:0001513,1-HP:0002342,1-HP:0040064"
71,90,HGNC:26291,BBS10,OMIM:615987,Bardet-Biedl syndrome 10,HP:0000007,Autosomal recessive inheritance,Autosomal recessive,1,Yes,11/23/2010 0:00:00,Definitive,1,"1-HP:0000077,1-HP:0000119,1-HP:0000478,1-HP:0000708,1-HP:0000818,1-HP:0001249,1-HP:0001256,1-HP:0001513,1-HP:0002342,1-HP:0040064"
72,91,HGNC:26648,BBS12,OMIM:615989,Bardet-Biedl syndrome 12,HP:0000007,Autosomal recessive inheritance,Autosomal recessive,1,Yes,11/23/2010 0:00:00,Definitive,1,"1-HP:0000077,1-HP:0000119,1-HP:0000478,1-HP:0000708,1-HP:0000818,1-HP:0001249,1-HP:0001256,1-HP:0001513,1-HP:0002342,1-HP:0040064"
73,92,HGNC:967,BBS2,OMIM:616562,Retinitis pigmentosa 74,HP:0000007,Autosomal recessive inheritance,Autosomal recessive,1,Yes,11/23/2010 0:00:00,Definitive,1,"1-HP:0000077,1-HP:0000119,1-HP:0000478,1-HP:0000708,1-HP:0000818,1-HP:0001249,1-HP:0001256,1-HP:0001513,1-HP:0002342,1-HP:0040064"
74,93,HGNC:969,BBS4,OMIM:615982,Bardet-Biedl syndrome 4,HP:0000007,Autosomal recessive inheritance,Autosomal recessive,1,Yes,11/23/2010 0:00:00,Definitive,1,"1-HP:0000077,1-HP:0000119,1-HP:0000478,1-HP:0000708,1-HP:0000818,1-HP:0001249,1-HP:0001256,1-HP:0001513,1-HP:0002342,1-HP:0040064"
75,94,HGNC:970,BBS5,OMIM:615983,Bardet-Biedl syndrome 5,HP:0000007,Autosomal recessive inheritance,Autosomal recessive,1,Yes,11/23/2010 0:00:00,Definitive,1,"1-HP:0000077,1-HP:0000119,1-HP:0000478,1-HP:0000708,1-HP:0000818,1-HP:0001249,1-HP:0001256,1-HP:0001513,1-HP:0002342,1-HP:0040064"
76,95,HGNC:18758,BBS7,OMIM:615984,Bardet-Biedl syndrome 7,HP:0000007,Autosomal recessive inheritance,Autosomal recessive,1,Yes,11/23/2010 0:00:00,Definitive,1,"1-HP:0000077,1-HP:0000119,1-HP:0000478,1-HP:0000708,1-HP:0000818,1-HP:0001249,1-HP:0001256,1-HP:0001513,1-HP:0002342,1-HP:0040064"
77,96,HGNC:30000,BBS9,OMIM:615986,Bardet-Biedl syndrome 9,HP:0000007,Autosomal recessive inheritance,Autosomal recessive,1,Yes,11/23/2010 0:00:00,Definitive,1,"1-HP:0000077,1-HP:0000119,1-HP:0000478,1-HP:0000708,1-HP:0000818,1-HP:0001249,1-HP:0001256,1-HP:0001513,1-HP:0002342,1-HP:0040064"
78,97,HGNC:986,BCKDHA,MONDO:0700096_1,human disease,HP:0000007,Autosomal recessive inheritance,Autosomal recessive,1,Yes,11/23/2010 0:00:00,Definitive,1,"1-HP:0001249,1-HP:0001939,2-HP:0000707,2-HP:0011420"
79,98,HGNC:987,BCKDHB,MONDO:0700096_1,human disease,HP:0000007,Autosomal recessive inheritance,Autosomal recessive,1,Yes,11/23/2010 0:00:00,Definitive,1,"1-HP:0001249,1-HP:0001939,2-HP:0000707,2-HP:0011420"
80,100,HGNC:1020,BCS1L,OMIM:124000,"Mitochondrial complex III deficiency, nuclear type 1",HP:0000007,Autosomal recessive inheritance,Autosomal recessive,1,Yes,11/23/2010 0:00:00,Definitive,1,"1-HP:0000119,1-HP:0000365,1-HP:0000707,1-HP:0001249,1-HP:0001250,1-HP:0001939,1-HP:0002011,1-HP:0002376,1-HP:0003011,1-HP:0004322,1-HP:0011420,1-HP:0012103"
81,104,HGNC:1058,BLM,OMIM:210900,Bloom syndrome,HP:0000007,Autosomal recessive inheritance,Autosomal recessive,1,Yes,11/23/2010 0:00:00,Definitive,1,"1-HP:0000818,1-HP:0000818,1-HP:0001249,1-HP:0001256,1-HP:0001256,1-HP:0001574,1-HP:0001574,1-HP:0002342,1-HP:0002664,1-HP:0002664,1-HP:0002715,1-HP:0002715,1-HP:0004322,1-HP:0004322,1-HP:0011420,1-HP:0011420"
82,105,HGNC:1097,BRAF,OMIM:115150,Cardiofaciocutaneous syndrome,HP:0000006,Autosomal dominant inheritance,Autosomal dominant,1,Yes,11/23/2010 0:00:00,Definitive,1,"1-HP:0001249,1-HP:0001250,1-HP:0001250,1-HP:0001256,1-HP:0001256,1-HP:0001574,1-HP:0001574,1-HP:0001627,1-HP:0001627,1-HP:0001999,1-HP:0003011,1-HP:0003011,1-HP:0004322,1-HP:0004322,2-HP:0002664,4-HP:0002664"
83,106,HGNC:1097,BRAF,OMIM:613707,LEOPARD syndrome 3,HP:0000006,Autosomal dominant inheritance,Autosomal dominant,1,Yes,11/23/2010 0:00:00,Definitive,1,"1-HP:0000365,1-HP:0000365,1-HP:0001249,1-HP:0001249,1-HP:0001250,1-HP:0001250,1-HP:0001256,1-HP:0001256,1-HP:0001574,1-HP:0001574,1-HP:0001627,1-HP:0001627,1-HP:0002342,1-HP:0002342,1-HP:0003011,1-HP:0003011,1-HP:0004322,1-HP:0004322,2-HP:0002664,4-HP:0002664"
84,107,HGNC:1097,BRAF,OMIM:613706,Noonan syndrome 7,HP:0000006,Autosomal dominant inheritance,Autosomal dominant,1,Yes,11/23/2010 0:00:00,Definitive,1,"1-HP:0001249,1-HP:0001250,1-HP:0001250,1-HP:0001574,1-HP:0001574,1-HP:0001627,1-HP:0001627,1-HP:0003011,1-HP:0003011,1-HP:0004322,1-HP:0004322,2-HP:0002664,3-HP:0001256,3-HP:0001256,4-HP:0002664"
85,108,HGNC:17342,BRWD3,OMIM:300659,"Intellectual developmental disorder, X-linked 93",HP:0001419,X-linked recessive inheritance,X-linked,1,Yes,11/23/2010 0:00:00,Definitive,1,"1-HP:0000256,1-HP:0000256,1-HP:0000256,1-HP:0000708,1-HP:0000708,1-HP:0000708,1-HP:0001249,1-HP:0001249,1-HP:0001256,1-HP:0001256,1-HP:0001256,1-HP:0001513,1-HP:0001513,1-HP:0001513,1-HP:0001999,1-HP:0001999,1-HP:0002342,1-HP:0002342,1-HP:0002342,3-HP:0001250"
86,109,HGNC:15832,BSCL2,OMIM:269700,"Lipodystrophy, congenital generalized, type 2",HP:0000007,Autosomal recessive inheritance,Autosomal recessive,1,Yes,11/23/2010 0:00:00,Definitive,1,"1-HP:0000818,1-HP:0001249,1-HP:0001256,1-HP:0001939,1-HP:0002342,1-HP:0003011"
87,112,HGNC:1149,BUB1B,OMIM:257300,Mosaic variegated aneuploidy syndrome 1,HP:0000007,Autosomal recessive inheritance,Autosomal recessive,1,Yes,11/23/2010 0:00:00,Definitive,1,"1-HP:0000118,1-HP:0000119,1-HP:0000119,1-HP:0000252,1-HP:0000252,1-HP:0000478,1-HP:0000478,1-HP:0000924,1-HP:0000924,1-HP:0001249,1-HP:0001249,1-HP:0001250,1-HP:0001256,1-HP:0001256,1-HP:0001627,1-HP:0001627,1-HP:0001999,1-HP:0001999,1-HP:0002011,1-HP:0002342,1-HP:0002342,1-HP:0002664,1-HP:0002664,1-HP:0004322,1-HP:0004322,1-HP:0006889"
88,113,HGNC:25801,CPLANE1,OMIM:614615,Joubert syndrome 17,HP:0000007,Autosomal recessive inheritance,Autosomal recessive,1,Yes,2/20/2012 0:00:00,Definitive,1,"1-HP:0000707,1-HP:0000707,1-HP:0001249,1-HP:0001249,1-HP:0001256,1-HP:0001256,1-HP:0002011,1-HP:0002011,1-HP:0002270,1-HP:0006889,1-HP:0040064,2-HP:0040064,4-HP:0040064"
89,114,HGNC:1373,CA2,OMIM:259730,"Osteopetrosis, autosomal recessive 3, with renal tubular acidosis",HP:0000007,Autosomal recessive inheritance,Autosomal recessive,1,Yes,11/23/2010 0:00:00,Definitive,1,"1-HP:0000077,1-HP:0000119,1-HP:0000924,1-HP:0001249,1-HP:0001256,1-HP:0001939,1-HP:0002342,1-HP:0004322"
90,115,HGNC:1390,CACNA1C,OMIM:601005,Timothy syndrome,HP:0000006,Autosomal dominant inheritance,Autosomal dominant,1,Yes,11/23/2010 0:00:00,Definitive,1,"1-HP:0000707,1-HP:0000708,1-HP:0001249,1-HP:0001256,1-HP:0001627,1-HP:0001999,1-HP:0002342,1-HP:0002715,1-HP:0011420,1-HP:0040064"
91,117,HGNC:1497,CASK,OMIM:300749,Intellectual developmental disorder and microcephaly with pontine and cerebellar hypoplasia,HP:0001417,X-linked other inheritance,X-linked,1,Yes,11/23/2010 0:00:00,Definitive,1,"1-HP:0000252,1-HP:0000252,1-HP:0000252,1-HP:0000365,1-HP:0000365,1-HP:0000365,1-HP:0000478,1-HP:0000478,1-HP:0000478,1-HP:0000707,1-HP:0000707,1-HP:0000707,1-HP:0000924,1-HP:0001249,1-HP:0001249,1-HP:0001249,1-HP:0001250,1-HP:0001999,1-HP:0001999,1-HP:0001999,1-HP:0002011,1-HP:0002011,1-HP:0002011,1-HP:0002342,1-HP:0004322,1-HP:0010864,1-HP:0010864,1-HP:0010864,2-HP:0004322,2-HP:0004322,2-HP:0004322"
92,118,HGNC:1497,CASK,OMIM:300422_1,FG syndrome 4,HP:0001417,X-linked other inheritance,X-linked,1,Yes,11/23/2010 0:00:00,Definitive,1,"1-HP:0000478,1-HP:0000708,1-HP:0000708,1-HP:0001249,1-HP:0001249,1-HP:0001249,1-HP:0001250,1-HP:0001256,1-HP:0001999,1-HP:0001999,1-HP:0002342,1-HP:0002342,1-HP:0002342,1-HP:0006889,1-HP:0010864,1-HP:0010864,1-HP:0011024,1-HP:0011024"
93,119,HGNC:1550,CBS,OMIM:236200_1,"Homocystinuria, B6-responsive and nonresponsive types",HP:0000007,Autosomal recessive inheritance,Autosomal recessive,1,Yes,11/23/2010 0:00:00,Definitive,1,"1-HP:0000098,1-HP:0000478,1-HP:0000924,1-HP:0001249,1-HP:0001250,1-HP:0001256,1-HP:0001871,1-HP:0001939,1-HP:0002342"
94,120,HGNC:30237,CC2D1A,OMIM:608443,"Intellectual developmental disorder, autosomal recessive 3",HP:0000007,Autosomal recessive inheritance,Autosomal recessive,1,Yes,11/23/2010 0:00:00,Definitive,1,"1-HP:0000077,1-HP:0000708,1-HP:0001249,1-HP:0001249,1-HP:0010864,1-HP:0010864,2-HP:0001250"
95,121,HGNC:29253,CC2D2A,OMIM:612285,Joubert syndrome 9,HP:0000007,Autosomal recessive inheritance,Autosomal recessive,1,Yes,11/23/2010 0:00:00,Definitive,1,"1-HP:0000077,1-HP:0000478,1-HP:0001249,1-HP:0001249,1-HP:0001256,1-HP:0001256,1-HP:0002011,1-HP:0002011,1-HP:0002270,1-HP:0002342,3-HP:0001250,4-HP:0000077,4-HP:0000478"
96,122,HGNC:29253,CC2D2A,OMIM:619111,COACH syndrome 2,HP:0000007,Autosomal recessive inheritance,Autosomal recessive,1,Yes,11/23/2010 0:00:00,Definitive,1,"1-HP:0000077,1-HP:0000478,1-HP:0001249,1-HP:0001256,1-HP:0002011,1-HP:0002270,1-HP:0002342"
97,124,HGNC:29426,CCBE1,OMIM:235510,Hennekam lymphangiectasia-lymphedema syndrome 1,HP:0000007,Autosomal recessive inheritance,Autosomal recessive,1,Yes,1/30/2011 0:00:00,Definitive,1,"1-HP:0000118,1-HP:0001249,1-HP:0001256,1-HP:0001999,1-HP:0002342,1-HP:0004322"
98,126,HGNC:19967,CCDC88C,OMIM:236600,"Hydrocephalus, congenital, 1",HP:0000007,Autosomal recessive inheritance,Autosomal recessive,1,Yes,1/30/2011 0:00:00,Definitive,1,"1-HP:0001249,1-HP:0001256,1-HP:0002011,1-HP:0002342"
99,127,HGNC:18672,CDK5RAP2,OMIM:604804,"Microcephaly 3, primary, autosomal recessive",HP:0000007,Autosomal recessive inheritance,Autosomal recessive,1,Yes,11/23/2010 0:00:00,Definitive,1,"1-HP:0000252,1-HP:0000252,1-HP:0000365,1-HP:0000365,1-HP:0000478,1-HP:0001249,1-HP:0001249,1-HP:0001256,1-HP:0001999,1-HP:0002011,1-HP:0002011,1-HP:0002342,1-HP:0002342,1-HP:0004322,1-HP:0006889,2-HP:0000924"
100,128,HGNC:11411,CDKL5,OMIM:300672,Developmental and epileptic encephalopathy 2,HP:0001417,X-linked other inheritance,X-linked,1,Yes,11/23/2010 0:00:00,Definitive,1,"1-HP:0000252,1-HP:0000252,1-HP:0000252,1-HP:0000707,1-HP:0000707,1-HP:0000707,1-HP:0000708,1-HP:0000708,1-HP:0000708,1-HP:0000708,1-HP:0001249,1-HP:0001249,1-HP:0001249,1-HP:0001249,1-HP:0001250,1-HP:0001250,1-HP:0001250,1-HP:0001250,1-HP:0001999,1-HP:0001999,1-HP:0001999,1-HP:0002187,1-HP:0002187,1-HP:0002187,1-HP:0002270,1-HP:0002270,1-HP:0002270,1-HP:0010864,1-HP:0011024,1-HP:0011024,1-HP:0011024"
101,130,HGNC:17104,CDON,OMIM:614226,Holoprosencephaly 11,HP:0000006,Autosomal dominant inheritance,Autosomal dominant,1,Yes,9/20/2011 0:00:00,Definitive,1,"1-HP:0001249,1-HP:0001256,1-HP:0002011,1-HP:0002342"
102,131,HGNC:17272,CENPJ,OMIM:608393,"Microcephaly 6, primary, autosomal recessive",HP:0000007,Autosomal recessive inheritance,Autosomal recessive,1,Yes,11/23/2010 0:00:00,Definitive,1,"1-HP:0000252,1-HP:0001249,1-HP:0002342,1-HP:0010864,2-HP:0001250"
103,133,HGNC:29086,CEP135,OMIM:614673,"Microcephaly 8, primary, autosomal recessive",HP:0000007,Autosomal recessive inheritance,Autosomal recessive,1,Yes,2/20/2012 0:00:00,Definitive,1,"1-HP:0000252,1-HP:0001249,1-HP:0002342,1-HP:0010864"
104,134,HGNC:29298,CEP152,OMIM:614852,"Microcephaly 9, primary, autosomal recessive",HP:0000007,Autosomal recessive inheritance,Autosomal recessive,1,Yes,6/26/2011 0:00:00,Definitive,1,"1-HP:0000252,1-HP:0000707,1-HP:0000708,1-HP:0001249,1-HP:0001256,1-HP:0002342"
105,135,HGNC:29298,CEP152,OMIM:613823,Seckel syndrome 5,HP:0000007,Autosomal recessive inheritance,Autosomal recessive,1,Yes,6/26/2011 0:00:00,Definitive,1,"1-HP:0000252,1-HP:0000707,1-HP:0000924,1-HP:0001249,1-HP:0001256,1-HP:0001999,1-HP:0002011,1-HP:0002342,1-HP:0004322"
106,136,HGNC:29021,CEP290,OMIM:610188,Joubert syndrome 5,HP:0000007,Autosomal recessive inheritance,Autosomal recessive,1,Yes,11/23/2010 0:00:00,Definitive,1,"1-HP:0000077,1-HP:0000119,1-HP:0000478,1-HP:0000707,1-HP:0001249,1-HP:0001256,1-HP:0002011,1-HP:0002270,1-HP:0002342,2-HP:0040064"
107,137,HGNC:29021,CEP290,OMIM:615991_2,?Bardet-Biedl syndrome 14,HP:0000007,Autosomal recessive inheritance,Autosomal recessive,1,Yes,11/23/2010 0:00:00,Definitive,1,"1-HP:0000077,1-HP:0000119,1-HP:0000478,1-HP:0001249,1-HP:0001256,1-HP:0001513,1-HP:0002011,1-HP:0002270,1-HP:0002342,2-HP:0000707,2-HP:0040064"
108,141,HGNC:12370,CEP41,OMIM:614464,Joubert syndrome 15,HP:0000007,Autosomal recessive inheritance,Autosomal recessive,1,Yes,2/19/2012 0:00:00,Definitive,1,"1-HP:0000707,1-HP:0001249,1-HP:0001256,1-HP:0002011,1-HP:0002270,1-HP:0002342,1-HP:0040064,2-HP:0000478"
109,142,HGNC:13830,CNTNAP2,OMIM:610042,Pitt-Hopkins like syndrome 1,HP:0000007,Autosomal recessive inheritance,Autosomal recessive,1,Yes,11/23/2010 0:00:00,Definitive,1,"1-HP:0000707,1-HP:0000708,1-HP:0000708,1-HP:0001249,1-HP:0001249,1-HP:0001250,1-HP:0001250,1-HP:0001256,1-HP:0002011,1-HP:0002187,1-HP:0002270,1-HP:0002270,1-HP:0002342,1-HP:0002376,1-HP:0002376,1-HP:0010864,1-HP:0010864"
110,144,HGNC:6545,COG1,OMIM:611209,"Congenital disorder of glycosylation, type IIg",HP:0000007,Autosomal recessive inheritance,Autosomal recessive,1,Yes,11/23/2010 0:00:00,Definitive,1,"1-HP:0000252,1-HP:0001249,1-HP:0001256,1-HP:0001627,1-HP:0001939,1-HP:0002011,1-HP:0002342,1-HP:0004322"
111,145,HGNC:18622,COG7,OMIM:608779,"Congenital disorder of glycosylation, type IIe",HP:0000007,Autosomal recessive inheritance,Autosomal recessive,1,Yes,11/23/2010 0:00:00,Definitive,1,"1-HP:0000707,1-HP:0000924,1-HP:0001249,1-HP:0001250,1-HP:0001574,1-HP:0001939,1-HP:0001999,1-HP:0011420"
112,146,HGNC:18623,COG8,OMIM:611182,"Congenital disorder of glycosylation, type IIh",HP:0000007,Autosomal recessive inheritance,Autosomal recessive,1,Yes,11/23/2010 0:00:00,Definitive,1,"1-HP:0000252,1-HP:0000707,1-HP:0001249,1-HP:0001250,1-HP:0001939,1-HP:0002342,1-HP:0010864"
113,147,HGNC:2202,COL4A1,OMIM:618564,"Microangiopathy and leukoencephalopathy, pontine, autosomal dominant",HP:0000006,Autosomal dominant inheritance,Autosomal dominant,1,Yes,11/23/2010 0:00:00,Definitive,1,"1-HP:0000478,1-HP:0000707,1-HP:0001249,1-HP:0001250,1-HP:0002011,1-HP:0011024"
114,150,HGNC:2203,COL4A2,OMIM:614483,Brain small vessel disease 2,HP:0000006,Autosomal dominant inheritance,Autosomal dominant,1,Yes,2/19/2012 0:00:00,Definitive,1,"1-HP:0000707,1-HP:0001249,1-HP:0001250,1-HP:0002011,1-HP:0011024"
115,151,HGNC:17213,COLEC11,OMIM:265050,3MC syndrome 2,HP:0000007,Autosomal recessive inheritance,Autosomal recessive,1,Yes,6/26/2011 0:00:00,Definitive,1,"1-HP:0000077,1-HP:0000118,1-HP:0000119,1-HP:0000202,1-HP:0000365,1-HP:0000478,1-HP:0001249,1-HP:0001256,1-HP:0001999,1-HP:0002342,1-HP:0004322,1-HP:0040064"
116,152,HGNC:25223,COQ2,OMIM:607426,"Coenzyme Q10 deficiency, primary, 1",HP:0000007,Autosomal recessive inheritance,Autosomal recessive,1,Yes,11/23/2010 0:00:00,Definitive,1,"1-HP:0000077,1-HP:0000707,1-HP:0001249,1-HP:0001250,1-HP:0001939,1-HP:0002011,1-HP:0003011,1-HP:0003676,1-HP:0011420,1-HP:0012103"
117,153,HGNC:2260,COX10,OMIM:619046,"Mitochondrial complex IV deficiency, nuclear type 3",HP:0000007,Autosomal recessive inheritance,Autosomal recessive,1,Yes,11/23/2010 0:00:00,Definitive,1,"1-HP:0000707,1-HP:0001249,1-HP:0001250,1-HP:0002011,1-HP:0003011,1-HP:0003676,1-HP:0011420,1-HP:0012103"
118,155,HGNC:2263,COX15,OMIM:615119,"Mitochondrial complex IV deficiency, nuclear type 6",HP:0000007,Autosomal recessive inheritance,Autosomal recessive,1,Yes,11/23/2010 0:00:00,Definitive,1,"1-HP:0000707,1-HP:0001249,1-HP:0001250,1-HP:0001939,1-HP:0002011,1-HP:0003011,1-HP:0003676,1-HP:0011420,1-HP:0012103"
119,156,HGNC:30185,CRBN,OMIM:607417,"Intellectual developmental disorder, autosomal recessive 2",HP:0000007,Autosomal recessive inheritance,Autosomal recessive,1,Yes,11/23/2010 0:00:00,Definitive,1,"1-HP:0000708,1-HP:0001249,1-HP:0001250,1-HP:0001256,1-HP:0002342,1-HP:0010864"
120,157,HGNC:2348,CREBBP,OMIM:180849,Rubinstein-Taybi syndrome 1,HP:0000006,Autosomal dominant inheritance,Autosomal dominant,1,Yes,11/23/2010 0:00:00,Definitive,1,"1-HP:0000077,1-HP:0000077,1-HP:0000077,1-HP:0000119,1-HP:0000119,1-HP:0000119,1-HP:0000252,1-HP:0000478,1-HP:0000478,1-HP:0000478,1-HP:0000708,1-HP:0000924,1-HP:0001249,1-HP:0001249,1-HP:0001249,1-HP:0001250,1-HP:0001256,1-HP:0001513,1-HP:0001574,1-HP:0001627,1-HP:0001627,1-HP:0001627,1-HP:0001999,1-HP:0001999,1-HP:0001999,1-HP:0002342,1-HP:0002342,1-HP:0002342,1-HP:0004322,1-HP:0004322,1-HP:0004322,1-HP:0010864,1-HP:0011024,1-HP:0040064,1-HP:0040064,1-HP:0040064"
121,158,HGNC:2498,CTDP1,OMIM:604168,"Congenital cataracts, facial dysmorphism, and neuropathy",HP:0000007,Autosomal recessive inheritance,Autosomal recessive,1,Yes,11/23/2010 0:00:00,Definitive,1,"1-HP:0000365,1-HP:0000478,1-HP:0000707,1-HP:0000818,1-HP:0000924,1-HP:0001249,1-HP:0001256,1-HP:0001999,1-HP:0002011,1-HP:0002342,1-HP:0003011,1-HP:0003676,1-HP:0004322"
122,159,HGNC:2514,CTNNB1,OMIM:615075,Neurodevelopmental disorder with spastic diplegia and visual defects,HP:0000006,Autosomal dominant inheritance,Autosomal dominant,1,Yes,2/20/2012 0:00:00,Definitive,1,"1-HP:0000252,1-HP:0000478,1-HP:0000707,1-HP:0000707,1-HP:0000708,1-HP:0000708,1-HP:0001249,1-HP:0001249,1-HP:0001250,1-HP:0001256,1-HP:0001256,1-HP:0001999,1-HP:0001999,1-HP:0002011,1-HP:0002187,1-HP:0002342,1-HP:0004322,1-HP:0004322,1-HP:0006889,1-HP:0010864"
123,160,HGNC:2555,CUL4B,OMIM:300354,"Intellectual developmental disorder, X-linked syndromic, Cabezas type",HP:0001419,X-linked recessive inheritance,X-linked,1,Yes,11/23/2010 0:00:00,Definitive,1,"1-HP:0000707,1-HP:0000708,1-HP:0000818,1-HP:0001249,1-HP:0001256,1-HP:0001513,1-HP:0002011,1-HP:0002342,1-HP:0004322"
124,161,HGNC:2873,CYB5R3,OMIM:250800_2,"Methemoglobinemia, type II",HP:0000007,Autosomal recessive inheritance,Autosomal recessive,1,Yes,11/23/2010 0:00:00,Definitive,1,"1-HP:0000252,1-HP:0000252,1-HP:0000478,1-HP:0000707,1-HP:0000707,1-HP:0001249,1-HP:0001249,1-HP:0001250,1-HP:0001250,1-HP:0001939,1-HP:0001939,1-HP:0002011,1-HP:0003676,1-HP:0004322,1-HP:0010864,1-HP:0011420,2-HP:0011420"
125,162,HGNC:28358,D2HGDH,OMIM:600721,D-2-hydroxyglutaric aciduria,HP:0000007,Autosomal recessive inheritance,Autosomal recessive,1,Yes,11/23/2010 0:00:00,Definitive,1,"1-HP:0000707,1-HP:0001249,1-HP:0001250,1-HP:0001256,1-HP:0001939,1-HP:0001999,1-HP:0002342,2-HP:0002011,2-HP:0003011"
126,164,HGNC:2698,DBT,MONDO:0700096_1,human disease,HP:0000007,Autosomal recessive inheritance,Autosomal recessive,1,Yes,11/23/2010 0:00:00,Definitive,1,"1-HP:0000707,1-HP:0000707,1-HP:0001249,1-HP:0001249,1-HP:0001939,1-HP:0001939,1-HP:0011420,1-HP:0012103,2-HP:0011420"
127,165,HGNC:2714,DCX,OMIM:300067_1,"Lissencephaly, X-linked",HP:0001417,X-linked other inheritance,X-linked,1,Yes,11/23/2010 0:00:00,Definitive,1,"1-HP:0000252,1-HP:0000708,1-HP:0000708,1-HP:0001249,1-HP:0001249,1-HP:0001250,1-HP:0001250,1-HP:0001256,1-HP:0001256,1-HP:0002011,1-HP:0002187,1-HP:0002342,1-HP:0002342,1-HP:0006889,1-HP:0010864,1-HP:0010864,1-HP:0011420"
128,166,HGNC:29106,DDHD2,OMIM:615033,"Spastic paraplegia 54, autosomal recessive",HP:0000007,Autosomal recessive inheritance,Autosomal recessive,1,Yes,2/20/2012 0:00:00,Definitive,1,"1-HP:0000707,1-HP:0000707,1-HP:0001249,1-HP:0001249,1-HP:0001256,1-HP:0001256,1-HP:0002011,1-HP:0002011,1-HP:0002342,1-HP:0002342,1-HP:0010864"
129,167,HGNC:14677,DEAF1,OMIM:615828,Vulto-van Silfout-de Vries syndrome,HP:0000006,Autosomal dominant inheritance,Autosomal dominant,1,Yes,2/20/2012 0:00:00,Definitive,1,"1-HP:0000256,1-HP:0000256,1-HP:0000707,1-HP:0000707,1-HP:0000707,1-HP:0000708,1-HP:0000708,1-HP:0000708,1-HP:0001249,1-HP:0001249,1-HP:0001249,1-HP:0001250,1-HP:0001250,1-HP:0001250,1-HP:0001256,1-HP:0001256,1-HP:0002011,1-HP:0002011,1-HP:0002011,1-HP:0002270,1-HP:0002270,1-HP:0002270,1-HP:0002376,1-HP:0002376,1-HP:0002715,1-HP:0002715,1-HP:0003676,1-HP:0003676,1-HP:0011024,1-HP:0011024"
130,168,HGNC:2859,DHCR24,OMIM:602398,Desmosterolosis,HP:0000007,Autosomal recessive inheritance,Autosomal recessive,1,Yes,11/23/2010 0:00:00,Definitive,1,"1-HP:0000119,1-HP:0000202,1-HP:0000202,1-HP:0000924,1-HP:0001249,1-HP:0001249,1-HP:0001627,1-HP:0001939,1-HP:0001939,1-HP:0001999,1-HP:0002011,1-HP:0002187,1-HP:0004322"
131,169,HGNC:2860,DHCR7,OMIM:270400,Smith-Lemli-Opitz syndrome,HP:0000007,Autosomal recessive inheritance,Autosomal recessive,1,Yes,11/23/2010 0:00:00,Definitive,1,"1-HP:0000119,1-HP:0000119,1-HP:0000202,1-HP:0000202,1-HP:0000252,1-HP:0000252,1-HP:0000708,1-HP:0000708,1-HP:0001249,1-HP:0001249,1-HP:0001627,1-HP:0001627,1-HP:0001939,1-HP:0001939,1-HP:0001999,1-HP:0001999,1-HP:0002342,1-HP:0002342,1-HP:0004322,1-HP:0004322,1-HP:0010864,1-HP:0010864,1-HP:0040064,1-HP:0040064"
132,170,HGNC:2861,DHFR,OMIM:613839,Megaloblastic anemia due to dihydrofolate reductase deficiency,HP:0000007,Autosomal recessive inheritance,Autosomal recessive,1,Yes,10/24/2011 0:00:00,Definitive,1,"1-HP:0000707,1-HP:0001249,1-HP:0001249,1-HP:0001250,1-HP:0001250,1-HP:0001256,1-HP:0001256,1-HP:0001871,1-HP:0001871,1-HP:0002011,1-HP:0002342,1-HP:0002342,1-HP:0006889,1-HP:0010864,2-HP:0000252,2-HP:0000252,2-HP:0002011"
133,171,HGNC:23537,DHTKD1,OMIM:204750,Alpha-aminoadipic and alpha-ketoadipic aciduria,HP:0000007,Autosomal recessive inheritance,Autosomal recessive,1,Yes,2/20/2012 0:00:00,Definitive,1,"1-HP:0000707,1-HP:0000708,1-HP:0001249,1-HP:0001249,1-HP:0001256,1-HP:0001939,1-HP:0001939,1-HP:0002342,1-HP:0010864,4-HP:0001256,4-HP:0001256"
134,175,HGNC:2890,DKC1,OMIM:305000,"Dyskeratosis congenita, X-linked",HP:0001419,X-linked recessive inheritance,X-linked,1,Yes,11/23/2010 0:00:00,Definitive,1,"1-HP:0000119,1-HP:0000252,1-HP:0000707,1-HP:0000924,1-HP:0001249,1-HP:0001249,1-HP:0001574,1-HP:0001574,1-HP:0001871,1-HP:0001871,1-HP:0001939,1-HP:0002011,1-HP:0002664,1-HP:0002664,1-HP:0002715,1-HP:0002715,1-HP:0011024,1-HP:0011420"
135,176,HGNC:2898,DLD,OMIM:246900,Dihydrolipoamide dehydrogenase deficiency,HP:0000007,Autosomal recessive inheritance,Autosomal recessive,1,Yes,11/23/2010 0:00:00,Definitive,1,"1-HP:0000252,1-HP:0000478,1-HP:0000707,1-HP:0000707,1-HP:0001249,1-HP:0001249,1-HP:0001250,1-HP:0001256,1-HP:0001627,1-HP:0001939,1-HP:0001939,1-HP:0002342,1-HP:0011420,2-HP:0011420,2-HP:0011420"
136,177,HGNC:2902,DLG3,OMIM:300850,"Intellectual developmental disorder, X-linked 90",HP:0001417,X-linked other inheritance,X-linked,1,Yes,11/23/2010 0:00:00,Definitive,1,"1-HP:0000708,1-HP:0001249,1-HP:0001249,1-HP:0001250,1-HP:0001256,1-HP:0001256,1-HP:0002342,1-HP:0002342,1-HP:0002342,1-HP:0006889,1-HP:0010864,1-HP:0010864,1-HP:0010864"
137,178,HGNC:2928,DMD,OMIM:310200,Duchenne muscular dystrophy,HP:0001419,X-linked recessive inheritance,X-linked,1,Yes,11/23/2010 0:00:00,Definitive,1,"1-HP:0001249,1-HP:0001249,1-HP:0003011,1-HP:0003011,1-HP:0011420,1-HP:0011420"
138,181,HGNC:2933,DMPK,OMIM:160900,Myotonic dystrophy 1,HP:0000006,Autosomal dominant inheritance,Autosomal dominant,1,Yes,11/23/2010 0:00:00,Definitive,1,"1-HP:0000478,1-HP:0000478,1-HP:0001249,1-HP:0001249,1-HP:0003011,1-HP:0003011,1-HP:0003676,1-HP:0011420,2-HP:0011420,2-HP:0011420"
139,182,HGNC:30528,DNAJC19,OMIM:610198,"3-methylglutaconic aciduria, type V",HP:0000007,Autosomal recessive inheritance,Autosomal recessive,1,Yes,11/23/2010 0:00:00,Definitive,1,"1-HP:0000119,1-HP:0000119,1-HP:0000707,1-HP:0000707,1-HP:0001249,1-HP:0001249,1-HP:0001256,1-HP:0001256,1-HP:0001627,1-HP:0001871,1-HP:0001871,1-HP:0001939,1-HP:0001939,1-HP:0003011,1-HP:0004322,1-HP:0006889,1-HP:0011420"
140,183,HGNC:2979,DNMT3B,OMIM:242860,Immunodeficiency-centromeric instability-facial anomalies syndrome 1,HP:0000007,Autosomal recessive inheritance,Autosomal recessive,1,Yes,11/23/2010 0:00:00,Definitive,1,"1-HP:0001249,1-HP:0001249,1-HP:0001256,1-HP:0001256,1-HP:0001999,1-HP:0001999,1-HP:0002342,1-HP:0002342,1-HP:0002715,1-HP:0002715"
141,184,HGNC:2995,DPAGT1,OMIM:608093,"Congenital disorder of glycosylation, type Ij",HP:0000007,Autosomal recessive inheritance,Autosomal recessive,1,Yes,11/23/2010 0:00:00,Definitive,1,"1-HP:0000252,1-HP:0000252,1-HP:0000478,1-HP:0000707,1-HP:0000707,1-HP:0000708,1-HP:0000924,1-HP:0001249,1-HP:0001249,1-HP:0001250,1-HP:0001250,1-HP:0001256,1-HP:0001939,1-HP:0001999,1-HP:0002011,1-HP:0002342,1-HP:0011420,1-HP:0040064"
142,186,HGNC:3005,DPM1,OMIM:608799,"Congenital disorder of glycosylation, type Ie",HP:0000007,Autosomal recessive inheritance,Autosomal recessive,1,Yes,11/23/2010 0:00:00,Definitive,1,"1-HP:0000252,1-HP:0000252,1-HP:0000252,1-HP:0000707,1-HP:0000707,1-HP:0000707,1-HP:0000924,1-HP:0001249,1-HP:0001249,1-HP:0001250,1-HP:0001250,1-HP:0001250,1-HP:0001256,1-HP:0001256,1-HP:0001871,1-HP:0001939,1-HP:0001939,1-HP:0001939,1-HP:0001999,1-HP:0002011,1-HP:0002011,1-HP:0002342,1-HP:0002342,1-HP:0040064,2-HP:0011024"
143,187,HGNC:3012,DPYD,OMIM:274270_2,Dihydropyrimidine dehydrogenase deficiency,HP:0000007,Autosomal recessive inheritance,Autosomal recessive,1,Yes,11/23/2010 0:00:00,Definitive,1,"1-HP:0000252,1-HP:0000478,1-HP:0000707,1-HP:0000707,1-HP:0000708,1-HP:0001249,1-HP:0001249,1-HP:0001250,1-HP:0001250,1-HP:0001256,1-HP:0001939,1-HP:0001939,1-HP:0002011,1-HP:0002342"
144,188,HGNC:21317,DYM,OMIM:223800,Dyggve-Melchior-Clausen disease,HP:0000007,Autosomal recessive inheritance,Autosomal recessive,1,Yes,11/23/2010 0:00:00,Definitive,1,"1-HP:0000252,1-HP:0000252,1-HP:0000924,1-HP:0000924,1-HP:0001249,1-HP:0001256,1-HP:0001256,1-HP:0002342,1-HP:0002342,1-HP:0004322,1-HP:0004322,1-HP:0010864"
145,190,HGNC:2961,DYNC1H1,OMIM:614563,"Cortical dysplasia, complex, with other brain malformations 13",HP:0000006,Autosomal dominant inheritance,Autosomal dominant,1,Yes,3/8/2012 0:00:00,Definitive,1,"1-HP:0000707,1-HP:0000707,1-HP:0000707,1-HP:0000707,1-HP:0000707,1-HP:0001249,1-HP:0001249,1-HP:0001249,1-HP:0001249,1-HP:0001249,1-HP:0001250,1-HP:0001250,1-HP:0001250,1-HP:0001250,1-HP:0001256,1-HP:0001256,1-HP:0001256,1-HP:0001256,1-HP:0001999,1-HP:0001999,1-HP:0001999,1-HP:0001999,1-HP:0002011,1-HP:0002011,1-HP:0002011,1-HP:0002011,1-HP:0002011,1-HP:0002342,1-HP:0002342,1-HP:0002342,1-HP:0002342,1-HP:0006889,1-HP:0006889,1-HP:0006889,1-HP:0006889,1-HP:0010864,1-HP:0010864,1-HP:0010864,1-HP:0010864,1-HP:0010864,3-HP:0000478,3-HP:0000478,3-HP:0000478,3-HP:0000478,3-HP:0000708,3-HP:0000708,3-HP:0000708,3-HP:0000708,4-HP:0000252,4-HP:0000252,4-HP:0000252,4-HP:0000252,4-HP:0002376,4-HP:0002376,4-HP:0002376,4-HP:0002376"
146,193,HGNC:3091,DYRK1A,OMIM:614104,"Intellectual developmental disorder, autosomal dominant 7",HP:0000006,Autosomal dominant inheritance,Autosomal dominant,1,Yes,2/20/2012 0:00:00,Definitive,1,"1-HP:0000077,1-HP:0000119,1-HP:0000119,1-HP:0000119,1-HP:0000252,1-HP:0000252,1-HP:0000252,1-HP:0000708,1-HP:0000708,1-HP:0000708,1-HP:0001249,1-HP:0001249,1-HP:0001250,1-HP:0001250,1-HP:0001250,1-HP:0001574,1-HP:0001999,1-HP:0001999,1-HP:0002342,1-HP:0002342,1-HP:0002342,1-HP:0004322,1-HP:0004322,1-HP:0004322,1-HP:0010864,1-HP:0010864,1-HP:0010864"
147,194,HGNC:30858,EFTUD2,OMIM:610536,"Mandibulofacial dysostosis, Guion-Almeida type",HP:0000006,Autosomal dominant inheritance,Autosomal dominant,1,Yes,2/19/2012 0:00:00,Definitive,1,"1-HP:0000118,1-HP:0000118,1-HP:0000202,1-HP:0000202,1-HP:0000252,1-HP:0000252,1-HP:0001249,1-HP:0001256,1-HP:0001256,1-HP:0001627,1-HP:0001627,1-HP:0001999,1-HP:0002342,1-HP:0002342,1-HP:0010864,2-HP:0001250,4-HP:0001250"
148,195,HGNC:24650,EHMT1,OMIM:610253,Kleefstra syndrome 1,HP:0000006,Autosomal dominant inheritance,Autosomal dominant,1,Yes,11/23/2010 0:00:00,Definitive,1,"1-HP:0000077,1-HP:0000077,1-HP:0000077,1-HP:0000077,1-HP:0000119,1-HP:0000119,1-HP:0000119,1-HP:0000119,1-HP:0000252,1-HP:0000252,1-HP:0000252,1-HP:0000478,1-HP:0000478,1-HP:0000478,1-HP:0000707,1-HP:0000707,1-HP:0000707,1-HP:0000707,1-HP:0000708,1-HP:0000708,1-HP:0000708,1-HP:0000708,1-HP:0001249,1-HP:0001249,1-HP:0001249,1-HP:0001249,1-HP:0001250,1-HP:0001250,1-HP:0001250,1-HP:0001250,1-HP:0001256,1-HP:0001256,1-HP:0001256,1-HP:0001513,1-HP:0001513,1-HP:0001513,1-HP:0001627,1-HP:0001627,1-HP:0001627,1-HP:0001627,1-HP:0001999,1-HP:0001999,1-HP:0001999,1-HP:0001999,1-HP:0002011,1-HP:0002011,1-HP:0002011,1-HP:0002187,1-HP:0002187,1-HP:0002342,1-HP:0002342,1-HP:0002342,1-HP:0002342,1-HP:0002715,1-HP:0002715,1-HP:0002715,1-HP:0002715,1-HP:0006889,1-HP:0006889,1-HP:0010864,1-HP:0010864,1-HP:0010864,1-HP:0010864,2-HP:0002376,2-HP:0002376,3-HP:0000365,3-HP:0000365,3-HP:0000365"
149,196,HGNC:3255,EIF2AK3,OMIM:226980,Wolcott-Rallison syndrome,HP:0000007,Autosomal recessive inheritance,Autosomal recessive,1,Yes,11/23/2010 0:00:00,Definitive,1,"1-HP:0000818,1-HP:0000924,1-HP:0001249,1-HP:0004322,1-HP:0011420"
150,197,HGNC:14415,ELOVL4,OMIM:614457,"Ichthyosis, spastic quadriplegia, and impaired intellectual development",HP:0000007,Autosomal recessive inheritance,Autosomal recessive,1,Yes,2/19/2012 0:00:00,Definitive,1,"1-HP:0000707,1-HP:0001249,1-HP:0001250,1-HP:0001574,1-HP:0002342,1-HP:0010864"
151,199,HGNC:3341,EMX2,MONDO:0700096_1,human disease,HP:0000006,Autosomal dominant inheritance,Autosomal dominant,1,Yes,11/23/2010 0:00:00,Definitive,1,"1-HP:0000707,1-HP:0001249,1-HP:0001250,1-HP:0001256,1-HP:0002011,1-HP:0002342"
152,200,HGNC:3373,EP300,OMIM:613684,Rubinstein-Taybi syndrome 2,HP:0000006,Autosomal dominant inheritance,Autosomal dominant,1,Yes,11/23/2010 0:00:00,Definitive,1,"1-HP:0000077,1-HP:0000077,1-HP:0000077,1-HP:0000119,1-HP:0000119,1-HP:0000252,1-HP:0000478,1-HP:0000708,1-HP:0000708,1-HP:0000924,1-HP:0000924,1-HP:0001249,1-HP:0001249,1-HP:0001249,1-HP:0001256,1-HP:0001256,1-HP:0001513,1-HP:0001513,1-HP:0001574,1-HP:0001574,1-HP:0001627,1-HP:0001627,1-HP:0001999,1-HP:0001999,1-HP:0001999,1-HP:0002342,1-HP:0002342,1-HP:0004322,1-HP:0004322,1-HP:0004322,1-HP:0006889,1-HP:0006889,1-HP:0010864,1-HP:0010864,1-HP:0010864,1-HP:0011024,1-HP:0011024,1-HP:0040064,1-HP:0040064,2-HP:0000119,2-HP:0000119,2-HP:0000119,2-HP:0000478,2-HP:0000478,2-HP:0000478,2-HP:0001250,2-HP:0001250,2-HP:0001513,2-HP:0001513,2-HP:0001513,2-HP:0001627,2-HP:0001627,2-HP:0001627,2-HP:0040064,2-HP:0040064,2-HP:0040064"
153,201,HGNC:29331,EPG5,OMIM:242840,Vici syndrome,HP:0000007,Autosomal recessive inheritance,Autosomal recessive,1,Yes,2/20/2012 0:00:00,Definitive,1,"1-HP:0000252,1-HP:0000365,1-HP:0000478,1-HP:0000478,1-HP:0000707,1-HP:0001249,1-HP:0001249,1-HP:0001250,1-HP:0001250,1-HP:0001574,1-HP:0001574,1-HP:0001627,1-HP:0001627,1-HP:0001871,1-HP:0002011,1-HP:0002011,1-HP:0002342,1-HP:0002342,1-HP:0002715,1-HP:0002715,1-HP:0003011,1-HP:0003011,1-HP:0010864,1-HP:0010864,2-HP:0011420,2-HP:0011420"
154,202,HGNC:3434,ERCC2,OMIM:278730,"Xeroderma pigmentosum, group D",HP:0000007,Autosomal recessive inheritance,Autosomal recessive,1,Yes,11/23/2010 0:00:00,Definitive,1,"1-HP:0000252,1-HP:0000365,1-HP:0000478,1-HP:0000707,1-HP:0001249,1-HP:0001574,1-HP:0002376,1-HP:0002664,1-HP:0003676"
155,204,HGNC:3434,ERCC2,OMIM:601675,"Trichothiodystrophy 1, photosensitive",HP:0000007,Autosomal recessive inheritance,Autosomal recessive,1,Yes,11/23/2010 0:00:00,Definitive,1,"1-HP:0000252,1-HP:0000478,1-HP:0000707,1-HP:0001249,1-HP:0001256,1-HP:0001574,1-HP:0002342,1-HP:0002664,1-HP:0003676"
156,205,HGNC:3435,ERCC3,OMIM:610651,"Xeroderma pigmentosum, group B",HP:0000007,Autosomal recessive inheritance,Autosomal recessive,1,Yes,11/23/2010 0:00:00,Definitive,1,"1-HP:0000252,1-HP:0000365,1-HP:0000478,1-HP:0000707,1-HP:0001249,1-HP:0001574,1-HP:0002376,1-HP:0002664,1-HP:0003676"
157,206,HGNC:3435,ERCC3,OMIM:616390,"Trichothiodystrophy 2, photosensitive",HP:0000007,Autosomal recessive inheritance,Autosomal recessive,1,Yes,11/23/2010 0:00:00,Definitive,1,"1-HP:0000252,1-HP:0000478,1-HP:0000707,1-HP:0001249,1-HP:0001256,1-HP:0001574,1-HP:0002342,1-HP:0002664,1-HP:0003676"
158,207,HGNC:3437,ERCC5,OMIM:278780_1,"Xeroderma pigmentosum, group G",HP:0000007,Autosomal recessive inheritance,Autosomal recessive,1,Yes,11/23/2010 0:00:00,Definitive,1,"1-HP:0000252,1-HP:0000365,1-HP:0000478,1-HP:0000707,1-HP:0001249,1-HP:0001574,1-HP:0002376,1-HP:0002664,1-HP:0003676"
159,208,HGNC:3438,ERCC6,OMIM:133540,"Cockayne syndrome, type B",HP:0000007,Autosomal recessive inheritance,Autosomal recessive,1,Yes,11/23/2010 0:00:00,Definitive,1,"1-HP:0000478,1-HP:0000707,1-HP:0001249,1-HP:0001256,1-HP:0001574,1-HP:0002011,1-HP:0002342,1-HP:0003676,1-HP:0004322,1-HP:0011420"
160,210,HGNC:3438,ERCC6,OMIM:214150,Cerebrooculofacioskeletal syndrome 1,HP:0000007,Autosomal recessive inheritance,Autosomal recessive,1,Yes,11/23/2010 0:00:00,Definitive,1,"1-HP:0000478,1-HP:0000707,1-HP:0001249,1-HP:0001574,1-HP:0001999,1-HP:0002011,1-HP:0003676,1-HP:0004322,1-HP:0011420,3-HP:0010864"
161,212,HGNC:3439,ERCC8,OMIM:216400,"Cockayne syndrome, type A",HP:0000007,Autosomal recessive inheritance,Autosomal recessive,1,Yes,11/23/2010 0:00:00,Definitive,1,"1-HP:0000478,1-HP:0000707,1-HP:0001249,1-HP:0001256,1-HP:0001574,1-HP:0002011,1-HP:0002342,1-HP:0003676,1-HP:0004322,1-HP:0011420"
162,214,HGNC:1356,ERLIN2,OMIM:611225,"Spastic paraplegia 18B, autosomal recessive",HP:0000007,Autosomal recessive inheritance,Autosomal recessive,1,Yes,10/24/2011 0:00:00,Definitive,1,"1-HP:0000707,1-HP:0000924,1-HP:0001249,1-HP:0001250,1-HP:0003676,1-HP:0010864"
163,216,HGNC:27230,ESCO2,OMIM:268300,Roberts-SC phocomelia syndrome,HP:0000007,Autosomal recessive inheritance,Autosomal recessive,1,Yes,11/23/2010 0:00:00,Definitive,1,"1-HP:0000202,1-HP:0001249,1-HP:0001256,1-HP:0002342,1-HP:0004322,1-HP:0011420,1-HP:0040064"
164,217,HGNC:23287,ETHE1,OMIM:602473,Ethylmalonic encephalopathy,HP:0000007,Autosomal recessive inheritance,Autosomal recessive,1,Yes,11/23/2010 0:00:00,Definitive,1,"1-HP:0000707,1-HP:0001249,1-HP:0001939,1-HP:0002342,1-HP:0003676,1-HP:0010864,1-HP:0011420,2-HP:0001574,2-HP:0002270"
165,218,HGNC:3585,FANCD2,OMIM:227646,"Fanconi anemia, complementation group D2",HP:0000007,Autosomal recessive inheritance,Autosomal recessive,1,Yes,11/23/2010 0:00:00,Definitive,1,"1-HP:0000077,1-HP:0000365,1-HP:0000708,1-HP:0001249,1-HP:0001871,1-HP:0002664,1-HP:0004322,1-HP:0011024,1-HP:0011420,1-HP:0040064"
166,219,HGNC:3663,FGD1,OMIM:305400_1,Aarskog-Scott syndrome,HP:0001417,X-linked other inheritance,X-linked,1,Yes,11/23/2010 0:00:00,Definitive,1,"1-HP:0000119,1-HP:0000119,1-HP:0000478,1-HP:0000708,1-HP:0000708,1-HP:0000924,1-HP:0001249,1-HP:0001249,1-HP:0001256,1-HP:0001256,1-HP:0001999,1-HP:0001999,1-HP:0004322,1-HP:0004322,1-HP:0006889,1-HP:0040064,2-HP:0000818"
167,220,HGNC:3689,FGFR2,OMIM:101200,Apert syndrome,HP:0000006,Autosomal dominant inheritance,Autosomal dominant,1,Yes,11/23/2010 0:00:00,Definitive,1,"1-HP:0000365,1-HP:0000365,1-HP:0000478,1-HP:0000478,1-HP:0000924,1-HP:0000924,1-HP:0000924,1-HP:0001249,1-HP:0001249,1-HP:0001249,1-HP:0001256,1-HP:0001256,1-HP:0001256,1-HP:0001999,1-HP:0001999,1-HP:0002011,1-HP:0002011,1-HP:0002342,1-HP:0002342,1-HP:0002342,1-HP:0006889,1-HP:0006889,1-HP:0011024,1-HP:0011024,1-HP:0040064,1-HP:0040064,1-HP:0040064,2-HP:0000119,2-HP:0000119,2-HP:0001627,2-HP:0001627,3-HP:0001249,3-HP:0001249"
168,221,HGNC:3689,FGFR2,OMIM:123790,Beare-Stevenson cutis gyrata syndrome,HP:0000006,Autosomal dominant inheritance,Autosomal dominant,1,Yes,11/23/2010 0:00:00,Definitive,1,"1-HP:0000119,1-HP:0000119,1-HP:0000202,1-HP:0000365,1-HP:0000924,1-HP:0000924,1-HP:0001249,1-HP:0001249,1-HP:0001256,1-HP:0001574,1-HP:0001574,1-HP:0001999,1-HP:0002011,1-HP:0002342,1-HP:0011420,1-HP:0040064,3-HP:0011024"
169,222,HGNC:3689,FGFR2,OMIM:101600_3,Pfeiffer syndrome,HP:0000006,Autosomal dominant inheritance,Autosomal dominant,1,Yes,11/23/2010 0:00:00,Definitive,1,"1-HP:0000202,1-HP:0000365,1-HP:0000924,1-HP:0001249,1-HP:0001250,1-HP:0001256,1-HP:0001999,1-HP:0002011,1-HP:0002187,1-HP:0002342,1-HP:0006889,1-HP:0010864,1-HP:0011420,1-HP:0040064"
170,230,HGNC:3690,FGFR3,OMIM:602849,Muenke syndrome,HP:0000006,Autosomal dominant inheritance,Autosomal dominant,1,Yes,11/23/2010 0:00:00,Definitive,1,"1-HP:0000202,1-HP:0000256,1-HP:0000365,1-HP:0000365,1-HP:0000478,1-HP:0000708,1-HP:0000924,1-HP:0000924,1-HP:0001249,1-HP:0001249,1-HP:0001250,1-HP:0001256,1-HP:0001999,1-HP:0002011,1-HP:0006889,1-HP:0040064,1-HP:0040064"
171,238,HGNC:3700,FH,OMIM:606812,Fumarase deficiency,HP:0000007,Autosomal recessive inheritance,Autosomal recessive,1,Yes,11/23/2010 0:00:00,Definitive,1,"1-HP:0000252,1-HP:0000252,1-HP:0000256,1-HP:0000707,1-HP:0000707,1-HP:0000708,1-HP:0000708,1-HP:0001249,1-HP:0001249,1-HP:0001250,1-HP:0001250,1-HP:0001256,1-HP:0001871,1-HP:0001939,1-HP:0001939,1-HP:0001999,1-HP:0002011,1-HP:0002011,1-HP:0002342,1-HP:0002342,1-HP:0002715,1-HP:0003676,1-HP:0003676,1-HP:0006889,1-HP:0010864,1-HP:0011420,1-HP:0011420"
172,240,HGNC:17997,FKRP,OMIM:606612,"Muscular dystrophy-dystroglycanopathy (congenital with or without impaired intellectual development), type B, 5",HP:0000007,Autosomal recessive inheritance,Autosomal recessive,1,Yes,11/23/2010 0:00:00,Definitive,1,"1-HP:0000478,1-HP:0000478,1-HP:0000478,1-HP:0001249,1-HP:0001249,1-HP:0001249,1-HP:0001256,1-HP:0002011,1-HP:0002011,1-HP:0002011,1-HP:0002342,1-HP:0002342,1-HP:0002342,1-HP:0003011,1-HP:0003011,1-HP:0003011,1-HP:0006889,1-HP:0010864,1-HP:0010864,1-HP:0010864,2-HP:0011420,2-HP:0011420,2-HP:0011420"
173,241,HGNC:17997,FKRP,OMIM:613153,"Muscular dystrophy-dystroglycanopathy (congenital with brain and eye anomalies), type A, 5",HP:0000007,Autosomal recessive inheritance,Autosomal recessive,1,Yes,11/23/2010 0:00:00,Definitive,1,"1-HP:0000252,1-HP:0000256,1-HP:0000478,1-HP:0000478,1-HP:0001249,1-HP:0001249,1-HP:0001250,1-HP:0002011,1-HP:0002011,1-HP:0002187,1-HP:0002342,1-HP:0002342,1-HP:0003011,1-HP:0003011,1-HP:0010864,1-HP:0010864,2-HP:0011420,3-HP:0011420"
174,243,HGNC:3622,FKTN,OMIM:253800,"Muscular dystrophy-dystroglycanopathy (congenital with brain and eye anomalies), type A, 4",HP:0000007,Autosomal recessive inheritance,Autosomal recessive,1,Yes,11/23/2010 0:00:00,Definitive,1,"1-HP:0000478,1-HP:0000478,1-HP:0000707,1-HP:0000707,1-HP:0001249,1-HP:0001249,1-HP:0001250,1-HP:0001256,1-HP:0001999,1-HP:0002011,1-HP:0002011,1-HP:0002187,1-HP:0002342,1-HP:0002342,1-HP:0003011,1-HP:0003011,1-HP:0010864,1-HP:0011420"
175,247,HGNC:3754,FLNA,OMIM:300049,"Heterotopia, periventricular, 1",HP:0001423,X-linked dominant inheritance,X-linked,1,Yes,11/23/2010 0:00:00,Definitive,1,"1-HP:0001249,1-HP:0001249,1-HP:0001250,1-HP:0001250,1-HP:0001256,1-HP:0001256,1-HP:0002011,1-HP:0002011,1-HP:0002342,1-HP:0002342,1-HP:0011420"
176,249,HGNC:3754,FLNA,OMIM:304120,"Otopalatodigital syndrome, type II",HP:0001417,X-linked other inheritance,X-linked,1,Yes,11/23/2010 0:00:00,Definitive,1,"1-HP:0000118,1-HP:0000118,1-HP:0000119,1-HP:0000119,1-HP:0000202,1-HP:0000365,1-HP:0000924,1-HP:0000924,1-HP:0001249,1-HP:0001249,1-HP:0001627,1-HP:0001627,1-HP:0001999,1-HP:0001999,1-HP:0002342,1-HP:0004322,1-HP:0010864,1-HP:0011420,1-HP:0011420,1-HP:0040064,1-HP:0040064,2-HP:0002011,2-HP:0002011"
177,257,HGNC:3775,FMR1,OMIM:300624,Fragile X syndrome,HP:0001417,X-linked other inheritance,X-linked,1,Yes,11/23/2010 0:00:00,Definitive,1,"1-HP:0000119,1-HP:0000256,1-HP:0000478,1-HP:0000708,1-HP:0000708,1-HP:0000924,1-HP:0001249,1-HP:0001249,1-HP:0001250,1-HP:0001627,1-HP:0001999,1-HP:0002342,1-HP:0003011,1-HP:0010864,1-HP:0011024,3-HP:0001249"
178,260,HGNC:3811,FOXG1,OMIM:613454,"Rett syndrome, congenital variant",HP:0000006,Autosomal dominant inheritance,Autosomal dominant,1,Yes,11/23/2010 0:00:00,Definitive,1,"1-HP:0000252,1-HP:0000252,1-HP:0000252,1-HP:0000252,1-HP:0000708,1-HP:0000708,1-HP:0000708,1-HP:0000708,1-HP:0000924,1-HP:0000924,1-HP:0000924,1-HP:0001249,1-HP:0001249,1-HP:0001249,1-HP:0001249,1-HP:0001250,1-HP:0001250,1-HP:0001250,1-HP:0001250,1-HP:0002011,1-HP:0002011,1-HP:0002011,1-HP:0002011,1-HP:0002376,1-HP:0002376,1-HP:0002376,1-HP:0003011,1-HP:0003011,1-HP:0003011,1-HP:0010864,1-HP:0010864,1-HP:0010864,1-HP:0010864"
179,261,HGNC:3823,FOXP1,OMIM:613670,Intellectual developmental disorder with language impairment with or without autistic features,HP:0000006,Autosomal dominant inheritance,Autosomal dominant,1,Yes,11/23/2010 0:00:00,Definitive,1,"1-HP:0000119,1-HP:0000119,1-HP:0000256,1-HP:0000365,1-HP:0000478,1-HP:0000478,1-HP:0000707,1-HP:0000708,1-HP:0000708,1-HP:0000708,1-HP:0000924,1-HP:0000924,1-HP:0001249,1-HP:0001249,1-HP:0001249,1-HP:0001250,1-HP:0001256,1-HP:0001256,1-HP:0001627,1-HP:0001627,1-HP:0001999,1-HP:0001999,1-HP:0002011,1-HP:0002011,1-HP:0002342,1-HP:0002342,1-HP:0003011,1-HP:0004322,1-HP:0006889,1-HP:0010864,1-HP:0040064,2-HP:0000365,2-HP:0001250"
180,264,HGNC:13254,FTSJ1,OMIM:309549,"Intellectual developmental disorder, X-linked 9",HP:0001419,X-linked recessive inheritance,X-linked,1,Yes,11/23/2010 0:00:00,Definitive,1,"1-HP:0000708,1-HP:0000708,1-HP:0001249,1-HP:0001249,1-HP:0001250,1-HP:0002187,1-HP:0002342,1-HP:0002342,1-HP:0010864,1-HP:0010864"
181,265,HGNC:4006,FUCA1,OMIM:230000,Fucosidosis,HP:0000007,Autosomal recessive inheritance,Autosomal recessive,1,Yes,11/23/2010 0:00:00,Definitive,1,"1-HP:0000707,1-HP:0000707,1-HP:0000924,1-HP:0000924,1-HP:0001249,1-HP:0001249,1-HP:0001250,1-HP:0001250,1-HP:0001574,1-HP:0001574,1-HP:0001939,1-HP:0001939,1-HP:0001999,1-HP:0001999,1-HP:0002011,1-HP:0002376,1-HP:0002715,1-HP:0003676,1-HP:0003676,1-HP:0004322,1-HP:0011420,2-HP:0011420,2-HP:0011420,3-HP:0001249"
182,268,HGNC:4135,GALT,OMIM:230400,Galactosemia,HP:0000007,Autosomal recessive inheritance,Autosomal recessive,1,Yes,11/23/2010 0:00:00,Definitive,1,"1-HP:0000119,1-HP:0000478,1-HP:0000707,1-HP:0001249,1-HP:0001249,1-HP:0001939,1-HP:0001939,1-HP:0003011,1-HP:0011024"
183,269,HGNC:4136,GAMT,OMIM:612736,Cerebral creatine deficiency syndrome 2,HP:0000007,Autosomal recessive inheritance,Autosomal recessive,1,Yes,11/23/2010 0:00:00,Definitive,1,"1-HP:0000707,1-HP:0000707,1-HP:0000708,1-HP:0000708,1-HP:0001249,1-HP:0001249,1-HP:0001250,1-HP:0001250,1-HP:0001256,1-HP:0001256,1-HP:0001939,1-HP:0001939,1-HP:0002011,1-HP:0002342,1-HP:0002342,1-HP:0002376,1-HP:0010864"
184,270,HGNC:30778,GATAD2B,OMIM:615074,GAND syndrome,HP:0000006,Autosomal dominant inheritance,Autosomal dominant,1,Yes,2/20/2012 0:00:00,Definitive,1,"1-HP:0000256,1-HP:0000256,1-HP:0000478,1-HP:0000478,1-HP:0000708,1-HP:0001249,1-HP:0001249,1-HP:0001250,1-HP:0001999,1-HP:0001999,1-HP:0002011,1-HP:0002011,1-HP:0002342,1-HP:0002342,1-HP:0003011,1-HP:0010864,1-HP:0010864,2-HP:0001250,2-HP:0001250"
185,271,HGNC:4175,GATM,OMIM:612718,Cerebral creatine deficiency syndrome 3,HP:0000007,Autosomal recessive inheritance,Autosomal recessive,1,Yes,11/23/2010 0:00:00,Definitive,1,"1-HP:0000708,1-HP:0000708,1-HP:0001249,1-HP:0001249,1-HP:0001250,1-HP:0001256,1-HP:0001256,1-HP:0001939,1-HP:0001939,1-HP:0002342,1-HP:0002342,1-HP:0002376,1-HP:0003011,2-HP:0001250,2-HP:0001250"
186,272,HGNC:4208,GCSH,MONDO:0700096_1,human disease,HP:0000007,Autosomal recessive inheritance,Autosomal recessive,1,Yes,11/23/2010 0:00:00,Definitive,1,"1-HP:0000707,1-HP:0000707,1-HP:0000707,1-HP:0000708,1-HP:0001249,1-HP:0001249,1-HP:0001249,1-HP:0001250,1-HP:0001250,1-HP:0001250,1-HP:0001256,1-HP:0001939,1-HP:0001939,1-HP:0001939,1-HP:0002011,1-HP:0002187,1-HP:0002187,1-HP:0002187,1-HP:0002342,1-HP:0002342,1-HP:0002342,1-HP:0003676,1-HP:0011420,1-HP:0011420,1-HP:0011420,2-HP:0003676,2-HP:0003676,2-HP:0003676"
187,273,HGNC:4226,GDI1,OMIM:300849,"Intellectual developmental disorder, X-linked 41",HP:0001417,X-linked other inheritance,X-linked,1,Yes,11/23/2010 0:00:00,Definitive,1,"1-HP:0001249,1-HP:0001249,1-HP:0001256,1-HP:0001256,1-HP:0002342,1-HP:0002342,1-HP:0010864"
188,274,HGNC:4235,GFAP,OMIM:203450,Alexander disease,HP:0000006,Autosomal dominant inheritance,Autosomal dominant,1,Yes,11/23/2010 0:00:00,Definitive,1,"1-HP:0000256,1-HP:0000256,1-HP:0000707,1-HP:0000707,1-HP:0001249,1-HP:0001249,1-HP:0001250,1-HP:0001250,1-HP:0001256,1-HP:0002011,1-HP:0002011,1-HP:0002342,1-HP:0002376,1-HP:0003676,1-HP:0003676,1-HP:0011420,1-HP:0011420"
189,275,HGNC:4193,GCH1,OMIM:233910,"Hyperphenylalaninemia, BH4-deficient, B",HP:0000007,Autosomal recessive inheritance,Autosomal recessive,1,Yes,11/23/2010 0:00:00,Definitive,1,"1-HP:0000707,1-HP:0000707,1-HP:0001249,1-HP:0001249,1-HP:0001250,1-HP:0001939,1-HP:0001939,1-HP:0002376,1-HP:0003676,1-HP:0003676,3-HP:0000252,3-HP:0001250"
190,277,HGNC:17494,GJC2,OMIM:608804,"Leukodystrophy, hypomyelinating, 2",HP:0000007,Autosomal recessive inheritance,Autosomal recessive,1,Yes,11/23/2010 0:00:00,Definitive,1,"1-HP:0000707,1-HP:0001249,1-HP:0001256,1-HP:0002011,1-HP:0002342,1-HP:0003676"
191,280,HGNC:4289,GK,OMIM:307030,Glycerol kinase deficiency,HP:0001419,X-linked recessive inheritance,X-linked,1,Yes,11/23/2010 0:00:00,Definitive,1,"1-HP:0001249,1-HP:0001256,1-HP:0001939,1-HP:0002342"
192,281,HGNC:4313,GLDC,MONDO:0700096_1,human disease,HP:0000007,Autosomal recessive inheritance,Autosomal recessive,1,Yes,11/23/2010 0:00:00,Definitive,1,"1-HP:0000707,1-HP:0001249,1-HP:0001250,1-HP:0001939,1-HP:0002187,1-HP:0002342,1-HP:0011420,2-HP:0003676"
193,282,HGNC:4318,GLI2,OMIM:610829,Holoprosencephaly 9,HP:0000006,Autosomal dominant inheritance,Autosomal dominant,1,Yes,11/23/2010 0:00:00,Definitive,1,"1-HP:0000202,1-HP:0000818,1-HP:0001249,1-HP:0001999,1-HP:0002011,1-HP:0040064,2-HP:0011420"
194,283,HGNC:4319,GLI3,OMIM:175700,Greig cephalopolysyndactyly syndrome,HP:0000006,Autosomal dominant inheritance,Autosomal dominant,1,Yes,11/23/2010 0:00:00,Definitive,1,"1-HP:0000256,1-HP:0001249,1-HP:0001999,1-HP:0040064"
195,284,HGNC:4319,GLI3,OMIM:146510,Pallister-Hall syndrome,HP:0000006,Autosomal dominant inheritance,Autosomal dominant,1,Yes,11/23/2010 0:00:00,Definitive,1,"1-HP:0000818,1-HP:0001249,1-HP:0002011,1-HP:0011420,1-HP:0040064,4-HP:0010864"
196,287,HGNC:4392,GNAS,OMIM:103580,Pseudohypoparathyroidism Ia,HP:0000006,Autosomal dominant inheritance,Autosomal dominant,1,Yes,11/23/2010 0:00:00,Definitive,1,"1-HP:0000818,1-HP:0001249,1-HP:0001256,1-HP:0002342,1-HP:0004322"
197,292,HGNC:4392,GNAS,OMIM:612463,Pseudopseudohypoparathyroidism,HP:0000006,Autosomal dominant inheritance,Autosomal dominant,1,Yes,11/23/2010 0:00:00,Definitive,1,"1-HP:0000818,1-HP:0001249,1-HP:0001513,1-HP:0004322"
198,295,HGNC:4416,GNPAT,OMIM:222765,"Rhizomelic chondrodysplasia punctata, type 2",HP:0000007,Autosomal recessive inheritance,Autosomal recessive,1,Yes,11/23/2010 0:00:00,Definitive,1,"1-HP:0000924,1-HP:0001249,1-HP:0001256,1-HP:0001939,1-HP:0002342,1-HP:0004322,2-HP:0000478"
199,296,HGNC:4422,GNS,OMIM:252940,Mucopolysaccharidosis type IIID,HP:0000007,Autosomal recessive inheritance,Autosomal recessive,1,Yes,11/23/2010 0:00:00,Definitive,1,"1-HP:0000707,1-HP:0000708,1-HP:0001249,1-HP:0001256,1-HP:0001939,1-HP:0002342,1-HP:0002376"
200,297,HGNC:4451,GPC3,OMIM:312870,"Simpson-Golabi-Behmel syndrome, type 1",HP:0001417,X-linked other inheritance,X-linked,1,Yes,11/23/2010 0:00:00,Definitive,1,"1-HP:0000077,1-HP:0000118,1-HP:0000119,1-HP:0000202,1-HP:0000256,1-HP:0000924,1-HP:0001249,1-HP:0001256,1-HP:0001627,1-HP:0002664,1-HP:0040064"
201,299,HGNC:15465,GPHN,OMIM:615501,Molybdenum cofactor deficiency C,HP:0000007,Autosomal recessive inheritance,Autosomal recessive,1,Yes,11/23/2010 0:00:00,Definitive,1,"1-HP:0001249,1-HP:0001250,1-HP:0011420"
202,300,HGNC:4512,ADGRG1,OMIM:615752,"Cortical dysplasia, complex, with other brain malformations 14B, (bilateral perisylvian)",HP:0000007,Autosomal recessive inheritance,Autosomal recessive,1,Yes,11/23/2010 0:00:00,Definitive,1,"1-HP:0000478,1-HP:0000707,1-HP:0000707,1-HP:0001249,1-HP:0001249,1-HP:0001250,1-HP:0001250,1-HP:0002011,1-HP:0002011,1-HP:0002342,1-HP:0002342,1-HP:0010864,1-HP:0010864"
203,301,HGNC:4573,GRIA3,OMIM:300699,"Intellectual developmental disorder, X-linked syndromic, Wu type",HP:0001417,X-linked other inheritance,X-linked,1,Yes,11/23/2010 0:00:00,Definitive,1,"1-HP:0000707,1-HP:0000707,1-HP:0000708,1-HP:0000708,1-HP:0001249,1-HP:0001249,1-HP:0001250,1-HP:0001250,1-HP:0001256,1-HP:0001256,1-HP:0002342,1-HP:0002342,1-HP:0010864"
204,302,HGNC:4580,GRIK2,OMIM:611092,"Intellectual developmental disorder, autosomal recessive 6",HP:0000007,Autosomal recessive inheritance,Autosomal recessive,1,Yes,11/23/2010 0:00:00,Definitive,1,"1-HP:0000707,1-HP:0001249,1-HP:0001256"
205,303,HGNC:4585,GRIN2A,OMIM:245570,"Epilepsy, focal, with speech disorder and with or without impaired intellectual development",HP:0000006,Autosomal dominant inheritance,Autosomal dominant,1,Yes,1/30/2011 0:00:00,Definitive,1,"1-HP:0000707,1-HP:0000708,1-HP:0000708,1-HP:0001249,1-HP:0001249,1-HP:0001250,1-HP:0001250,1-HP:0001256,1-HP:0001256,1-HP:0002342,1-HP:0002342,1-HP:0006889,1-HP:0010864"
206,304,HGNC:4586,GRIN2B,OMIM:613970,"Intellectual developmental disorder, autosomal dominant 6, with or without seizures",HP:0000006,Autosomal dominant inheritance,Autosomal dominant,1,Yes,1/30/2011 0:00:00,Definitive,1,"1-HP:0000707,1-HP:0000708,1-HP:0000708,1-HP:0001249,1-HP:0001249,1-HP:0001250,1-HP:0001256,1-HP:0001256,1-HP:0002187,1-HP:0002342,1-HP:0002342,1-HP:0010864,3-HP:0000252,3-HP:0002011"
207,305,HGNC:4593,GRM1,OMIM:614831,"Spinocerebellar ataxia, autosomal recessive 13",HP:0000007,Autosomal recessive inheritance,Autosomal recessive,1,Yes,2/20/2012 0:00:00,Definitive,1,"1-HP:0000478,1-HP:0000707,1-HP:0001249,1-HP:0001256,1-HP:0002011,1-HP:0003676,2-HP:0004322"
208,306,HGNC:4624,GSS,OMIM:266130,Glutathione synthetase deficiency,HP:0000007,Autosomal recessive inheritance,Autosomal recessive,1,Yes,11/23/2010 0:00:00,Definitive,1,"1-HP:0000707,1-HP:0001249,1-HP:0001256,1-HP:0001871,1-HP:0001939,1-HP:0002342"
209,309,HGNC:21157,GTF2H5,OMIM:616395,"Trichothiodystrophy 3, photosensitive",HP:0000007,Autosomal recessive inheritance,Autosomal recessive,1,Yes,11/23/2010 0:00:00,Definitive,1,"1-HP:0000478,1-HP:0001249,1-HP:0001249,1-HP:0001256,1-HP:0001574,1-HP:0001574,1-HP:0001999,1-HP:0002342,1-HP:0002715,1-HP:0004322,1-HP:0004322,2-HP:0000707,2-HP:0000707"
210,310,HGNC:4696,GUSB,OMIM:253220,Mucopolysaccharidosis VII,HP:0000007,Autosomal recessive inheritance,Autosomal recessive,1,Yes,11/23/2010 0:00:00,Definitive,1,"1-HP:0000924,1-HP:0000924,1-HP:0001249,1-HP:0001249,1-HP:0001256,1-HP:0001627,1-HP:0001939,1-HP:0001939,1-HP:0001999,1-HP:0002342,1-HP:0003011,1-HP:0004322,1-HP:0004322,3-HP:0001249"
211,311,HGNC:16915,HAX1,OMIM:610738,"Neutropenia, severe congenital 3, autosomal recessive",HP:0000007,Autosomal recessive inheritance,Autosomal recessive,1,Yes,10/24/2011 0:00:00,Definitive,1,"1-HP:0000707,1-HP:0001249,1-HP:0001249,1-HP:0001250,1-HP:0001250,1-HP:0002664,1-HP:0002664,1-HP:0002715,1-HP:0002715,3-HP:0001249"
212,312,HGNC:4837,HCCS,OMIM:309801,Linear skin defects with multiple congenital anomalies 1,HP:0001423,X-linked dominant inheritance,X-linked,1,Yes,11/23/2010 0:00:00,Definitive,1,"1-HP:0000119,1-HP:0000252,1-HP:0000478,1-HP:0000478,1-HP:0001249,1-HP:0001249,1-HP:0001250,1-HP:0001574,1-HP:0001574,1-HP:0002011,1-HP:0004322,1-HP:0011420"
213,313,HGNC:4839,HCFC1,OMIM:309541,"Methylmalonic aciduria and homocysteinemia, cblX type",HP:0001419,X-linked recessive inheritance,X-linked,1,Yes,2/20/2012 0:00:00,Definitive,1,"1-HP:0000707,1-HP:0000707,1-HP:0000708,1-HP:0000708,1-HP:0001249,1-HP:0001249,1-HP:0001249,1-HP:0001250,1-HP:0001250,1-HP:0001256,1-HP:0001256,1-HP:0001939,1-HP:0001939,1-HP:0001999,1-HP:0001999,1-HP:0002011,1-HP:0002011,1-HP:0002187,1-HP:0002187,1-HP:0002342,1-HP:0002342,1-HP:0002342,2-HP:0000708,2-HP:0000708,2-HP:0000708"
214,315,HGNC:13315,HDAC8,OMIM:300882,Cornelia de Lange syndrome 5,HP:0001417,X-linked other inheritance,X-linked,1,Yes,2/20/2012 0:00:00,Definitive,1,"1-HP:0000119,1-HP:0000202,1-HP:0000252,1-HP:0000365,1-HP:0000708,1-HP:0000924,1-HP:0001249,1-HP:0001249,1-HP:0001250,1-HP:0001256,1-HP:0001999,1-HP:0001999,1-HP:0002342,1-HP:0002342,1-HP:0004322,1-HP:0010864,1-HP:0011024,1-HP:0040064,1-HP:0040064"
215,317,HGNC:26361,HEPACAM,OMIM:613926,"Megalencephalic leukoencephalopathy with subcortical cysts 2B, remitting, with or without impaired intellectual development",HP:0000006,Autosomal dominant inheritance,Autosomal dominant,1,Yes,2/20/2012 0:00:00,Definitive,1,"1-HP:0000256,1-HP:0000256,1-HP:0000708,1-HP:0000708,1-HP:0001249,1-HP:0001249,1-HP:0001250,1-HP:0002011,1-HP:0002011,3-HP:0001249"
216,318,HGNC:26361,HEPACAM,OMIM:613925,Megalencephalic leukoencephalopathy with subcortical cysts 2A,HP:0000007,Autosomal recessive inheritance,Autosomal recessive,1,Yes,2/20/2012 0:00:00,Definitive,1,"1-HP:0000256,1-HP:0000256,1-HP:0000707,1-HP:0000707,1-HP:0000708,1-HP:0001249,1-HP:0001249,1-HP:0001250,1-HP:0001250,1-HP:0001256,1-HP:0002011,1-HP:0002011,1-HP:0002376,1-HP:0002376,1-HP:0003011,1-HP:0003676,1-HP:0003676,1-HP:0010864,3-HP:0001249"
217,319,HGNC:4868,HERC2,OMIM:615516,"Intellectual developmental disorder, autosomal recessive 38",HP:0000007,Autosomal recessive inheritance,Autosomal recessive,1,Yes,2/20/2012 0:00:00,Definitive,1,"1-HP:0000077,1-HP:0000119,1-HP:0000365,1-HP:0000707,1-HP:0000707,1-HP:0000708,1-HP:0000708,1-HP:0001249,1-HP:0001249,1-HP:0001250,1-HP:0001250,1-HP:0001256,1-HP:0001256,1-HP:0002011,1-HP:0002011,1-HP:0002342,1-HP:0003011,1-HP:0010864,1-HP:0011420,3-HP:0001249"
218,320,HGNC:4877,HESX1,OMIM:182230_6,Septooptic dysplasia,HP:0000007,Autosomal recessive inheritance,Autosomal recessive,1,Yes,11/23/2010 0:00:00,Definitive,1,"1-HP:0000365,1-HP:0000478,1-HP:0000707,1-HP:0000818,1-HP:0000818,1-HP:0001249,1-HP:0001249,1-HP:0001250,1-HP:0002011,1-HP:0002011,3-HP:0001513"
219,322,HGNC:5099,HOXA1,OMIM:601536_1,Athabaskan brainstem dysgenesis syndrome,HP:0000007,Autosomal recessive inheritance,Autosomal recessive,1,Yes,11/23/2010 0:00:00,Definitive,1,"1-HP:0000365,1-HP:0000365,1-HP:0000365,1-HP:0000478,1-HP:0000478,1-HP:0000707,1-HP:0000707,1-HP:0000707,1-HP:0001249,1-HP:0001249,1-HP:0001249,1-HP:0001250,1-HP:0001250,1-HP:0001256,1-HP:0001256,1-HP:0001627,1-HP:0001627,1-HP:0001627,1-HP:0002270,1-HP:0002270,1-HP:0002270,1-HP:0002342,1-HP:0002342,1-HP:0002342,1-HP:0010864,1-HP:0010864,1-HP:0011420,2-HP:0011420"
220,323,HGNC:5147,HPD,OMIM:276710,"Tyrosinemia, type III",HP:0000007,Autosomal recessive inheritance,Autosomal recessive,1,Yes,11/23/2010 0:00:00,Definitive,1,"1-HP:0000707,1-HP:0001249,1-HP:0001249,1-HP:0001250,1-HP:0001256,1-HP:0001256,1-HP:0001939,1-HP:0001939,1-HP:0002342,1-HP:0010864"
221,325,HGNC:5157,HPRT1,OMIM:300322,Lesch-Nyhan syndrome,HP:0001419,X-linked recessive inheritance,X-linked,1,Yes,11/23/2010 0:00:00,Definitive,1,"1-HP:0000119,1-HP:0000707,1-HP:0000707,1-HP:0000708,1-HP:0000708,1-HP:0001249,1-HP:0001249,1-HP:0001256,1-HP:0001871,1-HP:0001939,1-HP:0001939,1-HP:0002342,1-HP:0002342,1-HP:0010864"
222,327,HGNC:5173,HRAS,OMIM:218040_2,Costello syndrome,HP:0000006,Autosomal dominant inheritance,Autosomal dominant,1,Yes,11/23/2010 0:00:00,Definitive,1,"1-HP:0000256,1-HP:0000478,1-HP:0000818,1-HP:0001249,1-HP:0001249,1-HP:0001250,1-HP:0001256,1-HP:0001574,1-HP:0001574,1-HP:0001627,1-HP:0001627,1-HP:0001999,1-HP:0001999,1-HP:0002011,1-HP:0002342,1-HP:0002342,1-HP:0002664,1-HP:0003011,1-HP:0004322,1-HP:0004322,1-HP:0010864,1-HP:0010864,2-HP:0002664"
223,334,HGNC:1938,CHKB,OMIM:602541,"Muscular dystrophy, congenital, megaconial type",HP:0000007,Autosomal recessive inheritance,Autosomal recessive,1,Yes,6/26/2011 0:00:00,Definitive,1,"1-HP:0000252,1-HP:0001249,1-HP:0001249,1-HP:0001256,1-HP:0001574,1-HP:0001627,1-HP:0002342,1-HP:0003011,1-HP:0003011,1-HP:0012103,1-HP:0012103,2-HP:0001627"
224,335,HGNC:5389,IDS,OMIM:309900,Mucopolysaccharidosis II,HP:0001419,X-linked recessive inheritance,X-linked,1,Yes,11/23/2010 0:00:00,Definitive,1,"1-HP:0000256,1-HP:0000256,1-HP:0000365,1-HP:0000365,1-HP:0000478,1-HP:0000707,1-HP:0000708,1-HP:0000708,1-HP:0000924,1-HP:0000924,1-HP:0001249,1-HP:0001249,1-HP:0001627,1-HP:0001627,1-HP:0001939,1-HP:0001939,1-HP:0001999,1-HP:0002376,1-HP:0002376,1-HP:0003676,1-HP:0003676,1-HP:0004322,1-HP:0004322,1-HP:0011420,1-HP:0011420,3-HP:0001249"
225,336,HGNC:5391,IDUA,OMIM:607014,Mucopolysaccharidosis Ih,HP:0000007,Autosomal recessive inheritance,Autosomal recessive,1,Yes,11/23/2010 0:00:00,Definitive,1,"1-HP:0000365,1-HP:0000365,1-HP:0000478,1-HP:0000478,1-HP:0000924,1-HP:0000924,1-HP:0001249,1-HP:0001249,1-HP:0001256,1-HP:0001256,1-HP:0001627,1-HP:0001627,1-HP:0001939,1-HP:0001939,1-HP:0001999,1-HP:0001999,1-HP:0002342,1-HP:0002342,1-HP:0002376,1-HP:0002376,1-HP:0003676,1-HP:0003676,1-HP:0004322,1-HP:0004322,1-HP:0011024,1-HP:0011420,1-HP:0011420,3-HP:0002187,3-HP:0002187"
226,337,HGNC:5391,IDUA,OMIM:607015,Mucopolysaccharidosis Ih/s,HP:0000007,Autosomal recessive inheritance,Autosomal recessive,1,Yes,11/23/2010 0:00:00,Definitive,1,"1-HP:0000478,1-HP:0000924,1-HP:0001249,1-HP:0001256,1-HP:0001627,1-HP:0001939,1-HP:0002342,1-HP:0003676,1-HP:0004322,1-HP:0011420"
227,338,HGNC:5391,IDUA,OMIM:607016,Mucopolysaccharidosis Is,HP:0000007,Autosomal recessive inheritance,Autosomal recessive,1,Yes,11/23/2010 0:00:00,Definitive,1,"1-HP:0000365,1-HP:0000478,1-HP:0000924,1-HP:0001249,1-HP:0001256,1-HP:0001627,1-HP:0001939,1-HP:0002342,1-HP:0002376,1-HP:0003676,1-HP:0004322,1-HP:0011420"
228,339,HGNC:18550,IER3IP1,OMIM:614231,"Microcephaly, epilepsy, and diabetes syndrome",HP:0000007,Autosomal recessive inheritance,Autosomal recessive,1,Yes,9/20/2011 0:00:00,Definitive,1,"1-HP:0000252,1-HP:0000707,1-HP:0000818,1-HP:0001249,1-HP:0001250,1-HP:0002011,1-HP:0002342,1-HP:0010864,1-HP:0011420"
229,340,HGNC:5464,IGF1,OMIM:608747,Insulin-like growth factor I deficiency,HP:0000007,Autosomal recessive inheritance,Autosomal recessive,1,Yes,11/23/2010 0:00:00,Definitive,1,"1-HP:0000818,1-HP:0001249,1-HP:0001256,1-HP:0004322"
230,341,HGNC:5961,IKBKG,OMIM:308300,Incontinentia pigmenti,HP:0001423,X-linked dominant inheritance,X-linked,1,Yes,11/23/2010 0:00:00,Definitive,1,"1-HP:0000478,1-HP:0001249,1-HP:0001574"
231,346,HGNC:5996,IL1RAPL1,OMIM:300143,"Intellectual developmental disorder, X-linked 21",HP:0001417,X-linked other inheritance,X-linked,1,Yes,11/23/2010 0:00:00,Definitive,1,"1-HP:0001249,1-HP:0002342,2-HP:0000708"
232,348,HGNC:21474,INPP5E,OMIM:213300,Joubert syndrome 1,HP:0000007,Autosomal recessive inheritance,Autosomal recessive,1,Yes,11/23/2010 0:00:00,Definitive,1,"1-HP:0000077,1-HP:0000478,1-HP:0000707,1-HP:0001249,1-HP:0001256,1-HP:0002011,1-HP:0002342,2-HP:0000119"
233,349,HGNC:29059,IQSEC2,OMIM:309530,"Intellectual developmental disorder, X-linked 1",HP:0001417,X-linked other inheritance,X-linked,1,Yes,11/23/2010 0:00:00,Definitive,1,"1-HP:0000708,1-HP:0000708,1-HP:0001249,1-HP:0001249,1-HP:0001250,1-HP:0001250,1-HP:0001256,1-HP:0001256,1-HP:0002342,1-HP:0002342,2-HP:0000252,2-HP:0000252"
234,350,HGNC:37276,CRPPA,OMIM:614643,"Muscular dystrophy-dystroglycanopathy (congenital with brain and eye anomalies), type A, 7",HP:0000007,Autosomal recessive inheritance,Autosomal recessive,1,Yes,2/20/2012 0:00:00,Definitive,1,"1-HP:0000478,1-HP:0001249,1-HP:0002011,1-HP:0002342,1-HP:0003011,1-HP:0010864,1-HP:0011420"
235,351,HGNC:15532,JAM3,OMIM:613730,"Hemorrhagic destruction of the brain, subependymal calcification, and cataracts",HP:0000007,Autosomal recessive inheritance,Autosomal recessive,1,Yes,10/24/2011 0:00:00,Definitive,1,"1-HP:0000077,1-HP:0000119,1-HP:0000478,1-HP:0000707,1-HP:0001249,1-HP:0002011,1-HP:0011420,2-HP:0001250"
236,352,HGNC:24565,KANSL1,OMIM:610443,Koolen-De Vries syndrome,HP:0000006,Autosomal dominant inheritance,Autosomal dominant,1,Yes,2/20/2012 0:00:00,Definitive,1,"1-HP:0000707,1-HP:0001249,1-HP:0002342"
237,353,HGNC:17582,KAT6B,OMIM:603736,SBBYSS syndrome,HP:0000006,Autosomal dominant inheritance,Autosomal dominant,1,Yes,2/19/2012 0:00:00,Definitive,1,"1-HP:0000365,1-HP:0000478,1-HP:0000818,1-HP:0000924,1-HP:0001249,1-HP:0001627,1-HP:0002342,1-HP:0010864"
238,354,HGNC:17582,KAT6B,OMIM:606170,Genitopatellar syndrome,HP:0000006,Autosomal dominant inheritance,Autosomal dominant,1,Yes,2/19/2012 0:00:00,Definitive,1,"1-HP:0000077,1-HP:0000119,1-HP:0000252,1-HP:0000365,1-HP:0000818,1-HP:0000924,1-HP:0001249,1-HP:0001627,1-HP:0002011,1-HP:0002342,1-HP:0010864"
239,355,HGNC:6257,KCNJ11,OMIM:618856,"Diabetes, permanent neonatal 2, with or without neurologic features",HP:0000006,Autosomal dominant inheritance,Autosomal dominant,1,Yes,11/23/2010 0:00:00,Definitive,1,"1-HP:0000707,1-HP:0001249,1-HP:0001250,1-HP:0001256,1-HP:0001939,1-HP:0002342"
240,358,HGNC:6283,KCNK9,OMIM:612292,Birk-Barel syndrome,HP:0000006,Autosomal dominant inheritance,Autosomal dominant,1,Yes,11/23/2010 0:00:00,Definitive,1,"1-HP:0000707,1-HP:0000708,1-HP:0001249,1-HP:0001999,1-HP:0002342,1-HP:0003011,1-HP:0010864"
241,359,HGNC:18865,KCNT1,OMIM:614959,Developmental and epileptic encephalopathy 14,HP:0000006,Autosomal dominant inheritance,Autosomal dominant,1,Yes,2/20/2012 0:00:00,Definitive,1,"1-HP:0000252,1-HP:0000707,1-HP:0000708,1-HP:0001249,1-HP:0001250,1-HP:0002011,1-HP:0002187,1-HP:0002376"
242,360,HGNC:18865,KCNT1,OMIM:615005,"Epilepsy nocturnal frontal lobe, 5",HP:0000006,Autosomal dominant inheritance,Autosomal dominant,1,Yes,2/20/2012 0:00:00,Definitive,1,"1-HP:0000708,1-HP:0001249,1-HP:0001250,1-HP:0001256,1-HP:0002342"
243,361,HGNC:21957,KCTD7,OMIM:611726,"Epilepsy, progressive myoclonic 3, with or without intracellular inclusions",HP:0000007,Autosomal recessive inheritance,Autosomal recessive,1,Yes,2/20/2012 0:00:00,Definitive,1,"1-HP:0000478,1-HP:0000707,1-HP:0000707,1-HP:0000924,1-HP:0001249,1-HP:0001249,1-HP:0001250,1-HP:0001250,1-HP:0002376,1-HP:0002376,1-HP:0003676,1-HP:0003676,1-HP:0010864,2-HP:0000252,2-HP:0011420"
244,362,HGNC:11114,KDM5C,OMIM:300534,"Intellectual developmental disorder, X-linked syndromic, Claes-Jensen type",HP:0001417,X-linked other inheritance,X-linked,1,Yes,11/23/2010 0:00:00,Definitive,1,"1-HP:0000707,1-HP:0000707,1-HP:0000708,1-HP:0000708,1-HP:0000818,1-HP:0001249,1-HP:0001249,1-HP:0001250,1-HP:0001250,1-HP:0001256,1-HP:0001256,1-HP:0001999,1-HP:0001999,1-HP:0004322,1-HP:0004322,2-HP:0000252,2-HP:0000252,2-HP:0000256,3-HP:0000818"
245,363,HGNC:12637,KDM6A,OMIM:300867,Kabuki syndrome 2,HP:0001417,X-linked other inheritance,X-linked,1,Yes,2/19/2012 0:00:00,Definitive,1,"1-HP:0000077,1-HP:0000119,1-HP:0000202,1-HP:0000252,1-HP:0000365,1-HP:0000478,1-HP:0000818,1-HP:0001249,1-HP:0001256,1-HP:0001627,1-HP:0001999,1-HP:0002715,1-HP:0004322"
246,364,HGNC:23419,KIFBP,OMIM:609460,Goldberg-Shprintzen megacolon syndrome,HP:0000007,Autosomal recessive inheritance,Autosomal recessive,1,Yes,11/23/2010 0:00:00,Definitive,1,"1-HP:0000118,1-HP:0000252,1-HP:0001249,1-HP:0002011,1-HP:0002342,1-HP:0010864"
247,365,HGNC:6388,KIF11,OMIM:152950,"Microcephaly with or without chorioretinopathy, lymphedema, or impaired intellectual development",HP:0000006,Autosomal dominant inheritance,Autosomal dominant,1,Yes,2/19/2012 0:00:00,Definitive,1,"1-HP:0000252,1-HP:0000478,1-HP:0001249,1-HP:0001256"
248,366,HGNC:30497,KIF7,OMIM:200990_1,Acrocallosal syndrome,HP:0000007,Autosomal recessive inheritance,Autosomal recessive,1,Yes,6/26/2011 0:00:00,Definitive,1,"1-HP:0000256,1-HP:0001249,1-HP:0001256,1-HP:0001999,1-HP:0002011,1-HP:0002342,1-HP:0040064"
249,368,HGNC:6407,KRAS,OMIM:609942,Noonan syndrome 3,HP:0000006,Autosomal dominant inheritance,Autosomal dominant,1,Yes,11/23/2010 0:00:00,Definitive,1,"1-HP:0000478,1-HP:0001249,1-HP:0001574,1-HP:0001627,1-HP:0001871,1-HP:0003011,1-HP:0004322,3-HP:0001256"
250,369,HGNC:6407,KRAS,OMIM:615278,Cardiofaciocutaneous syndrome 2,HP:0000006,Autosomal dominant inheritance,Autosomal dominant,1,Yes,11/23/2010 0:00:00,Definitive,1,"1-HP:0000478,1-HP:0001249,1-HP:0001256,1-HP:0001574,1-HP:0001627,1-HP:0001871,1-HP:0001999,1-HP:0003011,1-HP:0004322"
251,373,HGNC:6470,L1CAM,OMIM:304100,"?Corpus callosum, partial agenesis of",HP:0001419,X-linked recessive inheritance,X-linked,1,Yes,11/23/2010 0:00:00,Definitive,1,"1-HP:0000707,1-HP:0001249,1-HP:0002011,3-HP:0001256,3-HP:0002342"
252,374,HGNC:20499,L2HGDH,OMIM:236792,L-2-hydroxyglutaric aciduria,HP:0000007,Autosomal recessive inheritance,Autosomal recessive,1,Yes,11/23/2010 0:00:00,Definitive,1,"1-HP:0000256,1-HP:0000707,1-HP:0000708,1-HP:0001249,1-HP:0001250,1-HP:0001939,1-HP:0002011,3-HP:0002342,3-HP:0010864"
253,375,HGNC:6482,LAMA2,OMIM:607855,"Muscular dystrophy, congenital, merosin deficient or partially deficient",HP:0000007,Autosomal recessive inheritance,Autosomal recessive,1,Yes,11/23/2010 0:00:00,Definitive,1,"1-HP:0001249,1-HP:0003011,2-HP:0001250,2-HP:0002011,4-HP:0001256,4-HP:0002342"
254,376,HGNC:6494,LAMC3,OMIM:614115,"Cortical malformations, occipital",HP:0000007,Autosomal recessive inheritance,Autosomal recessive,1,Yes,6/26/2011 0:00:00,Definitive,1,"1-HP:0001249,1-HP:0001249,1-HP:0001250,1-HP:0001250,1-HP:0001256,1-HP:0002011,1-HP:0002011,1-HP:0002342,1-HP:0006889,1-HP:0010864"
255,377,HGNC:6501,LAMP2,OMIM:300257,Danon disease,HP:0001417,X-linked other inheritance,X-linked,1,Yes,11/23/2010 0:00:00,Definitive,1,"1-HP:0000478,1-HP:0001249,1-HP:0001249,1-HP:0001256,1-HP:0001256,1-HP:0001627,1-HP:0001939,1-HP:0001939,1-HP:0002342,1-HP:0002342,1-HP:0003011,1-HP:0003011,1-HP:0003676,1-HP:0003676,1-HP:0006889,1-HP:0010864,1-HP:0011420,1-HP:0011420"
256,378,HGNC:6511,LARGE1,OMIM:608840,"Muscular dystrophy-dystroglycanopathy (congenital with impaired intellectual development), type B, 6",HP:0000007,Autosomal recessive inheritance,Autosomal recessive,1,Yes,11/23/2010 0:00:00,Definitive,1,"1-HP:0000478,1-HP:0001249,1-HP:0001939,1-HP:0002011,1-HP:0002187,1-HP:0003011,1-HP:0011420"
257,380,HGNC:24912,LARP7,OMIM:615071,Alazami syndrome,HP:0000007,Autosomal recessive inheritance,Autosomal recessive,1,Yes,2/20/2012 0:00:00,Definitive,1,"1-HP:0000252,1-HP:0000708,1-HP:0000924,1-HP:0001249,1-HP:0001256,1-HP:0001999,1-HP:0002342,1-HP:0004322"
258,381,HGNC:6601,LIG4,OMIM:606593,LIG4 syndrome,HP:0000007,Autosomal recessive inheritance,Autosomal recessive,1,Yes,11/23/2010 0:00:00,Definitive,1,"1-HP:0000252,1-HP:0001249,1-HP:0001256,1-HP:0001574,1-HP:0001999,1-HP:0002342,1-HP:0002664,1-HP:0002715,1-HP:0004322"
259,383,HGNC:15714,LRPPRC,OMIM:220111,"Mitochondrial complex IV deficiency, nuclear type 5, (French-Canadian)",HP:0000007,Autosomal recessive inheritance,Autosomal recessive,1,Yes,11/23/2010 0:00:00,Definitive,1,"1-HP:0000707,1-HP:0001249,1-HP:0001250,1-HP:0001939,1-HP:0001999,1-HP:0002011,1-HP:0003011,1-HP:0003676,1-HP:0011420,1-HP:0012103"
260,384,HGNC:6741,LZTFL1,OMIM:615994,Bardet-Biedl syndrome 17,HP:0000007,Autosomal recessive inheritance,Autosomal recessive,1,Yes,2/20/2012 0:00:00,Definitive,1,"1-HP:0000077,1-HP:0000119,1-HP:0000478,1-HP:0000924,1-HP:0001249,1-HP:0001249,1-HP:0001256,1-HP:0001256,1-HP:0001513,1-HP:0001513,1-HP:0001627,1-HP:0001627,1-HP:0002342,1-HP:0002342,1-HP:0004322,1-HP:0040064,1-HP:0040064"
261,388,HGNC:6823,MAN1B1,OMIM:614202,Rafiq syndrome,HP:0000007,Autosomal recessive inheritance,Autosomal recessive,1,Yes,9/20/2011 0:00:00,Definitive,1,"1-HP:0001249,1-HP:0001250,1-HP:0001256,1-HP:0001999,1-HP:0002342,2-HP:0000708,2-HP:0001513"
262,389,HGNC:6826,MAN2B1,OMIM:248500,"Mannosidosis, alpha-, types I and II",HP:0000007,Autosomal recessive inheritance,Autosomal recessive,1,Yes,11/23/2010 0:00:00,Definitive,1,"1-HP:0000707,1-HP:0000924,1-HP:0001249,1-HP:0001256,1-HP:0001939,1-HP:0002011,1-HP:0002342,1-HP:0002715,1-HP:0003011,1-HP:0003676,1-HP:0011420"
263,390,HGNC:6831,MANBA,OMIM:248510,"Mannosidosis, beta",HP:0000007,Autosomal recessive inheritance,Autosomal recessive,1,Yes,11/23/2010 0:00:00,Definitive,1,"1-HP:0000365,1-HP:0000708,1-HP:0001249,1-HP:0001249,1-HP:0001256,1-HP:0001256,1-HP:0001939,1-HP:0001939,1-HP:0002342,1-HP:0002342,1-HP:0002715"
264,391,HGNC:6833,MAOA,MONDO:0700096_1,human disease,HP:0001419,X-linked recessive inheritance,X-linked,1,Yes,11/23/2010 0:00:00,Definitive,1,"1-HP:0000708,1-HP:0001249,1-HP:0001256,1-HP:0001939"
265,392,HGNC:6840,MAP2K1,OMIM:615279,Cardiofaciocutaneous syndrome 3,HP:0000006,Autosomal dominant inheritance,Autosomal dominant,1,Yes,11/23/2010 0:00:00,Definitive,1,"1-HP:0001249,1-HP:0001256,1-HP:0001574,1-HP:0001627,1-HP:0001999,1-HP:0004322"
266,393,HGNC:6842,MAP2K2,OMIM:115150,Cardiofaciocutaneous syndrome,HP:0000006,Autosomal dominant inheritance,Autosomal dominant,1,Yes,11/23/2010 0:00:00,Definitive,1,"1-HP:0001249,1-HP:0001256,1-HP:0001574,1-HP:0001627,1-HP:0001999,1-HP:0004322"
267,394,HGNC:6903,MAT1A,OMIM:250850_4,"Methionine adenosyltransferase deficiency, autosomal recessive",HP:0000007,Autosomal recessive inheritance,Autosomal recessive,1,Yes,11/23/2010 0:00:00,Definitive,1,"1-HP:0001249,1-HP:0001939"
268,395,HGNC:20444,MBD5,OMIM:156200,"Intellectual developmental disorder, autosomal dominant 1",HP:0000006,Autosomal dominant inheritance,Autosomal dominant,1,Yes,11/23/2010 0:00:00,Definitive,1,"1-HP:0000708,1-HP:0001249,1-HP:0001256,1-HP:0002342,2-HP:0001250"
269,397,HGNC:6937,MCCC2,OMIM:210210,3-Methylcrotonyl-CoA carboxylase 2 deficiency,HP:0000007,Autosomal recessive inheritance,Autosomal recessive,1,Yes,11/23/2010 0:00:00,Definitive,1,"1-HP:0001249,1-HP:0001256,1-HP:0001939,1-HP:0002342,2-HP:0003676"
270,398,HGNC:13356,MCOLN1,OMIM:252650,Mucolipidosis IV,HP:0000007,Autosomal recessive inheritance,Autosomal recessive,1,Yes,11/23/2010 0:00:00,Definitive,1,"1-HP:0000478,1-HP:0000707,1-HP:0001249,1-HP:0001939,1-HP:0002011,1-HP:0002342,1-HP:0010864,2-HP:0003676"
271,399,HGNC:6954,MCPH1,OMIM:251200,"Microcephaly 1, primary, autosomal recessive",HP:0000007,Autosomal recessive inheritance,Autosomal recessive,1,Yes,11/23/2010 0:00:00,Definitive,1,"1-HP:0000252,1-HP:0001249,1-HP:0001256,1-HP:0004322"
272,400,HGNC:6990,MECP2,OMIM:312750_1,Rett syndrome,HP:0001423,X-linked dominant inheritance,X-linked,1,Yes,11/23/2010 0:00:00,Definitive,1,"1-HP:0000252,1-HP:0000707,1-HP:0000708,1-HP:0000924,1-HP:0001249,1-HP:0001250,1-HP:0002270,1-HP:0002342,1-HP:0002376,1-HP:0004322,1-HP:0010864"
273,401,HGNC:6990,MECP2,OMIM:300673,"Encephalopathy, neonatal severe",HP:0001419,X-linked recessive inheritance,X-linked,1,Yes,11/23/2010 0:00:00,Definitive,1,"1-HP:0000252,1-HP:0000707,1-HP:0000708,1-HP:0000924,1-HP:0001249,1-HP:0001250,1-HP:0002270,1-HP:0002342,1-HP:0003676,1-HP:0004322,1-HP:0010864,1-HP:0011420"
274,402,HGNC:6990,MECP2,OMIM:300260,"Intellectual developmental disorder, X-linked syndromic, Lubs type",HP:0001419,X-linked recessive inheritance,X-linked,1,Yes,11/23/2010 0:00:00,Definitive,1,"1-HP:0000252,1-HP:0000707,1-HP:0000708,1-HP:0000924,1-HP:0001249,1-HP:0001250,1-HP:0001999,1-HP:0002187,1-HP:0002270,1-HP:0003676,1-HP:0004322,1-HP:0010864"
275,403,HGNC:6990,MECP2,OMIM:300055,"Intellectual developmental disorder, X-linked syndromic 13",HP:0001419,X-linked recessive inheritance,X-linked,1,Yes,11/23/2010 0:00:00,Definitive,1,"1-HP:0000707,1-HP:0000708,1-HP:0001249,3-HP:0001256"
276,405,HGNC:11957,MED12,OMIM:305450,Opitz-Kaveggia syndrome,HP:0001419,X-linked recessive inheritance,X-linked,1,Yes,11/23/2010 0:00:00,Definitive,1,"1-HP:0000707,1-HP:0000707,1-HP:0000708,1-HP:0000708,1-HP:0001249,1-HP:0001249,1-HP:0001250,1-HP:0001250,1-HP:0001627,1-HP:0001627,1-HP:0002011,1-HP:0002011,1-HP:0011024,1-HP:0011024,3-HP:0001256,3-HP:0001256"
277,406,HGNC:11957,MED12,OMIM:309520,Lujan-Fryns syndrome,HP:0001419,X-linked recessive inheritance,X-linked,1,Yes,11/23/2010 0:00:00,Definitive,1,"1-HP:0000707,1-HP:0000707,1-HP:0000708,1-HP:0000708,1-HP:0001249,1-HP:0001249,1-HP:0001256,1-HP:0001256,1-HP:0002342,1-HP:0002342"
278,407,HGNC:2375,MED17,OMIM:613668,"Microcephaly, postnatal progressive, with seizures and brain atrophy",HP:0000007,Autosomal recessive inheritance,Autosomal recessive,1,Yes,1/30/2011 0:00:00,Definitive,1,"1-HP:0000252,1-HP:0000252,1-HP:0000707,1-HP:0000707,1-HP:0001249,1-HP:0001249,1-HP:0001250,1-HP:0001250,1-HP:0002011,1-HP:0002011,1-HP:0002187,1-HP:0002187"
279,408,HGNC:2372,MED23,OMIM:614249,"Intellectual developmental disorder, autosomal recessive 18, with or without epilepsy",HP:0000007,Autosomal recessive inheritance,Autosomal recessive,1,Yes,9/20/2011 0:00:00,Definitive,1,"1-HP:0001249,1-HP:0001256,1-HP:0002342,2-HP:0000252,2-HP:0000707,2-HP:0001250"
280,410,HGNC:3233,MEGF8,OMIM:614976,Carpenter syndrome 2,HP:0000007,Autosomal recessive inheritance,Autosomal recessive,1,Yes,2/20/2012 0:00:00,Definitive,1,"1-HP:0000119,1-HP:0000924,1-HP:0001249,1-HP:0001256,1-HP:0001513,1-HP:0001627,1-HP:0002342,1-HP:0040064"
281,411,HGNC:7045,MGAT2,OMIM:212066,"Congenital disorder of glycosylation, type IIa",HP:0000007,Autosomal recessive inheritance,Autosomal recessive,1,Yes,11/23/2010 0:00:00,Definitive,1,"1-HP:0000708,1-HP:0001249,1-HP:0001250,1-HP:0001256,1-HP:0001871,1-HP:0001939,1-HP:0001999,1-HP:0002342"
282,412,HGNC:7095,MID1,OMIM:300000,Opitz GBBB syndrome,HP:0001417,X-linked other inheritance,X-linked,1,Yes,11/23/2010 0:00:00,Definitive,1,"1-HP:0000118,1-HP:0000119,1-HP:0000202,1-HP:0001249,1-HP:0001256,1-HP:0001627,1-HP:0001999,1-HP:0002011,1-HP:0002342"
283,413,HGNC:7108,MKKS,OMIM:605231,Bardet-Biedl syndrome 6,HP:0000007,Autosomal recessive inheritance,Autosomal recessive,1,Yes,11/23/2010 0:00:00,Definitive,1,"1-HP:0000077,1-HP:0000119,1-HP:0000478,1-HP:0000708,1-HP:0000818,1-HP:0001249,1-HP:0001256,1-HP:0001513,1-HP:0002342,1-HP:0040064"
284,414,HGNC:7108,MKKS,OMIM:236700,McKusick-Kaufman syndrome,HP:0000007,Autosomal recessive inheritance,Autosomal recessive,1,Yes,11/23/2010 0:00:00,Definitive,1,"1-HP:0000118,1-HP:0000119,1-HP:0001249,1-HP:0011420,1-HP:0040064"
285,415,HGNC:7132,KMT2A,OMIM:605130,Wiedemann-Steiner syndrome,HP:0000006,Autosomal dominant inheritance,Autosomal dominant,1,Yes,2/20/2012 0:00:00,Definitive,1,"1-HP:0000119,1-HP:0000252,1-HP:0000478,1-HP:0000707,1-HP:0000708,1-HP:0000818,1-HP:0000924,1-HP:0001249,1-HP:0001250,1-HP:0001256,1-HP:0001574,1-HP:0001627,1-HP:0001999,1-HP:0002011,1-HP:0002270,1-HP:0002342,1-HP:0002715,1-HP:0004322,1-HP:0011024"
286,416,HGNC:7133,KMT2D,OMIM:147920,Kabuki syndrome 1,HP:0000006,Autosomal dominant inheritance,Autosomal dominant,1,Yes,11/23/2010 0:00:00,Definitive,1,"1-HP:0000119,1-HP:0000202,1-HP:0000365,1-HP:0000707,1-HP:0001249,1-HP:0001256,1-HP:0001627,1-HP:0001999,1-HP:0002342,1-HP:0002715,1-HP:0004322,2-HP:0000818,2-HP:0001250"
287,417,HGNC:7150,MLYCD,OMIM:248360,Malonyl-CoA decarboxylase deficiency,HP:0000007,Autosomal recessive inheritance,Autosomal recessive,1,Yes,11/23/2010 0:00:00,Definitive,1,"1-HP:0000707,1-HP:0001249,1-HP:0001250,1-HP:0001256,1-HP:0001939,1-HP:0002342"
288,418,HGNC:18871,MMAA,OMIM:251100,"Methylmalonic aciduria, vitamin B12-responsive, cblA type",HP:0000007,Autosomal recessive inheritance,Autosomal recessive,1,Yes,11/23/2010 0:00:00,Definitive,1,"1-HP:0000119,1-HP:0000707,1-HP:0001249,1-HP:0001939,1-HP:0004322"
289,419,HGNC:25221,MMADHC,MONDO:0700096_1,human disease,HP:0000007,Autosomal recessive inheritance,Autosomal recessive,1,Yes,11/23/2010 0:00:00,Definitive,1,"1-HP:0000707,1-HP:0001249,1-HP:0001250,1-HP:0001256,1-HP:0001871,1-HP:0001939,1-HP:0002342"
290,420,HGNC:24525,MMACHC,OMIM:277400_1,"Methylmalonic aciduria and homocystinuria, cblC type",HP:0000007,Autosomal recessive inheritance,Autosomal recessive,1,Yes,11/23/2010 0:00:00,Definitive,1,"1-HP:0000707,1-HP:0001249,1-HP:0001871,1-HP:0001939,2-HP:0011420"
291,421,HGNC:7190,MOCS1,OMIM:252150,Molybdenum cofactor deficiency A,HP:0000007,Autosomal recessive inheritance,Autosomal recessive,1,Yes,11/23/2010 0:00:00,Definitive,1,"1-HP:0000707,1-HP:0001249,1-HP:0001250,1-HP:0001939,1-HP:0002342,1-HP:0003676,1-HP:0010864,1-HP:0011420"
292,422,HGNC:7193,MOCS2,OMIM:252160,Molybdenum cofactor deficiency B,HP:0000007,Autosomal recessive inheritance,Autosomal recessive,1,Yes,11/23/2010 0:00:00,Definitive,1,"1-HP:0000707,1-HP:0001249,1-HP:0001250,1-HP:0001939,1-HP:0002342,1-HP:0003676,1-HP:0010864,1-HP:0011420"
293,423,HGNC:7207,MPDU1,OMIM:609180,"Congenital disorder of glycosylation, type If",HP:0000007,Autosomal recessive inheritance,Autosomal recessive,1,Yes,11/23/2010 0:00:00,Definitive,1,"1-HP:0001249,1-HP:0001574,1-HP:0001939,1-HP:0002270,1-HP:0002342,1-HP:0010864"
294,424,HGNC:7208,MPDZ,OMIM:615219,"Hydrocephalus, congenital, 2, with or without brain or eye anomalies",HP:0000007,Autosomal recessive inheritance,Autosomal recessive,1,Yes,2/20/2012 0:00:00,Definitive,1,"1-HP:0000707,1-HP:0001249,1-HP:0001249,1-HP:0001256,1-HP:0001256,1-HP:0002011,1-HP:0002011,1-HP:0002342,1-HP:0002342,1-HP:0006889,2-HP:0000256,2-HP:0001250"
295,425,HGNC:16002,MPLKIP,OMIM:234050,"Trichothiodystrophy 4, nonphotosensitive",HP:0000007,Autosomal recessive inheritance,Autosomal recessive,1,Yes,11/23/2010 0:00:00,Definitive,1,"1-HP:0000707,1-HP:0000818,1-HP:0001249,1-HP:0001256,1-HP:0001574,1-HP:0002342,1-HP:0004322"
296,426,HGNC:14508,MRPS22,OMIM:611719,Combined oxidative phosphorylation deficiency 5,HP:0000007,Autosomal recessive inheritance,Autosomal recessive,1,Yes,10/24/2011 0:00:00,Definitive,1,"1-HP:0000252,1-HP:0000707,1-HP:0000707,1-HP:0000707,1-HP:0001249,1-HP:0001249,1-HP:0001249,1-HP:0001627,1-HP:0001627,1-HP:0001939,1-HP:0001939,1-HP:0001999,1-HP:0001999,1-HP:0002011,1-HP:0002187,1-HP:0003011,1-HP:0003011,1-HP:0003011,1-HP:0011420,1-HP:0011420,1-HP:0011420,1-HP:0012103,1-HP:0012103,1-HP:0012103,2-HP:0000077,2-HP:0000077,2-HP:0001250,2-HP:0001250,2-HP:0002011,2-HP:0002011,2-HP:0002011"
297,427,HGNC:7414,MT-ATP6,MONDO:0044970,mitochondrial disease,HP:0001427,Mitochondrial inheritance,Other,1,Yes,11/23/2010 0:00:00,Definitive,1,"1-HP:0000365,1-HP:0000478,1-HP:0000707,1-HP:0001249,1-HP:0002376,1-HP:0003011,1-HP:0003676,1-HP:0012103"
298,428,HGNC:7421,MT-CO2,MONDO:0044970,mitochondrial disease,HP:0001427,Mitochondrial inheritance,Other,1,Yes,11/23/2010 0:00:00,Definitive,1,"1-HP:0000707,1-HP:0001249,1-HP:0001939,1-HP:0003011,1-HP:0003676,1-HP:0011420,1-HP:0012103"
299,429,HGNC:7422,MT-CO3,MONDO:0044970,mitochondrial disease,HP:0001427,Mitochondrial inheritance,Other,1,Yes,11/23/2010 0:00:00,Definitive,1,"1-HP:0000707,1-HP:0001249,1-HP:0001939,1-HP:0003011,1-HP:0003676,1-HP:0012103"
300,430,HGNC:7419,MT-CO1,MONDO:0044970,mitochondrial disease,HP:0001427,Mitochondrial inheritance,Other,1,Yes,11/23/2010 0:00:00,Definitive,1,"1-HP:0000365,1-HP:0000707,1-HP:0001249,1-HP:0001250,1-HP:0012103"
301,431,HGNC:7461,MT-ND5,MONDO:0044970,mitochondrial disease,HP:0001427,Mitochondrial inheritance,Other,1,Yes,11/23/2010 0:00:00,Definitive,1,"1-HP:0000707,1-HP:0001249,1-HP:0001250,1-HP:0002011,1-HP:0003011,1-HP:0003676,1-HP:0011420,1-HP:0012103"
302,434,HGNC:7468,MTR,OMIM:250940,"Homocystinuria-megaloblastic anemia, cblG complementation type",HP:0000007,Autosomal recessive inheritance,Autosomal recessive,1,Yes,11/23/2010 0:00:00,Definitive,1,"1-HP:0000707,1-HP:0001249,1-HP:0001939"
303,435,HGNC:7473,MTRR,OMIM:236270,"Homocystinuria-megaloblastic anemia, cbl E type",HP:0000007,Autosomal recessive inheritance,Autosomal recessive,1,Yes,11/23/2010 0:00:00,Definitive,1,"1-HP:0000707,1-HP:0001249,1-HP:0001939"
304,436,HGNC:7489,MT-TK,MONDO:0044970,mitochondrial disease,HP:0001427,Mitochondrial inheritance,Other,1,Yes,11/23/2010 0:00:00,Definitive,1,"1-HP:0000707,1-HP:0001249,1-HP:0001250,1-HP:0002011,1-HP:0003011,1-HP:0003676,1-HP:0011420,1-HP:0012103"
305,442,HGNC:7497,MT-TS1,MONDO:0044970,mitochondrial disease,HP:0001427,Mitochondrial inheritance,Other,1,Yes,11/23/2010 0:00:00,Definitive,1,"1-HP:0000707,1-HP:0001249,1-HP:0001250,1-HP:0002011,1-HP:0003011,1-HP:0003676,1-HP:0011420,1-HP:0012103"
306,444,HGNC:7500,MT-TV,OMIM:300438,HSD10 mitochondrial disease,HP:0001427,Mitochondrial inheritance,Other,1,Yes,11/23/2010 0:00:00,Definitive,1,"1-HP:0000707,1-HP:0001249,1-HP:0001250,1-HP:0002011,1-HP:0003011,1-HP:0003676,1-HP:0011420,1-HP:0012103"
307,445,HGNC:7526,MMUT,OMIM:251000,"Methylmalonic aciduria, mut(0) type",HP:0000007,Autosomal recessive inheritance,Autosomal recessive,1,Yes,11/23/2010 0:00:00,Definitive,1,"1-HP:0000119,1-HP:0000707,1-HP:0001249,1-HP:0001939,1-HP:0004322"
308,446,HGNC:7530,MVK,OMIM:610377,Mevalonic aciduria,HP:0000007,Autosomal recessive inheritance,Autosomal recessive,1,Yes,11/23/2010 0:00:00,Definitive,1,"1-HP:0000707,1-HP:0001249,1-HP:0001250,1-HP:0001256,1-HP:0001871,1-HP:0001939,1-HP:0001999,1-HP:0002342,1-HP:0002715,2-HP:0011420"
309,449,HGNC:7559,MYCN,OMIM:164280,Feingold syndrome 1,HP:0000006,Autosomal dominant inheritance,Autosomal dominant,1,Yes,11/23/2010 0:00:00,Definitive,1,"1-HP:0000118,1-HP:0000252,1-HP:0001249,1-HP:0001256,1-HP:0001627,1-HP:0001999,1-HP:0011024,1-HP:0040064"
310,450,HGNC:7602,MYO5A,OMIM:214450,"Griscelli syndrome, type 1",HP:0000007,Autosomal recessive inheritance,Autosomal recessive,1,Yes,11/23/2010 0:00:00,Definitive,1,"1-HP:0000707,1-HP:0001249,1-HP:0001256,1-HP:0001574,1-HP:0002342"
311,451,HGNC:18704,NAA10,OMIM:300855_1,Ogden syndrome,HP:0001419,X-linked recessive inheritance,X-linked,1,Yes,9/20/2011 0:00:00,Definitive,1,"1-HP:0000119,1-HP:0000707,1-HP:0000924,1-HP:0001249,1-HP:0001249,1-HP:0001574,1-HP:0001574,1-HP:0001627,1-HP:0001627,1-HP:0001999,1-HP:0001999,1-HP:0002011,1-HP:0002342,1-HP:0004322,1-HP:0010864,1-HP:0011420,1-HP:0040064"
312,452,HGNC:7631,NAGA,OMIM:609241_1,"Schindler disease, type I",HP:0000007,Autosomal recessive inheritance,Autosomal recessive,1,Yes,11/23/2010 0:00:00,Definitive,1,"1-HP:0000365,1-HP:0000478,1-HP:0000707,1-HP:0000707,1-HP:0001249,1-HP:0001249,1-HP:0001256,1-HP:0001574,1-HP:0001574,1-HP:0001939,1-HP:0001939,1-HP:0002342,1-HP:0003676,1-HP:0003676,1-HP:0011420"
313,453,HGNC:7631,NAGA,OMIM:609242,Kanzaki disease,HP:0000007,Autosomal recessive inheritance,Autosomal recessive,1,Yes,11/23/2010 0:00:00,Definitive,1,"1-HP:0000365,1-HP:0000707,1-HP:0000707,1-HP:0001249,1-HP:0001249,1-HP:0001256,1-HP:0001256,1-HP:0001574,1-HP:0001574,1-HP:0001627,1-HP:0001939,1-HP:0001939,1-HP:0002342,1-HP:0003676,1-HP:0003676"
314,454,HGNC:7632,NAGLU,OMIM:252920,Mucopolysaccharidosis type IIIB (Sanfilippo B),HP:0000007,Autosomal recessive inheritance,Autosomal recessive,1,Yes,11/23/2010 0:00:00,Definitive,1,"1-HP:0000708,1-HP:0000708,1-HP:0000924,1-HP:0001249,1-HP:0001249,1-HP:0001250,1-HP:0001939,1-HP:0001939,1-HP:0001999,1-HP:0002376,1-HP:0003676,1-HP:0003676,1-HP:0010864,1-HP:0011420,1-HP:0011420,3-HP:0001256,3-HP:0002187"
315,455,HGNC:7652,NBN,OMIM:251260,Nijmegen breakage syndrome,HP:0000007,Autosomal recessive inheritance,Autosomal recessive,1,Yes,11/23/2010 0:00:00,Definitive,1,"1-HP:0000119,1-HP:0000252,1-HP:0000252,1-HP:0000818,1-HP:0000818,1-HP:0001249,1-HP:0001249,1-HP:0001999,1-HP:0002342,1-HP:0002342,1-HP:0002664,1-HP:0002664,1-HP:0002715,1-HP:0002715,1-HP:0003676,1-HP:0004322,1-HP:0004322"
316,456,HGNC:17619,NDE1,OMIM:614019,Lissencephaly 4 (with microcephaly),HP:0000007,Autosomal recessive inheritance,Autosomal recessive,1,Yes,6/26/2011 0:00:00,Definitive,1,"1-HP:0000252,1-HP:0000252,1-HP:0001249,1-HP:0001249,1-HP:0001250,1-HP:0002011,1-HP:0002011,1-HP:0002187,1-HP:0002342,1-HP:0010864,2-HP:0001250,2-HP:0004322"
317,457,HGNC:7678,NDP,OMIM:310600,Norrie disease,HP:0001417,X-linked other inheritance,X-linked,1,Yes,11/23/2010 0:00:00,Definitive,1,"1-HP:0000365,1-HP:0000365,1-HP:0000478,1-HP:0000478,1-HP:0000708,1-HP:0000708,1-HP:0001249,1-HP:0001249,1-HP:0001250"
318,459,HGNC:7683,NDUFA1,OMIM:301020,"Mitochondrial complex I deficiency, nuclear type 12",HP:0001417,X-linked other inheritance,X-linked,1,Yes,11/23/2010 0:00:00,Definitive,1,"1-HP:0000707,1-HP:0001249,1-HP:0001250,1-HP:0002011,1-HP:0003011,1-HP:0003676,1-HP:0011420,1-HP:0012103"
319,460,HGNC:20371,NDUFA11,OMIM:618236,"Mitochondrial complex I deficiency, nuclear type 14",HP:0000007,Autosomal recessive inheritance,Autosomal recessive,1,Yes,11/23/2010 0:00:00,Definitive,1,"1-HP:0000707,1-HP:0001249,1-HP:0001250,1-HP:0001939,1-HP:0002011,1-HP:0003011,1-HP:0003676,1-HP:0011420,1-HP:0012103"
320,462,HGNC:7707,NDUFS1,OMIM:618226,"Mitochondrial complex I deficiency, nuclear type 5",HP:0000007,Autosomal recessive inheritance,Autosomal recessive,1,Yes,11/23/2010 0:00:00,Definitive,1,"1-HP:0000707,1-HP:0001249,1-HP:0001250,1-HP:0001939,1-HP:0002011,1-HP:0003011,1-HP:0003676,1-HP:0011420,1-HP:0012103"
321,463,HGNC:7708,NDUFS2,OMIM:618228,"Mitochondrial complex I deficiency, nuclear type 6",HP:0000007,Autosomal recessive inheritance,Autosomal recessive,1,Yes,11/23/2010 0:00:00,Definitive,1,"1-HP:0000707,1-HP:0001249,1-HP:0001250,1-HP:0001939,1-HP:0002011,1-HP:0002376,1-HP:0003011,1-HP:0011420,1-HP:0012103"
322,464,HGNC:7710,NDUFS3,OMIM:618230,"Mitochondrial complex I deficiency, nuclear type 8",HP:0000007,Autosomal recessive inheritance,Autosomal recessive,1,Yes,11/23/2010 0:00:00,Definitive,1,"1-HP:0000707,1-HP:0001249,1-HP:0001250,1-HP:0001939,1-HP:0002011,1-HP:0002376,1-HP:0003011,1-HP:0003676,1-HP:0011420,1-HP:0012103"
323,467,HGNC:7711,NDUFS4,OMIM:252010,"Mitochondrial complex I deficiency, nuclear type 1",HP:0000007,Autosomal recessive inheritance,Autosomal recessive,1,Yes,11/23/2010 0:00:00,Definitive,1,"1-HP:0000707,1-HP:0001249,1-HP:0001250,1-HP:0001939,1-HP:0002011,1-HP:0003011,1-HP:0003676,1-HP:0011420,1-HP:0012103"
324,468,HGNC:7714,NDUFS7,OMIM:618224,"Mitochondrial complex I deficiency, nuclear type 3",HP:0000007,Autosomal recessive inheritance,Autosomal recessive,1,Yes,11/23/2010 0:00:00,Definitive,1,"1-HP:0000707,1-HP:0001249,1-HP:0001250,1-HP:0002011,1-HP:0003011,1-HP:0003676,1-HP:0011420,1-HP:0012103"
325,469,HGNC:7715,NDUFS8,OMIM:618222,"Mitochondrial complex I deficiency, nuclear type 2",HP:0000007,Autosomal recessive inheritance,Autosomal recessive,1,Yes,12/9/2010 0:00:00,Definitive,1,"1-HP:0000707,1-HP:0001249,1-HP:0001250,1-HP:0001939,1-HP:0002011,1-HP:0002376,1-HP:0003011,1-HP:0003676,1-HP:0011420,1-HP:0012103"
326,470,HGNC:7716,NDUFV1,OMIM:618225,"Mitochondrial complex I deficiency, nuclear type 4",HP:0000007,Autosomal recessive inheritance,Autosomal recessive,1,Yes,12/9/2010 0:00:00,Definitive,1,"1-HP:0000478,1-HP:0000707,1-HP:0000707,1-HP:0001249,1-HP:0001249,1-HP:0001250,1-HP:0001250,1-HP:0001939,1-HP:0002011,1-HP:0002011,1-HP:0002376,1-HP:0002376,1-HP:0003011,1-HP:0003011,1-HP:0003676,1-HP:0003676,1-HP:0011024,1-HP:0011420,1-HP:0011420,1-HP:0012103,1-HP:0012103"
327,471,HGNC:7758,NEU1,OMIM:256550_1,"Sialidosis, type I",HP:0000007,Autosomal recessive inheritance,Autosomal recessive,1,Yes,11/23/2010 0:00:00,Definitive,1,"1-HP:0000365,1-HP:0000478,1-HP:0000707,1-HP:0000707,1-HP:0000924,1-HP:0000924,1-HP:0001249,1-HP:0001249,1-HP:0001250,1-HP:0001256,1-HP:0001256,1-HP:0001939,1-HP:0001939,1-HP:0001999,1-HP:0002342,1-HP:0002342,1-HP:0003676,1-HP:0003676,1-HP:0004322,1-HP:0010864,1-HP:0011420"
328,472,HGNC:7765,NF1,OMIM:162200,"Neurofibromatosis, type 1",HP:0000006,Autosomal dominant inheritance,Autosomal dominant,1,Yes,11/23/2010 0:00:00,Definitive,1,"1-HP:0000478,1-HP:0000478,1-HP:0000708,1-HP:0001249,1-HP:0001249,1-HP:0001256,1-HP:0001574,1-HP:0001574,1-HP:0002664,1-HP:0002664,1-HP:0006889,3-HP:0001250"
329,473,HGNC:7765,NF1,OMIM:601321,Neurofibromatosis-Noonan syndrome,HP:0000006,Autosomal dominant inheritance,Autosomal dominant,1,Yes,11/23/2010 0:00:00,Definitive,1,"1-HP:0000118,1-HP:0000256,1-HP:0000478,1-HP:0000478,1-HP:0001249,1-HP:0001249,1-HP:0001574,1-HP:0001574,1-HP:0001627,1-HP:0001999,1-HP:0002664,1-HP:0002664,1-HP:0004322"
330,474,HGNC:7765,NF1,OMIM:193520,Watson syndrome,HP:0000006,Autosomal dominant inheritance,Autosomal dominant,1,Yes,11/23/2010 0:00:00,Definitive,1,"1-HP:0000256,1-HP:0000478,1-HP:0000478,1-HP:0001249,1-HP:0001249,1-HP:0001256,1-HP:0001256,1-HP:0001574,1-HP:0001574,1-HP:0001627,1-HP:0002342,1-HP:0002664,1-HP:0004322"
331,476,HGNC:7820,NHS,OMIM:302350,Nance-Horan syndrome,HP:0001417,X-linked other inheritance,X-linked,1,Yes,11/23/2010 0:00:00,Definitive,1,"1-HP:0000118,1-HP:0000478,1-HP:0000478,1-HP:0000708,1-HP:0001249,1-HP:0001249,1-HP:0001999"
332,478,HGNC:28862,NIPBL,OMIM:122470,Cornelia de Lange syndrome 1,HP:0000006,Autosomal dominant inheritance,Autosomal dominant,1,Yes,11/23/2010 0:00:00,Definitive,1,"1-HP:0000119,1-HP:0000252,1-HP:0000252,1-HP:0000365,1-HP:0000708,1-HP:0001249,1-HP:0001249,1-HP:0001250,1-HP:0001627,1-HP:0001999,1-HP:0001999,1-HP:0002187,1-HP:0002342,1-HP:0004322,1-HP:0010864,1-HP:0010864,1-HP:0011024,1-HP:0040064,1-HP:0040064"
333,482,HGNC:14289,NLGN3,OMIM:300425,"{Autism susceptibility, X-linked 1}",HP:0001417,X-linked other inheritance,X-linked,1,Yes,11/23/2010 0:00:00,Definitive,1,"1-HP:0000708,1-HP:0000708,1-HP:0001249,1-HP:0001249,1-HP:0001256,1-HP:0002342"
334,485,HGNC:16400,NLRP3,OMIM:607115,CINCA syndrome,HP:0000006,Autosomal dominant inheritance,Autosomal dominant,1,Yes,11/23/2010 0:00:00,Definitive,1,"1-HP:0000365,1-HP:0000365,1-HP:0000478,1-HP:0000707,1-HP:0000707,1-HP:0001249,1-HP:0001249,1-HP:0001574,1-HP:0001574,1-HP:0001999,1-HP:0002715,1-HP:0002715,1-HP:0003676,1-HP:0003676,1-HP:0040064,2-HP:0004322,2-HP:0004322"
335,491,HGNC:8008,NRXN1,OMIM:614325,Pitt-Hopkins-like syndrome 2,HP:0000007,Autosomal recessive inheritance,Autosomal recessive,1,Yes,11/23/2010 0:00:00,Definitive,1,"1-HP:0000365,1-HP:0000478,1-HP:0000708,1-HP:0000708,1-HP:0001249,1-HP:0001249,1-HP:0001250,1-HP:0001250,1-HP:0001999,1-HP:0002011,1-HP:0002270,1-HP:0002270,1-HP:0002342,1-HP:0002376,1-HP:0010864,1-HP:0010864,1-HP:0011024"
336,494,HGNC:14234,NSD1,OMIM:117550,Sotos syndrome,HP:0000006,Autosomal dominant inheritance,Autosomal dominant,1,Yes,11/23/2010 0:00:00,Definitive,1,"1-HP:0000077,1-HP:0000077,1-HP:0000098,1-HP:0000119,1-HP:0000119,1-HP:0000256,1-HP:0000708,1-HP:0000708,1-HP:0000924,1-HP:0000924,1-HP:0001249,1-HP:0001249,1-HP:0001250,1-HP:0001250,1-HP:0001256,1-HP:0001256,1-HP:0001548,1-HP:0001548,1-HP:0001627,1-HP:0001627,1-HP:0001999,1-HP:0001999,1-HP:0002011,1-HP:0002011,1-HP:0002342,1-HP:0010864"
337,497,HGNC:13398,NSDHL,OMIM:300831,CK syndrome,HP:0001419,X-linked recessive inheritance,X-linked,1,Yes,6/26/2011 0:00:00,Definitive,1,"1-HP:0000252,1-HP:0000252,1-HP:0000478,1-HP:0000708,1-HP:0000708,1-HP:0000924,1-HP:0001249,1-HP:0001249,1-HP:0001250,1-HP:0001250,1-HP:0001256,1-HP:0001256,1-HP:0001999,1-HP:0001999,1-HP:0002011,1-HP:0002011,1-HP:0002342,1-HP:0010864"
338,499,HGNC:25994,NSUN2,OMIM:611091,"Intellectual developmental disorder, autosomal recessive 5",HP:0000007,Autosomal recessive inheritance,Autosomal recessive,1,Yes,2/20/2012 0:00:00,Definitive,1,"1-HP:0000252,1-HP:0000252,1-HP:0000707,1-HP:0000707,1-HP:0000708,1-HP:0001249,1-HP:0001249,1-HP:0001250,1-HP:0001999,1-HP:0001999,1-HP:0002342,1-HP:0002342,1-HP:0004322,1-HP:0004322,1-HP:0010864,1-HP:0010864"
339,500,HGNC:8031,NTRK1,OMIM:256800,"Insensitivity to pain, congenital, with anhidrosis",HP:0000007,Autosomal recessive inheritance,Autosomal recessive,1,Yes,11/23/2010 0:00:00,Definitive,1,"1-HP:0000707,1-HP:0000707,1-HP:0000708,1-HP:0000708,1-HP:0000924,1-HP:0001249,1-HP:0001249,1-HP:0001256,1-HP:0001256,1-HP:0001574,1-HP:0002270,1-HP:0002270,1-HP:0002342,1-HP:0002342,1-HP:0002715,1-HP:0006889,1-HP:0010864"
340,502,HGNC:8104,OCLN,OMIM:251290,Pseudo-TORCH syndrome 1,HP:0000007,Autosomal recessive inheritance,Autosomal recessive,1,Yes,10/24/2011 0:00:00,Definitive,1,"1-HP:0000252,1-HP:0000252,1-HP:0000707,1-HP:0000707,1-HP:0001249,1-HP:0001249,1-HP:0001250,1-HP:0001250,1-HP:0001871,1-HP:0001939,1-HP:0002011,1-HP:0002011,1-HP:0002342,1-HP:0002342,1-HP:0010864,1-HP:0010864,1-HP:0011420,1-HP:0011420"
341,503,HGNC:8108,OCRL,OMIM:309000,Lowe syndrome,HP:0001417,X-linked other inheritance,X-linked,1,Yes,11/23/2010 0:00:00,Definitive,1,"1-HP:0000077,1-HP:0000077,1-HP:0000119,1-HP:0000119,1-HP:0000478,1-HP:0000478,1-HP:0000707,1-HP:0000707,1-HP:0000708,1-HP:0000708,1-HP:0000924,1-HP:0001249,1-HP:0001249,1-HP:0001250,1-HP:0001250,1-HP:0001256,1-HP:0001256,1-HP:0001871,1-HP:0001939,1-HP:0001939,1-HP:0001999,1-HP:0002342,1-HP:0002342,1-HP:0004322,1-HP:0004322,1-HP:0010864"
342,504,HGNC:8108,OCRL,OMIM:300555,Dent disease 2,HP:0001417,X-linked other inheritance,X-linked,1,Yes,11/23/2010 0:00:00,Definitive,1,"1-HP:0000077,1-HP:0000077,1-HP:0000119,1-HP:0000119,1-HP:0000478,1-HP:0001249,1-HP:0001249,1-HP:0001256,1-HP:0001256,1-HP:0001939,1-HP:0001939,1-HP:0004322,1-HP:0004322"
343,505,HGNC:2567,OFD1,OMIM:311200,Orofaciodigital syndrome I,HP:0001423,X-linked dominant inheritance,X-linked,1,Yes,11/23/2010 0:00:00,Definitive,1,"1-HP:0000077,1-HP:0000077,1-HP:0000119,1-HP:0000119,1-HP:0000202,1-HP:0000202,1-HP:0000365,1-HP:0001249,1-HP:0001249,1-HP:0001250,1-HP:0001256,1-HP:0001999,1-HP:0001999,1-HP:0002011,1-HP:0002011,1-HP:0040064,1-HP:0040064"
344,506,HGNC:2567,OFD1,OMIM:300804,Joubert syndrome 10,HP:0001419,X-linked recessive inheritance,X-linked,1,Yes,11/23/2010 0:00:00,Definitive,1,"1-HP:0000119,1-HP:0000119,1-HP:0000478,1-HP:0000478,1-HP:0000707,1-HP:0000707,1-HP:0001249,1-HP:0001249,1-HP:0001249,1-HP:0001256,1-HP:0001256,1-HP:0001999,1-HP:0001999,1-HP:0002011,1-HP:0002011,1-HP:0002011,1-HP:0002342,1-HP:0002342,1-HP:0040064,1-HP:0040064,2-HP:0000707,2-HP:0000707,2-HP:0000707,2-HP:0002270,2-HP:0002270,2-HP:0002270"
345,509,HGNC:8487,ORC1,OMIM:224690,Meier-Gorlin syndrome 1,HP:0000007,Autosomal recessive inheritance,Autosomal recessive,1,Yes,6/26/2011 0:00:00,Definitive,1,"1-HP:0000118,1-HP:0000118,1-HP:0000252,1-HP:0000252,1-HP:0000924,1-HP:0000924,1-HP:0001249,1-HP:0001249,1-HP:0001999,1-HP:0001999,1-HP:0004322,1-HP:0004322,3-HP:0001249"
346,510,HGNC:30032,PACS1,OMIM:615009,Schuurs-Hoeijmakers syndrome,HP:0000006,Autosomal dominant inheritance,Autosomal dominant,1,Yes,2/20/2012 0:00:00,Definitive,1,"1-HP:0000119,1-HP:0000119,1-HP:0000252,1-HP:0000478,1-HP:0000478,1-HP:0000707,1-HP:0000707,1-HP:0000708,1-HP:0000708,1-HP:0001249,1-HP:0001249,1-HP:0001250,1-HP:0001250,1-HP:0001256,1-HP:0001627,1-HP:0001627,1-HP:0001999,1-HP:0001999,1-HP:0002011,1-HP:0002011,1-HP:0002270,1-HP:0002342,1-HP:0004322,1-HP:0010864,1-HP:0011024,1-HP:0011024,3-HP:0001256,3-HP:0001256,3-HP:0002342,3-HP:0002342"
347,511,HGNC:8574,PAFAH1B1,OMIM:607432_1,Lissencephaly 1,HP:0000006,Autosomal dominant inheritance,Autosomal dominant,1,Yes,11/23/2010 0:00:00,Definitive,1,"1-HP:0000252,1-HP:0000252,1-HP:0000707,1-HP:0000707,1-HP:0001249,1-HP:0001249,1-HP:0001250,1-HP:0001250,1-HP:0001256,1-HP:0002011,1-HP:0002011,1-HP:0002342,1-HP:0002376,1-HP:0010864,1-HP:0010864,1-HP:0011420"
348,512,HGNC:8592,PAK3,OMIM:300558,"Intellectual developmental disorder, X-linked 30",HP:0001417,X-linked other inheritance,X-linked,1,Yes,11/23/2010 0:00:00,Definitive,1,"1-HP:0000478,1-HP:0000707,1-HP:0000708,1-HP:0000708,1-HP:0001249,1-HP:0001249,1-HP:0001250,1-HP:0001256,1-HP:0002011,1-HP:0002342,1-HP:0010864,2-HP:0000252,2-HP:0000252"
349,514,HGNC:15894,PANK2,MONDO:0700096_1,human disease,HP:0000007,Autosomal recessive inheritance,Autosomal recessive,1,Yes,11/23/2010 0:00:00,Definitive,1,"1-HP:0000478,1-HP:0000478,1-HP:0000707,1-HP:0000707,1-HP:0001249,1-HP:0001249,1-HP:0001871,1-HP:0001939,1-HP:0001939,1-HP:0002011,1-HP:0002011,1-HP:0002376,1-HP:0003676,1-HP:0003676"
350,517,HGNC:8620,PAX6,OMIM:106210_1,Aniridia,HP:0000006,Autosomal dominant inheritance,Autosomal dominant,1,Yes,11/23/2010 0:00:00,Definitive,1,"1-HP:0000478,1-HP:0000478,1-HP:0000708,1-HP:0001249,1-HP:0001249,1-HP:0002011,2-HP:0002011"
351,523,HGNC:8636,PC,OMIM:266150,Pyruvate carboxylase deficiency,HP:0000007,Autosomal recessive inheritance,Autosomal recessive,1,Yes,11/23/2010 0:00:00,Definitive,1,"1-HP:0000478,1-HP:0000707,1-HP:0000707,1-HP:0001249,1-HP:0001249,1-HP:0001250,1-HP:0001250,1-HP:0001256,1-HP:0001939,1-HP:0001939,1-HP:0002011,1-HP:0002011,1-HP:0002342,1-HP:0003676,1-HP:0011420,1-HP:0011420"
352,524,HGNC:14270,PCDH19,OMIM:300088,Developmental and epileptic encephalopathy 9,HP:0001417,X-linked other inheritance,X-linked,1,Yes,1/30/2011 0:00:00,Definitive,1,"1-HP:0000708,1-HP:0000708,1-HP:0001249,1-HP:0001249,1-HP:0001250,1-HP:0001250,1-HP:0001256,1-HP:0001256,1-HP:0002342,1-HP:0010864"
353,525,HGNC:16068,PCNT,OMIM:210720,"Microcephalic osteodysplastic primordial dwarfism, type II",HP:0000007,Autosomal recessive inheritance,Autosomal recessive,1,Yes,11/23/2010 0:00:00,Definitive,1,"1-HP:0000077,1-HP:0000252,1-HP:0000252,1-HP:0000708,1-HP:0000924,1-HP:0000924,1-HP:0001249,1-HP:0001249,1-HP:0001256,1-HP:0001574,1-HP:0001627,1-HP:0001939,1-HP:0001999,1-HP:0004322,1-HP:0004322,1-HP:0006889,1-HP:0011420,3-HP:0011420"
354,526,HGNC:8806,PDHA1,OMIM:312170,Pyruvate dehydrogenase E1-alpha deficiency,HP:0001417,X-linked other inheritance,X-linked,1,Yes,11/23/2010 0:00:00,Definitive,1,"1-HP:0000707,1-HP:0000707,1-HP:0001249,1-HP:0001249,1-HP:0001250,1-HP:0001250,1-HP:0001939,1-HP:0001939,1-HP:0002011,1-HP:0002011,1-HP:0003676,1-HP:0011420"
355,530,HGNC:8840,PEPD,OMIM:170100,Prolidase deficiency,HP:0000007,Autosomal recessive inheritance,Autosomal recessive,1,Yes,11/23/2010 0:00:00,Definitive,1,"1-HP:0000478,1-HP:0000924,1-HP:0001249,1-HP:0001249,1-HP:0001256,1-HP:0001256,1-HP:0001574,1-HP:0001574,1-HP:0001871,1-HP:0001939,1-HP:0001939,1-HP:0001999,1-HP:0001999,1-HP:0002342,1-HP:0002342,1-HP:0002715,1-HP:0002715,1-HP:0010864,1-HP:0040064"
356,531,HGNC:8850,PEX1,OMIM:214100,Peroxisome biogenesis disorder 1A (Zellweger),HP:0000007,Autosomal recessive inheritance,Autosomal recessive,1,Yes,11/23/2010 0:00:00,Definitive,1,"1-HP:0000365,1-HP:0000365,1-HP:0000478,1-HP:0000478,1-HP:0000707,1-HP:0000707,1-HP:0000924,1-HP:0001249,1-HP:0001249,1-HP:0001250,1-HP:0001250,1-HP:0001939,1-HP:0001939,1-HP:0001999,1-HP:0001999,1-HP:0002011,1-HP:0002011,1-HP:0002342,1-HP:0010864,1-HP:0011420,1-HP:0011420"
357,532,HGNC:8850,PEX1,OMIM:601539,Peroxisome biogenesis disorder 1B (NALD/IRD),HP:0000007,Autosomal recessive inheritance,Autosomal recessive,1,Yes,11/23/2010 0:00:00,Definitive,1,"1-HP:0000365,1-HP:0000365,1-HP:0000478,1-HP:0000478,1-HP:0000707,1-HP:0001249,1-HP:0001249,1-HP:0001256,1-HP:0001256,1-HP:0001939,1-HP:0001939,1-HP:0002011,1-HP:0002342,1-HP:0002376,1-HP:0003676,1-HP:0003676"
358,533,HGNC:8851,PEX10,OMIM:614870,Peroxisome biogenesis disorder 6A (Zellweger),HP:0000007,Autosomal recessive inheritance,Autosomal recessive,1,Yes,11/23/2010 0:00:00,Definitive,1,"1-HP:0000365,1-HP:0000365,1-HP:0000478,1-HP:0000478,1-HP:0000707,1-HP:0000707,1-HP:0001249,1-HP:0001249,1-HP:0001250,1-HP:0001250,1-HP:0001939,1-HP:0001939,1-HP:0001999,1-HP:0001999,1-HP:0002011,1-HP:0002011,1-HP:0002342,1-HP:0002376,1-HP:0010864,1-HP:0011420,1-HP:0011420"
359,534,HGNC:8851,PEX10,OMIM:614871,Peroxisome biogenesis disorder 6B,HP:0000007,Autosomal recessive inheritance,Autosomal recessive,1,Yes,11/23/2010 0:00:00,Definitive,1,"1-HP:0000365,1-HP:0000365,1-HP:0000478,1-HP:0000478,1-HP:0000707,1-HP:0000707,1-HP:0001249,1-HP:0001249,1-HP:0001250,1-HP:0001256,1-HP:0001939,1-HP:0001939,1-HP:0002342,1-HP:0002376,1-HP:0003676,1-HP:0011420"
360,535,HGNC:8853,PEX11B,OMIM:614920,Peroxisome biogenesis disorder 14B,HP:0000007,Autosomal recessive inheritance,Autosomal recessive,1,Yes,2/20/2012 0:00:00,Definitive,1,"1-HP:0000365,1-HP:0000365,1-HP:0000478,1-HP:0000478,1-HP:0000707,1-HP:0000707,1-HP:0000708,1-HP:0000924,1-HP:0001249,1-HP:0001249,1-HP:0001574,1-HP:0001939,1-HP:0001999,1-HP:0002270,1-HP:0002270,1-HP:0004322,1-HP:0011024,1-HP:0011024,3-HP:0001256,3-HP:0001256"
361,536,HGNC:8854,PEX12,OMIM:614859,Peroxisome biogenesis disorder 3A (Zellweger),HP:0000007,Autosomal recessive inheritance,Autosomal recessive,1,Yes,11/23/2010 0:00:00,Definitive,1,"1-HP:0000365,1-HP:0000365,1-HP:0000478,1-HP:0000478,1-HP:0000707,1-HP:0000707,1-HP:0000924,1-HP:0001249,1-HP:0001249,1-HP:0001250,1-HP:0001250,1-HP:0001939,1-HP:0001939,1-HP:0001999,1-HP:0001999,1-HP:0002011,1-HP:0002011,1-HP:0002342,1-HP:0002376,1-HP:0010864,1-HP:0011420,1-HP:0011420"
362,537,HGNC:8854,PEX12,OMIM:266510,Peroxisome biogenesis disorder 3B,HP:0000007,Autosomal recessive inheritance,Autosomal recessive,1,Yes,11/23/2010 0:00:00,Definitive,1,"1-HP:0000365,1-HP:0000365,1-HP:0000478,1-HP:0000478,1-HP:0000707,1-HP:0000707,1-HP:0001249,1-HP:0001249,1-HP:0001250,1-HP:0001939,1-HP:0001939,1-HP:0002011,1-HP:0002342,1-HP:0002376,1-HP:0003676,1-HP:0010864,1-HP:0011420,1-HP:0011420"
363,538,HGNC:8855,PEX13,OMIM:614883,Peroxisome biogenesis disorder 11A (Zellweger),HP:0000007,Autosomal recessive inheritance,Autosomal recessive,1,Yes,11/23/2010 0:00:00,Definitive,1,"1-HP:0000365,1-HP:0000365,1-HP:0000478,1-HP:0000478,1-HP:0000707,1-HP:0000707,1-HP:0001249,1-HP:0001249,1-HP:0001250,1-HP:0001250,1-HP:0001939,1-HP:0001939,1-HP:0001999,1-HP:0001999,1-HP:0002011,1-HP:0002011,1-HP:0002342,1-HP:0002376,1-HP:0010864,1-HP:0011420,1-HP:0011420"
364,540,HGNC:22965,PEX26,OMIM:614872,Peroxisome biogenesis disorder 7A (Zellweger),HP:0000007,Autosomal recessive inheritance,Autosomal recessive,1,Yes,11/23/2010 0:00:00,Definitive,1,"1-HP:0000365,1-HP:0000365,1-HP:0000478,1-HP:0000707,1-HP:0000707,1-HP:0000924,1-HP:0001249,1-HP:0001249,1-HP:0001250,1-HP:0001250,1-HP:0001939,1-HP:0001939,1-HP:0001999,1-HP:0001999,1-HP:0002011,1-HP:0002011,1-HP:0011420,1-HP:0011420,2-HP:0002376"
365,541,HGNC:22965,PEX26,OMIM:614873,Peroxisome biogenesis disorder 7B,HP:0000007,Autosomal recessive inheritance,Autosomal recessive,1,Yes,11/23/2010 0:00:00,Definitive,1,"1-HP:0000365,1-HP:0000365,1-HP:0000478,1-HP:0000707,1-HP:0000707,1-HP:0001249,1-HP:0001249,1-HP:0001250,1-HP:0001939,1-HP:0001939,1-HP:0002011,1-HP:0002011,1-HP:0011420,1-HP:0011420,2-HP:0002376,2-HP:0003676"
366,542,HGNC:9719,PEX5,OMIM:214110,Peroxisome biogenesis disorder 2A (Zellweger),HP:0000007,Autosomal recessive inheritance,Autosomal recessive,1,Yes,11/23/2010 0:00:00,Definitive,1,"1-HP:0000365,1-HP:0000365,1-HP:0000478,1-HP:0000478,1-HP:0000707,1-HP:0000707,1-HP:0001249,1-HP:0001249,1-HP:0001250,1-HP:0001250,1-HP:0001939,1-HP:0001939,1-HP:0001999,1-HP:0001999,1-HP:0002011,1-HP:0002011,1-HP:0002342,1-HP:0002376,1-HP:0010864,1-HP:0011420,1-HP:0011420"
367,543,HGNC:9719,PEX5,OMIM:202370,Peroxisome biogenesis disorder 2B,HP:0000007,Autosomal recessive inheritance,Autosomal recessive,1,Yes,11/23/2010 0:00:00,Definitive,1,"1-HP:0000365,1-HP:0000365,1-HP:0000478,1-HP:0000478,1-HP:0000707,1-HP:0001249,1-HP:0001249,1-HP:0001250,1-HP:0001939,1-HP:0001939,1-HP:0002342,1-HP:0002376,1-HP:0003676,1-HP:0010864,1-HP:0011420"
368,544,HGNC:8859,PEX6,OMIM:614862,Peroxisome biogenesis disorder 4A (Zellweger),HP:0000007,Autosomal recessive inheritance,Autosomal recessive,1,Yes,11/23/2010 0:00:00,Definitive,1,"1-HP:0000365,1-HP:0000365,1-HP:0000478,1-HP:0000478,1-HP:0000707,1-HP:0000707,1-HP:0000924,1-HP:0001249,1-HP:0001249,1-HP:0001250,1-HP:0001250,1-HP:0001939,1-HP:0001939,1-HP:0001999,1-HP:0001999,1-HP:0002342,1-HP:0002376,1-HP:0010864,1-HP:0011420,1-HP:0011420"
369,545,HGNC:8859,PEX6,OMIM:614863_2,Peroxisome biogenesis disorder 4B,HP:0000007,Autosomal recessive inheritance,Autosomal recessive,1,Yes,11/23/2010 0:00:00,Definitive,1,"1-HP:0000365,1-HP:0000365,1-HP:0000478,1-HP:0000478,1-HP:0000707,1-HP:0000707,1-HP:0001249,1-HP:0001249,1-HP:0001939,1-HP:0001939,1-HP:0002342,1-HP:0002376,1-HP:0003676,1-HP:0010864,1-HP:0011420"
370,546,HGNC:8860,PEX7,OMIM:215100,"Rhizomelic chondrodysplasia punctata, type 1",HP:0000007,Autosomal recessive inheritance,Autosomal recessive,1,Yes,11/23/2010 0:00:00,Definitive,1,"1-HP:0000478,1-HP:0000478,1-HP:0000924,1-HP:0000924,1-HP:0001249,1-HP:0001249,1-HP:0001250,1-HP:0001250,1-HP:0001574,1-HP:0001627,1-HP:0001939,1-HP:0001939,1-HP:0001999,1-HP:0004322,1-HP:0004322,1-HP:0010864,1-HP:0010864,1-HP:0011420,1-HP:0011420,1-HP:0040064"
371,547,HGNC:8860,PEX7,OMIM:614879,Peroxisome biogenesis disorder 9B,HP:0000007,Autosomal recessive inheritance,Autosomal recessive,1,Yes,11/23/2010 0:00:00,Definitive,1,"1-HP:0000365,1-HP:0000478,1-HP:0000478,1-HP:0000707,1-HP:0000707,1-HP:0000924,1-HP:0001249,1-HP:0001249,1-HP:0001256,1-HP:0001574,1-HP:0001627,1-HP:0001939,1-HP:0001939,1-HP:0002342,1-HP:0002342,1-HP:0003676,1-HP:0010864"
372,548,HGNC:8896,PGK1,OMIM:300653,Phosphoglycerate kinase 1 deficiency,HP:0001419,X-linked recessive inheritance,X-linked,1,Yes,11/23/2010 0:00:00,Definitive,1,"1-HP:0000707,1-HP:0000707,1-HP:0001249,1-HP:0001249,1-HP:0001871,1-HP:0001871,1-HP:0001939,1-HP:0001939,1-HP:0003011,1-HP:0003011,2-HP:0001250"
373,549,HGNC:18145,PHF6,OMIM:301900,Borjeson-Forssman-Lehmann syndrome,HP:0001419,X-linked recessive inheritance,X-linked,1,Yes,11/23/2010 0:00:00,Definitive,1,"1-HP:0000119,1-HP:0000119,1-HP:0000707,1-HP:0000707,1-HP:0000818,1-HP:0000818,1-HP:0001249,1-HP:0001249,1-HP:0001249,1-HP:0001256,1-HP:0001256,1-HP:0001256,1-HP:0001513,1-HP:0001513,1-HP:0001513,1-HP:0001999,1-HP:0001999,1-HP:0001999,1-HP:0002270,1-HP:0002270,1-HP:0002342,1-HP:0002342,1-HP:0002342,1-HP:0004322,1-HP:0004322,1-HP:0004322,1-HP:0040064,1-HP:0040064"
374,550,HGNC:20672,PHF8,OMIM:300263,"Intellectual developmental disorder, X-linked syndromic, Siderius type",HP:0001419,X-linked recessive inheritance,X-linked,1,Yes,11/23/2010 0:00:00,Definitive,1,"1-HP:0000202,1-HP:0000202,1-HP:0000202,1-HP:0000708,1-HP:0001249,1-HP:0001249,1-HP:0001249,1-HP:0001256,1-HP:0001256,1-HP:0001256,1-HP:0001999,1-HP:0001999,1-HP:0001999,1-HP:0002342,1-HP:0006889,1-HP:0006889,1-HP:0006889,1-HP:0010864,1-HP:0040064"
375,551,HGNC:8923,PHGDH,OMIM:601815,Phosphoglycerate dehydrogenase deficiency,HP:0000007,Autosomal recessive inheritance,Autosomal recessive,1,Yes,11/23/2010 0:00:00,Definitive,1,"1-HP:0000252,1-HP:0000252,1-HP:0000252,1-HP:0000707,1-HP:0000707,1-HP:0001249,1-HP:0001249,1-HP:0001249,1-HP:0001250,1-HP:0001250,1-HP:0001250,1-HP:0001256,1-HP:0001256,1-HP:0001939,1-HP:0001939,1-HP:0002011,1-HP:0002011,1-HP:0002342,1-HP:0002342"
376,552,HGNC:8967,PIGN,OMIM:614080,Multiple congenital anomalies-hypotonia-seizures syndrome 1,HP:0000007,Autosomal recessive inheritance,Autosomal recessive,1,Yes,9/20/2011 0:00:00,Definitive,1,"1-HP:0000118,1-HP:0000118,1-HP:0000119,1-HP:0000119,1-HP:0000119,1-HP:0000478,1-HP:0000478,1-HP:0000707,1-HP:0000707,1-HP:0000707,1-HP:0000707,1-HP:0001249,1-HP:0001249,1-HP:0001249,1-HP:0001249,1-HP:0001250,1-HP:0001250,1-HP:0001250,1-HP:0001250,1-HP:0001627,1-HP:0001627,1-HP:0001627,1-HP:0001999,1-HP:0001999,1-HP:0001999,1-HP:0002011,1-HP:0002011,1-HP:0002011,1-HP:0002342,1-HP:0002342,1-HP:0010864,1-HP:0010864,1-HP:0010864,1-HP:0011024,1-HP:0011024,1-HP:0011024,1-HP:0011420,1-HP:0011420,1-HP:0011420,4-HP:0011420,4-HP:0011420"
377,553,HGNC:23215,PIGO,OMIM:614749,Hyperphosphatasia with impaired intellectual development syndrome 2,HP:0000007,Autosomal recessive inheritance,Autosomal recessive,1,Yes,2/20/2012 0:00:00,Definitive,1,"1-HP:0000924,1-HP:0001249,1-HP:0001249,1-HP:0001939,1-HP:0001939,1-HP:0001999,1-HP:0001999,1-HP:0002342,1-HP:0002342,1-HP:0010864,1-HP:0010864,1-HP:0040064,2-HP:0000118,2-HP:0001250,2-HP:0001627,3-HP:0000202,3-HP:0001250,3-HP:0001627"
378,554,HGNC:26031,PIGV,OMIM:239300,Hyperphosphatasia with impaired intellectual development syndrome 1,HP:0000007,Autosomal recessive inheritance,Autosomal recessive,1,Yes,11/23/2010 0:00:00,Definitive,1,"1-HP:0001249,1-HP:0001249,1-HP:0001939,1-HP:0001939,1-HP:0001999,1-HP:0001999,1-HP:0002342,1-HP:0010864,1-HP:0010864,1-HP:0040064,1-HP:0040064,2-HP:0001250,3-HP:0001250"
379,555,HGNC:8975,PIK3CA,OMIM:602501,"Megalencephaly-capillary malformation-polymicrogyria syndrome, somatic",HP:0001428,Somatic mutation,Other,1,Yes,2/20/2012 0:00:00,Definitive,1,"1-HP:0000256,1-HP:0000256,1-HP:0000818,1-HP:0000924,1-HP:0001249,1-HP:0001249,1-HP:0001250,1-HP:0001574,1-HP:0001574,1-HP:0001999,1-HP:0002011,1-HP:0002011,1-HP:0040064,3-HP:0000708,3-HP:0002664"
380,557,HGNC:8980,PIK3R2,OMIM:603387,Megalencephaly-polymicrogyria-polydactyly-hydrocephalus syndrome 1,HP:0000006,Autosomal dominant inheritance,Autosomal dominant,1,Yes,2/20/2012 0:00:00,Definitive,1,"1-HP:0000256,1-HP:0000256,1-HP:0000478,1-HP:0001249,1-HP:0001249,1-HP:0001250,1-HP:0001256,1-HP:0001256,1-HP:0001999,1-HP:0002011,1-HP:0002011,1-HP:0002342,1-HP:0002342,1-HP:0010864,1-HP:0040064,1-HP:0040064"
381,558,HGNC:9086,PLP1,OMIM:312080,Pelizaeus-Merzbacher disease,HP:0001417,X-linked other inheritance,X-linked,1,Yes,11/23/2010 0:00:00,Definitive,1,"1-HP:0000478,1-HP:0000707,1-HP:0000707,1-HP:0001249,1-HP:0001249,1-HP:0001250,1-HP:0001250,1-HP:0002011,1-HP:0002011,1-HP:0010864,1-HP:0010864,2-HP:0011420,3-HP:0004322,3-HP:0011420"
382,560,HGNC:9115,PMM2,OMIM:212065,"Congenital disorder of glycosylation, type Ia",HP:0000007,Autosomal recessive inheritance,Autosomal recessive,1,Yes,11/23/2010 0:00:00,Definitive,1,"1-HP:0000119,1-HP:0000478,1-HP:0000478,1-HP:0000707,1-HP:0000707,1-HP:0000818,1-HP:0000924,1-HP:0001249,1-HP:0001249,1-HP:0001250,1-HP:0001256,1-HP:0001871,1-HP:0001871,1-HP:0001939,1-HP:0001939,1-HP:0001999,1-HP:0002011,1-HP:0002011,1-HP:0002342,1-HP:0004322,1-HP:0004322,1-HP:0011420,3-HP:0000077,3-HP:0001627,3-HP:0011420"
383,562,HGNC:23166,PNPT1,OMIM:614932,Combined oxidative phosphorylation deficiency 13,HP:0000007,Autosomal recessive inheritance,Autosomal recessive,1,Yes,2/20/2012 0:00:00,Definitive,1,"1-HP:0000119,1-HP:0000252,1-HP:0000365,1-HP:0000365,1-HP:0000478,1-HP:0000707,1-HP:0000707,1-HP:0001249,1-HP:0001249,1-HP:0001250,1-HP:0001256,1-HP:0001939,1-HP:0001939,1-HP:0002011,1-HP:0002011,1-HP:0002187,1-HP:0002342,1-HP:0010864,1-HP:0012103,2-HP:0001250,2-HP:0002376,2-HP:0003676,3-HP:0011420"
384,565,HGNC:30074,POLR3A,OMIM:607694,"Leukodystrophy, hypomyelinating, 7, with or without oligodontia and/or hypogonadotropic hypogonadism",HP:0000007,Autosomal recessive inheritance,Autosomal recessive,1,Yes,9/20/2011 0:00:00,Definitive,1,"1-HP:0000478,1-HP:0000707,1-HP:0000707,1-HP:0000818,1-HP:0000818,1-HP:0001249,1-HP:0001249,1-HP:0001256,1-HP:0002011,1-HP:0002011,1-HP:0002342,1-HP:0002376,1-HP:0003676,1-HP:0004322,1-HP:0004322,2-HP:0000924,3-HP:0001250"
385,566,HGNC:30348,POLR3B,OMIM:614381,"Leukodystrophy, hypomyelinating, 8, with or without oligodontia and/or hypogonadotropic hypogonadism",HP:0000007,Autosomal recessive inheritance,Autosomal recessive,1,Yes,2/19/2012 0:00:00,Definitive,1,"1-HP:0000707,1-HP:0000707,1-HP:0000818,1-HP:0000818,1-HP:0001249,1-HP:0001249,1-HP:0001256,1-HP:0002011,1-HP:0002011,1-HP:0003676,1-HP:0003676,1-HP:0004322,3-HP:0001256,3-HP:0001256"
386,567,HGNC:19139,POMGNT1,OMIM:253280,"Muscular dystrophy-dystroglycanopathy (congenital with brain and eye anomalies), type A, 3",HP:0000007,Autosomal recessive inheritance,Autosomal recessive,1,Yes,11/23/2010 0:00:00,Definitive,1,"1-HP:0000478,1-HP:0000478,1-HP:0000708,1-HP:0000708,1-HP:0001249,1-HP:0001249,1-HP:0001250,1-HP:0001250,1-HP:0002011,1-HP:0002011,1-HP:0002187,1-HP:0002342,1-HP:0003011,1-HP:0003011,1-HP:0003676,1-HP:0010864,1-HP:0010864,1-HP:0011420,1-HP:0011420"
387,570,HGNC:9202,POMT1,OMIM:236670,"Muscular dystrophy-dystroglycanopathy (congenital with brain and eye anomalies), type A, 1",HP:0000007,Autosomal recessive inheritance,Autosomal recessive,1,Yes,11/23/2010 0:00:00,Definitive,1,"1-HP:0000202,1-HP:0000252,1-HP:0000252,1-HP:0000256,1-HP:0000478,1-HP:0000478,1-HP:0001249,1-HP:0001249,1-HP:0002011,1-HP:0002011,1-HP:0002187,1-HP:0002187,1-HP:0003011,1-HP:0003011,1-HP:0011420,1-HP:0011420"
388,571,HGNC:9202,POMT1,OMIM:613155,"Muscular dystrophy-dystroglycanopathy (congenital with impaired intellectual development), type B, 1",HP:0000007,Autosomal recessive inheritance,Autosomal recessive,1,Yes,11/23/2010 0:00:00,Definitive,1,"1-HP:0000478,1-HP:0000478,1-HP:0001249,1-HP:0001249,1-HP:0001256,1-HP:0002011,1-HP:0002011,1-HP:0002342,1-HP:0003011,1-HP:0003011,1-HP:0011420"
389,573,HGNC:19743,POMT2,OMIM:613150,"Muscular dystrophy-dystroglycanopathy (congenital with brain and eye anomalies), type A, 2",HP:0000007,Autosomal recessive inheritance,Autosomal recessive,1,Yes,11/23/2010 0:00:00,Definitive,1,"1-HP:0000252,1-HP:0000252,1-HP:0000478,1-HP:0000478,1-HP:0001249,1-HP:0001249,1-HP:0001250,1-HP:0002011,1-HP:0002011,1-HP:0002187,1-HP:0002187,1-HP:0003011,1-HP:0003011,1-HP:0011420,1-HP:0011420"
390,574,HGNC:19743,POMT2,OMIM:613156,"Muscular dystrophy-dystroglycanopathy (congenital with impaired intellectual development), type B, 2",HP:0000007,Autosomal recessive inheritance,Autosomal recessive,1,Yes,11/23/2010 0:00:00,Definitive,1,"1-HP:0000252,1-HP:0000252,1-HP:0000478,1-HP:0001249,1-HP:0001249,1-HP:0002011,1-HP:0002011,1-HP:0003011,1-HP:0003011,1-HP:0010864,1-HP:0011420"
391,578,HGNC:9330,PQBP1,OMIM:309500,Renpenning syndrome,HP:0001419,X-linked recessive inheritance,X-linked,1,Yes,11/23/2010 0:00:00,Definitive,1,"1-HP:0000118,1-HP:0000119,1-HP:0000119,1-HP:0000252,1-HP:0000252,1-HP:0001249,1-HP:0001249,1-HP:0001999,1-HP:0002342,1-HP:0002342,1-HP:0003011,1-HP:0004322,1-HP:0004322,1-HP:0010864"
392,579,HGNC:9453,PRODH,OMIM:239500,"Hyperprolinemia, type I",HP:0000007,Autosomal recessive inheritance,Autosomal recessive,1,Yes,6/26/2011 0:00:00,Definitive,1,"1-HP:0000708,1-HP:0000708,1-HP:0001249,1-HP:0001249,1-HP:0001250,1-HP:0001250,1-HP:0001256,1-HP:0001939,1-HP:0001939,1-HP:0002342"
393,580,HGNC:9462,PRPS1,OMIM:301835,Arts syndrome,HP:0001417,X-linked other inheritance,X-linked,1,Yes,11/23/2010 0:00:00,Definitive,1,"1-HP:0000365,1-HP:0000478,1-HP:0000707,1-HP:0000707,1-HP:0001249,1-HP:0001249,1-HP:0001256,1-HP:0001256,1-HP:0001939,1-HP:0001939,1-HP:0002342,1-HP:0002342,1-HP:0002715,1-HP:0002715,1-HP:0003676,1-HP:0011420,3-HP:0011420"
394,585,HGNC:9588,PTEN,OMIM:605309,Macrocephaly/autism syndrome,HP:0000006,Autosomal dominant inheritance,Autosomal dominant,1,Yes,11/23/2010 0:00:00,Definitive,1,"1-HP:0000256,1-HP:0000256,1-HP:0000708,1-HP:0000708,1-HP:0001249,1-HP:0001249,1-HP:0001999,2-HP:0002664,3-HP:0002715"
395,589,HGNC:9585,PTCH1,OMIM:610828,Holoprosencephaly 7,HP:0000006,Autosomal dominant inheritance,Autosomal dominant,1,Yes,11/23/2010 0:00:00,Definitive,1,"1-HP:0000202,1-HP:0001249,1-HP:0001249,1-HP:0001256,1-HP:0001999,1-HP:0001999,1-HP:0002011,1-HP:0002011,1-HP:0002342"
396,592,HGNC:9644,PTPN11,OMIM:163950,Noonan syndrome 1,HP:0000006,Autosomal dominant inheritance,Autosomal dominant,1,Yes,11/23/2010 0:00:00,Definitive,1,"1-HP:0000119,1-HP:0000478,1-HP:0000924,1-HP:0001249,1-HP:0001249,1-HP:0001574,1-HP:0001627,1-HP:0001627,1-HP:0001871,1-HP:0001871,1-HP:0001999,1-HP:0003011,1-HP:0004322,1-HP:0004322,4-HP:0001256"
397,593,HGNC:9644,PTPN11,OMIM:151100,LEOPARD syndrome 1,HP:0000006,Autosomal dominant inheritance,Autosomal dominant,1,Yes,11/23/2010 0:00:00,Definitive,1,"1-HP:0000119,1-HP:0000365,1-HP:0000365,1-HP:0000478,1-HP:0000478,1-HP:0000924,1-HP:0001249,1-HP:0001249,1-HP:0001256,1-HP:0001574,1-HP:0001574,1-HP:0001627,1-HP:0001627,1-HP:0001871,1-HP:0001999,1-HP:0003011,1-HP:0004322,1-HP:0004322"
398,595,HGNC:15508,PUS1,OMIM:600462,"Myopathy, lactic acidosis, and sideroblastic anemia 1",HP:0000007,Autosomal recessive inheritance,Autosomal recessive,1,Yes,11/23/2010 0:00:00,Definitive,1,"1-HP:0000924,1-HP:0001249,1-HP:0001249,1-HP:0001627,1-HP:0001871,1-HP:0001871,1-HP:0001939,1-HP:0001939,1-HP:0003011,1-HP:0003011,1-HP:0012103"
399,596,HGNC:9706,NECTIN1,OMIM:225060_1,Cleft lip/palate-ectodermal dysplasia syndrome,HP:0000007,Autosomal recessive inheritance,Autosomal recessive,1,Yes,11/23/2010 0:00:00,Definitive,1,"1-HP:0000202,1-HP:0000202,1-HP:0001249,1-HP:0001249,1-HP:0001574,1-HP:0001574,1-HP:0001999,1-HP:0040064,1-HP:0040064"
400,597,HGNC:9721,PYCR1,OMIM:612940,"Cutis laxa, autosomal recessive, type IIB",HP:0000007,Autosomal recessive inheritance,Autosomal recessive,1,Yes,11/23/2010 0:00:00,Definitive,1,"1-HP:0000924,1-HP:0000924,1-HP:0001249,1-HP:0001249,1-HP:0001256,1-HP:0001574,1-HP:0001574,1-HP:0001999,1-HP:0001999,1-HP:0004322,1-HP:0012103,2-HP:0000252,2-HP:0002011,2-HP:0002011"
401,598,HGNC:9721,PYCR1,OMIM:614438,"Cutis laxa, autosomal recessive, type IIIB",HP:0000007,Autosomal recessive inheritance,Autosomal recessive,1,Yes,11/23/2010 0:00:00,Definitive,1,"1-HP:0000478,1-HP:0000478,1-HP:0000924,1-HP:0000924,1-HP:0001249,1-HP:0001249,1-HP:0001256,1-HP:0001574,1-HP:0001574,1-HP:0001999,1-HP:0001999,1-HP:0002342,1-HP:0004322"
402,599,HGNC:14244,RAB18,OMIM:614222,Warburg micro syndrome 3,HP:0000007,Autosomal recessive inheritance,Autosomal recessive,1,Yes,6/26/2011 0:00:00,Definitive,1,"1-HP:0000119,1-HP:0000252,1-HP:0000252,1-HP:0000478,1-HP:0000478,1-HP:0000707,1-HP:0000707,1-HP:0000924,1-HP:0001249,1-HP:0001249,1-HP:0002342,1-HP:0003676,1-HP:0010864,1-HP:0010864"
403,600,HGNC:9766,RAB27A,OMIM:607624,"Griscelli syndrome, type 2",HP:0000007,Autosomal recessive inheritance,Autosomal recessive,1,Yes,11/23/2010 0:00:00,Definitive,1,"1-HP:0000707,1-HP:0000707,1-HP:0001249,1-HP:0001249,1-HP:0001574,1-HP:0001574,1-HP:0001871,1-HP:0001871,1-HP:0002715,1-HP:0002715,1-HP:0011420,1-HP:0011420"
404,601,HGNC:16499,RAB39B,OMIM:300271,"Intellectual developmental disorder, X-linked 72",HP:0001417,X-linked other inheritance,X-linked,1,Yes,11/23/2010 0:00:00,Definitive,1,"1-HP:0000256,1-HP:0000707,1-HP:0000708,1-HP:0001249,1-HP:0001249,1-HP:0001250,1-HP:0001256,1-HP:0001256,1-HP:0001999,1-HP:0002342,1-HP:0010864,2-HP:0000256,2-HP:0000708,2-HP:0001250,2-HP:0003676"
405,602,HGNC:17063,RAB3GAP1,OMIM:600118,Warburg micro syndrome 1,HP:0000007,Autosomal recessive inheritance,Autosomal recessive,1,Yes,11/23/2010 0:00:00,Definitive,1,"1-HP:0000119,1-HP:0000252,1-HP:0000252,1-HP:0000478,1-HP:0000478,1-HP:0000707,1-HP:0000707,1-HP:0001249,1-HP:0001249,1-HP:0002011,1-HP:0002011,1-HP:0010864,1-HP:0010864"
406,603,HGNC:17168,RAB3GAP2,OMIM:212720,Martsolf syndrome 1,HP:0000007,Autosomal recessive inheritance,Autosomal recessive,1,Yes,11/23/2010 0:00:00,Definitive,1,"1-HP:0000119,1-HP:0000252,1-HP:0000252,1-HP:0000478,1-HP:0000478,1-HP:0000707,1-HP:0000707,1-HP:0001249,1-HP:0001249,1-HP:0001256,1-HP:0001627,1-HP:0001999,3-HP:0004322"
407,604,HGNC:17168,RAB3GAP2,OMIM:614225,Warburg micro syndrome 2,HP:0000007,Autosomal recessive inheritance,Autosomal recessive,1,Yes,11/23/2010 0:00:00,Definitive,1,"1-HP:0000118,1-HP:0000119,1-HP:0000252,1-HP:0000252,1-HP:0000478,1-HP:0000478,1-HP:0000707,1-HP:0001249,1-HP:0001249,1-HP:0002011,1-HP:0002011,1-HP:0002342,1-HP:0010864,1-HP:0010864"
408,606,HGNC:9811,RAD21,OMIM:614701,Cornelia de Lange syndrome 4,HP:0000006,Autosomal dominant inheritance,Autosomal dominant,1,Yes,2/20/2012 0:00:00,Definitive,1,"1-HP:0000202,1-HP:0000252,1-HP:0000252,1-HP:0000924,1-HP:0000924,1-HP:0001249,1-HP:0001249,1-HP:0001256,1-HP:0001256,1-HP:0001999,1-HP:0001999,1-HP:0002011,1-HP:0002011,1-HP:0002342,1-HP:0002342,1-HP:0004322,1-HP:0004322,1-HP:0040064,2-HP:0001627,3-HP:0001250"
409,607,HGNC:9829,RAF1,OMIM:611553,Noonan syndrome 5,HP:0000006,Autosomal dominant inheritance,Autosomal dominant,1,Yes,11/23/2010 0:00:00,Definitive,1,"1-HP:0000478,1-HP:0001249,1-HP:0001249,1-HP:0001256,1-HP:0001574,1-HP:0001627,1-HP:0001627,1-HP:0001871,1-HP:0001999,1-HP:0003011,1-HP:0004322,1-HP:0004322,4-HP:0001256"
410,608,HGNC:9829,RAF1,OMIM:611554,LEOPARD syndrome 2,HP:0000006,Autosomal dominant inheritance,Autosomal dominant,1,Yes,11/23/2010 0:00:00,Definitive,1,"1-HP:0000365,1-HP:0000478,1-HP:0000924,1-HP:0001249,1-HP:0001249,1-HP:0001256,1-HP:0001574,1-HP:0001627,1-HP:0001627,1-HP:0001871,1-HP:0001999,1-HP:0003011,1-HP:0004322,1-HP:0004322"
411,609,HGNC:9834,RAI1,OMIM:182290_1,Smith-Magenis syndrome,HP:0000006,Autosomal dominant inheritance,Autosomal dominant,1,Yes,11/23/2010 0:00:00,Definitive,1,"1-HP:0000202,1-HP:0000365,1-HP:0000478,1-HP:0000707,1-HP:0000707,1-HP:0000708,1-HP:0000708,1-HP:0000924,1-HP:0001249,1-HP:0001249,1-HP:0001250,1-HP:0001256,1-HP:0001999,1-HP:0001999,1-HP:0002342,1-HP:0002342,1-HP:0002715,1-HP:0004322"
412,611,HGNC:9957,RELN,OMIM:257320,Lissencephaly 2 (Norman-Roberts type),HP:0000007,Autosomal recessive inheritance,Autosomal recessive,1,Yes,11/23/2010 0:00:00,Definitive,1,"1-HP:0000252,1-HP:0000707,1-HP:0000707,1-HP:0000707,1-HP:0001249,1-HP:0001249,1-HP:0001249,1-HP:0001250,1-HP:0001250,1-HP:0001250,1-HP:0001999,1-HP:0002011,1-HP:0002011,1-HP:0002011,1-HP:0002187,1-HP:0010864,1-HP:0010864,1-HP:0010864,1-HP:0011420"
413,612,HGNC:30220,RFT1,OMIM:612015,"Congenital disorder of glycosylation, type In",HP:0000007,Autosomal recessive inheritance,Autosomal recessive,1,Yes,11/23/2010 0:00:00,Definitive,1,"1-HP:0000252,1-HP:0000252,1-HP:0000365,1-HP:0000478,1-HP:0000707,1-HP:0000707,1-HP:0001249,1-HP:0001249,1-HP:0001250,1-HP:0001250,1-HP:0001939,1-HP:0001939,1-HP:0002342,1-HP:0002342,1-HP:0010864,1-HP:0010864"
414,613,HGNC:21176,RMND1,OMIM:614922,Combined oxidative phosphorylation deficiency 11,HP:0000007,Autosomal recessive inheritance,Autosomal recessive,1,Yes,2/20/2012 0:00:00,Definitive,1,"1-HP:0000707,1-HP:0001249,1-HP:0001939,1-HP:0003676,1-HP:0011420"
415,614,HGNC:10031,RMRP,OMIM:607095,Anauxetic dysplasia 1,HP:0000007,Autosomal recessive inheritance,Autosomal recessive,1,Yes,11/23/2010 0:00:00,Definitive,1,"1-HP:0000252,1-HP:0000924,1-HP:0001249,1-HP:0001999,1-HP:0004322,4-HP:0001256"
416,617,HGNC:18518,RNASEH2A,OMIM:610333,Aicardi-Goutieres syndrome 4,HP:0000007,Autosomal recessive inheritance,Autosomal recessive,1,Yes,11/23/2010 0:00:00,Definitive,1,"1-HP:0000252,1-HP:0000707,1-HP:0001249,1-HP:0001250,1-HP:0001574,1-HP:0002011,1-HP:0002376,1-HP:0010864,1-HP:0011420"
417,618,HGNC:25671,RNASEH2B,OMIM:610181,Aicardi-Goutieres syndrome 2,HP:0000007,Autosomal recessive inheritance,Autosomal recessive,1,Yes,11/23/2010 0:00:00,Definitive,1,"1-HP:0000252,1-HP:0000707,1-HP:0001249,1-HP:0001250,1-HP:0001574,1-HP:0002011,1-HP:0002376,1-HP:0010864"
418,619,HGNC:24116,RNASEH2C,OMIM:610329,Aicardi-Goutieres syndrome 3,HP:0000007,Autosomal recessive inheritance,Autosomal recessive,1,Yes,11/23/2010 0:00:00,Definitive,1,"1-HP:0000252,1-HP:0000707,1-HP:0001249,1-HP:0001250,1-HP:0001574,1-HP:0002011,1-HP:0002376,1-HP:0010864,1-HP:0011420"
419,620,HGNC:29478,ROGDI,OMIM:226750,Kohlschutter-Tonz syndrome,HP:0000007,Autosomal recessive inheritance,Autosomal recessive,1,Yes,2/20/2012 0:00:00,Definitive,1,"1-HP:0000707,1-HP:0000707,1-HP:0001249,1-HP:0001249,1-HP:0001250,1-HP:0001250,1-HP:0002011,1-HP:0002011,1-HP:0002342,1-HP:0002342,1-HP:0010864,1-HP:0010864"
420,621,HGNC:29168,RPGRIP1L,OMIM:611560,Joubert syndrome 7,HP:0000007,Autosomal recessive inheritance,Autosomal recessive,1,Yes,11/23/2010 0:00:00,Definitive,1,"1-HP:0000077,1-HP:0000119,1-HP:0000478,1-HP:0000707,1-HP:0001249,1-HP:0001256,1-HP:0002011,1-HP:0002270,1-HP:0002342,1-HP:0040064"
421,625,HGNC:10432,RPS6KA3,OMIM:303600,Coffin-Lowry syndrome,HP:0001417,X-linked other inheritance,X-linked,1,Yes,11/23/2010 0:00:00,Definitive,1,"1-HP:0000252,1-HP:0000924,1-HP:0001249,1-HP:0001999,1-HP:0002187,1-HP:0004322,2-HP:0000707,2-HP:0011420"
422,626,HGNC:10432,RPS6KA3,OMIM:300844,"Intellectual developmental disorder, X-linked 19",HP:0001417,X-linked other inheritance,X-linked,1,Yes,11/23/2010 0:00:00,Definitive,1,"1-HP:0001249,1-HP:0001256,1-HP:0002342"
423,627,HGNC:10524,SALL1,OMIM:107480_2,Townes-Brocks syndrome 1,HP:0000006,Autosomal dominant inheritance,Autosomal dominant,1,Yes,11/23/2010 0:00:00,Definitive,1,"1-HP:0000077,1-HP:0000118,1-HP:0000119,1-HP:0001249,1-HP:0001627,1-HP:0040064"
424,628,HGNC:21637,SATB2,OMIM:612313,Glass syndrome,HP:0000006,Autosomal dominant inheritance,Autosomal dominant,1,Yes,11/23/2010 0:00:00,Definitive,1,"1-HP:0000202,1-HP:0000202,1-HP:0000202,1-HP:0000478,1-HP:0000478,1-HP:0000478,1-HP:0000708,1-HP:0000708,1-HP:0000708,1-HP:0000924,1-HP:0000924,1-HP:0000924,1-HP:0001249,1-HP:0001249,1-HP:0001249,1-HP:0001250,1-HP:0001250,1-HP:0001256,1-HP:0001256,1-HP:0001999,1-HP:0001999,1-HP:0002011,1-HP:0002011,1-HP:0002011,1-HP:0002270,1-HP:0002270,1-HP:0002342,1-HP:0002342,1-HP:0004322,1-HP:0004322,1-HP:0004322,1-HP:0010864,2-HP:0001250,2-HP:0001250"
425,629,HGNC:10547,SC5D,OMIM:607330,Lathosterolosis,HP:0000007,Autosomal recessive inheritance,Autosomal recessive,1,Yes,11/23/2010 0:00:00,Definitive,1,"1-HP:0000252,1-HP:0001249,1-HP:0001256,1-HP:0001939,1-HP:0002011,1-HP:0002342,1-HP:0040064"
426,630,HGNC:10585,SCN1A,OMIM:607208,Dravet syndrome,HP:0000006,Autosomal dominant inheritance,Autosomal dominant,1,Yes,6/26/2011 0:00:00,Definitive,1,"1-HP:0000707,1-HP:0000707,1-HP:0000708,1-HP:0000708,1-HP:0001249,1-HP:0001249,1-HP:0001250,1-HP:0001250,1-HP:0001256,1-HP:0002342,1-HP:0002342,1-HP:0002376,1-HP:0003676,1-HP:0010864,1-HP:0010864"
427,633,HGNC:10588,SCN2A,OMIM:613721,Developmental and epileptic encephalopathy 11,HP:0000006,Autosomal dominant inheritance,Autosomal dominant,1,Yes,6/26/2011 0:00:00,Definitive,1,"1-HP:0000707,1-HP:0001249,1-HP:0001250,1-HP:0001256,1-HP:0002342"
428,634,HGNC:10588,SCN2A,MONDO:0001071,intellectual disability,HP:0000006,Autosomal dominant inheritance,Autosomal dominant,1,Yes,6/26/2011 0:00:00,Definitive,1,"1-HP:0000708,1-HP:0001249,1-HP:0001256,1-HP:0002342"
429,636,HGNC:10596,SCN8A,OMIM:614306,Cognitive impairment with or without cerebellar ataxia,HP:0000006,Autosomal dominant inheritance,Autosomal dominant,1,Yes,2/20/2012 0:00:00,Definitive,1,"1-HP:0000707,1-HP:0000707,1-HP:0000708,1-HP:0000708,1-HP:0000708,1-HP:0001249,1-HP:0001249,1-HP:0001249,1-HP:0001256,1-HP:0001256,1-HP:0001256,1-HP:0002011,1-HP:0002011,1-HP:0002342,1-HP:0002342,1-HP:0002342,1-HP:0006889,1-HP:0006889,1-HP:0010864,1-HP:0010864,2-HP:0000252,2-HP:0000252,2-HP:0000707,2-HP:0000707,5-HP:0001250,5-HP:0001250"
430,637,HGNC:10596,SCN8A,OMIM:614558,Developmental and epileptic encephalopathy 13,HP:0000006,Autosomal dominant inheritance,Autosomal dominant,1,Yes,2/20/2012 0:00:00,Definitive,1,"1-HP:0000707,1-HP:0000707,1-HP:0000708,1-HP:0000708,1-HP:0001249,1-HP:0001249,1-HP:0001250,1-HP:0001250,1-HP:0001256,1-HP:0002187,1-HP:0002342,1-HP:0002342,1-HP:0002376,1-HP:0003676,1-HP:0003676,1-HP:0010864,1-HP:0010864,2-HP:0011420,2-HP:0011420"
431,638,HGNC:10604,SCO2,OMIM:604377,"Mitochondrial complex IV deficiency, nuclear type 2",HP:0000007,Autosomal recessive inheritance,Autosomal recessive,1,Yes,11/23/2010 0:00:00,Definitive,1,"1-HP:0000707,1-HP:0001249,1-HP:0001939,1-HP:0002011,1-HP:0003011,1-HP:0011420,1-HP:0012103"
432,640,HGNC:10680,SDHA,OMIM:252011,"Mitochondrial complex II deficiency, nuclear type 1",HP:0000007,Autosomal recessive inheritance,Autosomal recessive,1,Yes,11/23/2010 0:00:00,Definitive,1,"1-HP:0000707,1-HP:0001249,1-HP:0001250,1-HP:0002011,1-HP:0003011,1-HP:0003676,1-HP:0011420,1-HP:0012103"
433,643,HGNC:10681,SDHB,OMIM:619224,"Mitochondrial complex II deficiency, nuclear type 4",HP:0000007,Autosomal recessive inheritance,Autosomal recessive,1,Yes,2/20/2012 0:00:00,Definitive,1,"1-HP:0000707,1-HP:0001249,1-HP:0002011,1-HP:0002376,1-HP:0003011,1-HP:0011420,1-HP:0012103"
434,649,HGNC:21061,SERAC1,OMIM:614739,"3-methylglutaconic aciduria with deafness, encephalopathy, and Leigh-like syndrome",HP:0000007,Autosomal recessive inheritance,Autosomal recessive,1,Yes,2/20/2012 0:00:00,Definitive,1,"1-HP:0000365,1-HP:0000707,1-HP:0001249,1-HP:0001939,1-HP:0002011,1-HP:0002376,1-HP:0003676,1-HP:0012103"
435,650,HGNC:15573,SETBP1,OMIM:269150,Schinzel-Giedion midface retraction syndrome,HP:0000006,Autosomal dominant inheritance,Autosomal dominant,1,Yes,11/23/2010 0:00:00,Definitive,1,"1-HP:0000077,1-HP:0000077,1-HP:0000077,1-HP:0000118,1-HP:0000118,1-HP:0000118,1-HP:0000119,1-HP:0000119,1-HP:0000119,1-HP:0000252,1-HP:0000252,1-HP:0000365,1-HP:0000365,1-HP:0000478,1-HP:0000478,1-HP:0000924,1-HP:0000924,1-HP:0000924,1-HP:0001249,1-HP:0001249,1-HP:0001249,1-HP:0001250,1-HP:0001250,1-HP:0001574,1-HP:0001627,1-HP:0001627,1-HP:0001627,1-HP:0001999,1-HP:0001999,1-HP:0001999,1-HP:0002011,1-HP:0002011,1-HP:0002187,1-HP:0002187,1-HP:0002342,1-HP:0002342,1-HP:0002664,1-HP:0002664,1-HP:0002664,1-HP:0010864,1-HP:0010864,1-HP:0011024,1-HP:0011024,1-HP:0011420,1-HP:0011420,1-HP:0011420"
436,651,HGNC:15573,SETBP1,OMIM:616078,"Intellectual developmental disorder, autosomal dominant 29",HP:0000006,Autosomal dominant inheritance,Autosomal dominant,1,Yes,11/23/2010 0:00:00,Definitive,1,"1-HP:0000478,1-HP:0000707,1-HP:0000708,1-HP:0001249,1-HP:0001256,1-HP:0001999,2-HP:0001250"
437,652,HGNC:14295,SHANK2,OMIM:613436,{Autism susceptibility 17},HP:0000006,Autosomal dominant inheritance,Autosomal dominant,1,Yes,11/23/2010 0:00:00,Definitive,1,"1-HP:0000708,1-HP:0001249,1-HP:0001249,1-HP:0001256,1-HP:0001999,1-HP:0002342,1-HP:0010864"
438,653,HGNC:14294,SHANK3,OMIM:606232,Phelan-McDermid syndrome,HP:0000006,Autosomal dominant inheritance,Autosomal dominant,1,Yes,11/23/2010 0:00:00,Definitive,1,"1-HP:0000708,1-HP:0000708,1-HP:0000708,1-HP:0000708,1-HP:0001249,1-HP:0001249,1-HP:0001249,1-HP:0001249,1-HP:0001250,1-HP:0001250,1-HP:0001256,1-HP:0001256,1-HP:0001256,1-HP:0001999,1-HP:0001999,1-HP:0002011,1-HP:0002011,1-HP:0002187,1-HP:0002187,1-HP:0002342,1-HP:0002342,1-HP:0010864,1-HP:0010864"
439,654,HGNC:10848,SHH,OMIM:142945,Holoprosencephaly 3,HP:0000006,Autosomal dominant inheritance,Autosomal dominant,1,Yes,11/23/2010 0:00:00,Definitive,1,"1-HP:0000119,1-HP:0000202,1-HP:0000202,1-HP:0000478,1-HP:0001249,1-HP:0001249,1-HP:0001256,1-HP:0001999,1-HP:0001999,1-HP:0002011,1-HP:0002011,1-HP:0002342,1-HP:0011420"
440,658,HGNC:15454,SHOC2,OMIM:607721,Noonan syndrome-like with loose anagen hair 1,HP:0000006,Autosomal dominant inheritance,Autosomal dominant,1,Yes,11/23/2010 0:00:00,Definitive,1,"1-HP:0000256,1-HP:0000708,1-HP:0000818,1-HP:0001249,1-HP:0001249,1-HP:0001256,1-HP:0001574,1-HP:0001574,1-HP:0001627,1-HP:0001627,1-HP:0001999,1-HP:0001999,1-HP:0002342,1-HP:0004322,1-HP:0004322,2-HP:0003011,2-HP:0003011"
441,659,HGNC:29215,SHROOM4,MONDO:0001071,intellectual disability,HP:0001419,X-linked recessive inheritance,X-linked,1,Yes,11/23/2010 0:00:00,Definitive,1,"1-HP:0000077,1-HP:0000119,1-HP:0000707,1-HP:0000924,1-HP:0000924,1-HP:0000924,1-HP:0000924,1-HP:0001249,1-HP:0001249,1-HP:0001249,1-HP:0001249,1-HP:0004322,1-HP:0004322,1-HP:0004322,1-HP:0004322,1-HP:0010864,1-HP:0010864,1-HP:0010864,1-HP:0011024,1-HP:0040064,3-HP:0001249,3-HP:0001250,3-HP:0001999"
442,660,HGNC:24624,SIL1,OMIM:248800,Marinesco-Sjogren syndrome,HP:0000007,Autosomal recessive inheritance,Autosomal recessive,1,Yes,11/23/2010 0:00:00,Definitive,1,"1-HP:0000478,1-HP:0000478,1-HP:0000707,1-HP:0000707,1-HP:0000818,1-HP:0000924,1-HP:0000924,1-HP:0001249,1-HP:0001249,1-HP:0001256,1-HP:0001256,1-HP:0002011,1-HP:0002011,1-HP:0002342,1-HP:0003011,1-HP:0003011,1-HP:0004322,1-HP:0004322,1-HP:0006889,1-HP:0010864,3-HP:0000252"
443,661,HGNC:10889,SIX3,OMIM:157170,Holoprosencephaly 2,HP:0000006,Autosomal dominant inheritance,Autosomal dominant,1,Yes,11/23/2010 0:00:00,Definitive,1,"1-HP:0000202,1-HP:0000252,1-HP:0000924,1-HP:0001249,1-HP:0001249,1-HP:0001256,1-HP:0001999,1-HP:0001999,1-HP:0002011,1-HP:0002011,1-HP:0002342,1-HP:0011420,1-HP:0011420"
444,663,HGNC:10896,SKI,OMIM:182212,Shprintzen-Goldberg syndrome,HP:0000006,Autosomal dominant inheritance,Autosomal dominant,1,Yes,2/20/2012 0:00:00,Definitive,1,"1-HP:0000202,1-HP:0000478,1-HP:0000478,1-HP:0000924,1-HP:0000924,1-HP:0001249,1-HP:0001249,1-HP:0001256,1-HP:0001627,1-HP:0001627,1-HP:0001999,1-HP:0001999,1-HP:0002011,1-HP:0002342,1-HP:0002342,1-HP:0040064,1-HP:0040064"
445,664,HGNC:10914,SLC12A6,OMIM:218000,Agenesis of the corpus callosum with peripheral neuropathy,HP:0000007,Autosomal recessive inheritance,Autosomal recessive,1,Yes,11/23/2010 0:00:00,Definitive,1,"1-HP:0000707,1-HP:0000707,1-HP:0000708,1-HP:0000708,1-HP:0000924,1-HP:0000924,1-HP:0001249,1-HP:0001249,1-HP:0001250,1-HP:0001256,1-HP:0001256,1-HP:0002011,1-HP:0002011,1-HP:0002342,1-HP:0002342,1-HP:0003011,1-HP:0003676,1-HP:0003676,1-HP:0010864,3-HP:0011420"
446,665,HGNC:10923,SLC16A2,OMIM:300523,Allan-Herndon-Dudley syndrome,HP:0001417,X-linked other inheritance,X-linked,1,Yes,11/23/2010 0:00:00,Definitive,1,"1-HP:0000252,1-HP:0000707,1-HP:0000707,1-HP:0000708,1-HP:0000708,1-HP:0000818,1-HP:0000818,1-HP:0001249,1-HP:0001249,1-HP:0001250,1-HP:0001250,1-HP:0001256,1-HP:0002011,1-HP:0002011,1-HP:0002342,1-HP:0003011,1-HP:0003011,1-HP:0004322,1-HP:0010864,1-HP:0010864,2-HP:0000252,2-HP:0000252,2-HP:0004322,2-HP:0004322"
447,666,HGNC:10933,SLC17A5,OMIM:269920,"Sialic acid storage disorder, infantile",HP:0000007,Autosomal recessive inheritance,Autosomal recessive,1,Yes,11/23/2010 0:00:00,Definitive,1,"1-HP:0000252,1-HP:0000707,1-HP:0000707,1-HP:0000924,1-HP:0001249,1-HP:0001249,1-HP:0001250,1-HP:0001250,1-HP:0001627,1-HP:0001939,1-HP:0001939,1-HP:0001999,1-HP:0001999,1-HP:0002011,1-HP:0002011,1-HP:0003676,1-HP:0003676,1-HP:0004322,1-HP:0010864,1-HP:0011420,1-HP:0011420"
448,667,HGNC:10933,SLC17A5,OMIM:604369,Salla disease,HP:0000007,Autosomal recessive inheritance,Autosomal recessive,1,Yes,11/23/2010 0:00:00,Definitive,1,"1-HP:0000707,1-HP:0000707,1-HP:0001249,1-HP:0001249,1-HP:0001250,1-HP:0001250,1-HP:0001939,1-HP:0001939,1-HP:0002011,1-HP:0002011,1-HP:0003011,1-HP:0003676,1-HP:0003676"
449,668,HGNC:10985,SLC25A15,OMIM:238970,Hyperornithinemia-hyperammonemia-homocitrullinemia syndrome,HP:0000007,Autosomal recessive inheritance,Autosomal recessive,1,Yes,11/23/2010 0:00:00,Definitive,1,"1-HP:0000707,1-HP:0000707,1-HP:0001249,1-HP:0001249,1-HP:0001250,1-HP:0001250,1-HP:0001256,1-HP:0001871,1-HP:0001939,1-HP:0001939,1-HP:0002011,1-HP:0002342,1-HP:0012103"
450,669,HGNC:19954,SLC25A22,OMIM:609304,Developmental and epileptic encephalopathy 3,HP:0000007,Autosomal recessive inheritance,Autosomal recessive,1,Yes,11/23/2010 0:00:00,Definitive,1,"1-HP:0000252,1-HP:0000707,1-HP:0000707,1-HP:0001249,1-HP:0001249,1-HP:0001250,1-HP:0001250,1-HP:0002011,1-HP:0002011,1-HP:0002342,1-HP:0003011,1-HP:0010864,1-HP:0010864,1-HP:0011420"
451,670,HGNC:11005,SLC2A1,OMIM:612126,"GLUT1 deficiency syndrome 2, childhood onset",HP:0000006,Autosomal dominant inheritance,Autosomal dominant,1,Yes,11/23/2010 0:00:00,Definitive,1,"1-HP:0000707,1-HP:0000707,1-HP:0001249,1-HP:0001249,1-HP:0001250,1-HP:0001250,1-HP:0001256,1-HP:0001256,1-HP:0001939,1-HP:0001939,1-HP:0002342"
452,671,HGNC:11005,SLC2A1,OMIM:606777_1,"GLUT1 deficiency syndrome 1, infantile onset, severe",HP:0000006,Autosomal dominant inheritance,Autosomal dominant,1,Yes,11/23/2010 0:00:00,Definitive,1,"1-HP:0000252,1-HP:0000252,1-HP:0000707,1-HP:0000707,1-HP:0001249,1-HP:0001249,1-HP:0001250,1-HP:0001250,1-HP:0001256,1-HP:0001256,1-HP:0001939,1-HP:0001939,1-HP:0002342,1-HP:0010864"
453,672,HGNC:11005,SLC2A1,OMIM:601042,Dystonia 9,HP:0000006,Autosomal dominant inheritance,Autosomal dominant,1,Yes,11/23/2010 0:00:00,Definitive,1,"1-HP:0000707,1-HP:0000707,1-HP:0001249,1-HP:0001249,1-HP:0001250,1-HP:0001250,1-HP:0001256,1-HP:0002342"
454,673,HGNC:95,SLC33A1,OMIM:614482,Huppke-Brendel syndrome,HP:0000007,Autosomal recessive inheritance,Autosomal recessive,1,Yes,2/19/2012 0:00:00,Definitive,1,"1-HP:0000365,1-HP:0000365,1-HP:0000478,1-HP:0000478,1-HP:0000707,1-HP:0000707,1-HP:0001249,1-HP:0001249,1-HP:0001939,1-HP:0001939,1-HP:0002011,1-HP:0002011,1-HP:0010864,1-HP:0011420,1-HP:0011420"
455,675,HGNC:20197,SLC35C1,OMIM:266265,"Congenital disorder of glycosylation, type IIc",HP:0000007,Autosomal recessive inheritance,Autosomal recessive,1,Yes,11/23/2010 0:00:00,Definitive,1,"1-HP:0000252,1-HP:0000252,1-HP:0000707,1-HP:0001249,1-HP:0001249,1-HP:0001939,1-HP:0001939,1-HP:0001999,1-HP:0001999,1-HP:0002342,1-HP:0002342,1-HP:0002715,1-HP:0002715,1-HP:0004322,1-HP:0010864,1-HP:0010864"
456,676,HGNC:11030,SLC4A4,OMIM:604278,Proximal renal tubular acidosis-ocular anomaly syndrome,HP:0000007,Autosomal recessive inheritance,Autosomal recessive,1,Yes,11/23/2010 0:00:00,Definitive,1,"1-HP:0000077,1-HP:0000077,1-HP:0000119,1-HP:0000119,1-HP:0000478,1-HP:0000478,1-HP:0001249,1-HP:0001249,1-HP:0001256,1-HP:0001939,1-HP:0002342,1-HP:0004322"
457,677,HGNC:11055,SLC6A8,OMIM:300352,Cerebral creatine deficiency syndrome 1,HP:0001417,X-linked other inheritance,X-linked,1,Yes,11/23/2010 0:00:00,Definitive,1,"1-HP:0000707,1-HP:0000707,1-HP:0000708,1-HP:0000708,1-HP:0001249,1-HP:0001249,1-HP:0001250,1-HP:0001250,1-HP:0001256,1-HP:0001939,1-HP:0001939,1-HP:0001999,1-HP:0002342,1-HP:0010864,1-HP:0011024,3-HP:0002342,3-HP:0002342"
458,678,HGNC:11079,SLC9A6,OMIM:300243,"Intellectual developmental disorder, X-linked syndromic, Christianson type",HP:0001417,X-linked other inheritance,X-linked,1,Yes,1/30/2011 0:00:00,Definitive,1,"1-HP:0000252,1-HP:0000478,1-HP:0000707,1-HP:0000707,1-HP:0000708,1-HP:0000708,1-HP:0001249,1-HP:0001249,1-HP:0001250,1-HP:0001250,1-HP:0001999,1-HP:0002011,1-HP:0002011,1-HP:0002187,1-HP:0002187,1-HP:0002376,1-HP:0002376,1-HP:0003676,1-HP:0003676,1-HP:0010864,1-HP:0011420,2-HP:0000252,2-HP:0000252"
459,679,HGNC:6770,SMAD4,OMIM:139210,Myhre syndrome,HP:0000006,Autosomal dominant inheritance,Autosomal dominant,1,Yes,2/19/2012 0:00:00,Definitive,1,"1-HP:0000202,1-HP:0000202,1-HP:0000252,1-HP:0000252,1-HP:0000365,1-HP:0000365,1-HP:0000365,1-HP:0000924,1-HP:0000924,1-HP:0000924,1-HP:0001249,1-HP:0001249,1-HP:0001249,1-HP:0001256,1-HP:0001256,1-HP:0001256,1-HP:0001574,1-HP:0001574,1-HP:0001574,1-HP:0001627,1-HP:0001627,1-HP:0001627,1-HP:0001999,1-HP:0001999,1-HP:0001999,1-HP:0002342,1-HP:0002342,1-HP:0002342,1-HP:0003011,1-HP:0003011,1-HP:0003011,1-HP:0004322,1-HP:0004322,1-HP:0004322,1-HP:0040064,1-HP:0040064,1-HP:0040064,2-HP:0000252,2-HP:0000252,3-HP:0000708,3-HP:0000708"
460,682,HGNC:11098,SMARCA2,OMIM:601358,Nicolaides-Baraitser syndrome,HP:0000006,Autosomal dominant inheritance,Autosomal dominant,1,Yes,2/28/2012 0:00:00,Definitive,1,"1-HP:0000252,1-HP:0000252,1-HP:0000924,1-HP:0001249,1-HP:0001249,1-HP:0001250,1-HP:0001250,1-HP:0001256,1-HP:0001574,1-HP:0001999,1-HP:0001999,1-HP:0002342,1-HP:0002342,1-HP:0004322,1-HP:0004322,1-HP:0010864,1-HP:0040064"
461,683,HGNC:11100,SMARCA4,OMIM:614609,Coffin-Siris syndrome 4,HP:0000006,Autosomal dominant inheritance,Autosomal dominant,1,Yes,2/20/2012 0:00:00,Definitive,1,"1-HP:0000252,1-HP:0000252,1-HP:0000252,1-HP:0000707,1-HP:0000707,1-HP:0000707,1-HP:0000708,1-HP:0000708,1-HP:0001249,1-HP:0001249,1-HP:0001249,1-HP:0001250,1-HP:0001256,1-HP:0001256,1-HP:0001574,1-HP:0001574,1-HP:0001574,1-HP:0001999,1-HP:0002011,1-HP:0002342,1-HP:0002342,1-HP:0010864,1-HP:0040064,2-HP:0001250,2-HP:0001250,4-HP:0001250"
462,685,HGNC:11103,SMARCB1,OMIM:614608,Coffin-Siris syndrome 3,HP:0000006,Autosomal dominant inheritance,Autosomal dominant,1,Yes,2/20/2012 0:00:00,Definitive,1,"1-HP:0000252,1-HP:0000365,1-HP:0000707,1-HP:0000924,1-HP:0000924,1-HP:0001249,1-HP:0001249,1-HP:0001250,1-HP:0001256,1-HP:0001574,1-HP:0001999,1-HP:0001999,1-HP:0002011,1-HP:0002011,1-HP:0002342,1-HP:0004322,1-HP:0010864,1-HP:0040064"
463,687,HGNC:11111,SMC1A,OMIM:300590,Cornelia de Lange syndrome 2,HP:0001417,X-linked other inheritance,X-linked,1,Yes,11/23/2010 0:00:00,Definitive,1,"1-HP:0000118,1-HP:0000202,1-HP:0000252,1-HP:0000252,1-HP:0001249,1-HP:0001249,1-HP:0001250,1-HP:0001250,1-HP:0001627,1-HP:0001999,1-HP:0001999,1-HP:0002342,1-HP:0002342,1-HP:0004322,1-HP:0010864,1-HP:0010864,1-HP:0040064"
464,688,HGNC:2468,SMC3,OMIM:610759,Cornelia de Lange syndrome 3,HP:0000006,Autosomal dominant inheritance,Autosomal dominant,1,Yes,11/23/2010 0:00:00,Definitive,1,"1-HP:0000119,1-HP:0000252,1-HP:0000365,1-HP:0000478,1-HP:0000924,1-HP:0001249,1-HP:0001249,1-HP:0001250,1-HP:0001256,1-HP:0001574,1-HP:0001627,1-HP:0001627,1-HP:0001999,1-HP:0001999,1-HP:0002011,1-HP:0002342,1-HP:0002342,1-HP:0010864,3-HP:0040064"
465,689,HGNC:20318,SMOC1,OMIM:206920,Microphthalmia with limb anomalies,HP:0000007,Autosomal recessive inheritance,Autosomal recessive,1,Yes,6/26/2011 0:00:00,Definitive,1,"1-HP:0000478,1-HP:0000478,1-HP:0000924,1-HP:0001249,1-HP:0001249,1-HP:0001256,1-HP:0002011,1-HP:0002342,1-HP:0040064,1-HP:0040064,3-HP:0000365,3-HP:0001999"
466,690,HGNC:11120,SMPD1,OMIM:257200,"Niemann-Pick disease, type A",HP:0000007,Autosomal recessive inheritance,Autosomal recessive,1,Yes,11/23/2010 0:00:00,Definitive,1,"1-HP:0000478,1-HP:0000478,1-HP:0000707,1-HP:0000707,1-HP:0001249,1-HP:0001249,1-HP:0001939,1-HP:0001939,1-HP:0002715,1-HP:0003676,1-HP:0003676,1-HP:0011024,1-HP:0011420,1-HP:0011420"
467,692,HGNC:11123,SMS,OMIM:309583,"Intellectual developmental disorder, X-linked syndromic, Snyder-Robinson type",HP:0001419,X-linked recessive inheritance,X-linked,1,Yes,11/23/2010 0:00:00,Definitive,1,"1-HP:0000119,1-HP:0000202,1-HP:0000707,1-HP:0000707,1-HP:0000924,1-HP:0000924,1-HP:0001249,1-HP:0001249,1-HP:0001250,1-HP:0001250,1-HP:0001256,1-HP:0001999,1-HP:0001999,1-HP:0002011,1-HP:0002342,1-HP:0002342,1-HP:0003011,1-HP:0004322,1-HP:0010864"
468,693,HGNC:11133,SNAP29,OMIM:609528,"Cerebral dysgenesis, neuropathy, ichthyosis, and palmoplantar keratoderma syndrome",HP:0000007,Autosomal recessive inheritance,Autosomal recessive,1,Yes,11/23/2010 0:00:00,Definitive,1,"1-HP:0000252,1-HP:0000252,1-HP:0000365,1-HP:0000478,1-HP:0000707,1-HP:0000707,1-HP:0001249,1-HP:0001249,1-HP:0001574,1-HP:0001574,1-HP:0001999,1-HP:0002011,1-HP:0002011,1-HP:0010864,1-HP:0011420,3-HP:0001250,3-HP:0002376"
469,695,HGNC:11187,SOS1,OMIM:610733,Noonan syndrome 4,HP:0000006,Autosomal dominant inheritance,Autosomal dominant,1,Yes,11/23/2010 0:00:00,Definitive,1,"1-HP:0000478,1-HP:0000478,1-HP:0001249,1-HP:0001249,1-HP:0001574,1-HP:0001627,1-HP:0001627,1-HP:0001999,1-HP:0001999,1-HP:0004322"
470,697,HGNC:11190,SOX10,OMIM:611584,"Waardenburg syndrome, type 2E, with or without neurologic involvement",HP:0000006,Autosomal dominant inheritance,Autosomal dominant,1,Yes,11/23/2010 0:00:00,Definitive,1,"1-HP:0000118,1-HP:0000118,1-HP:0000365,1-HP:0000365,1-HP:0000478,1-HP:0000707,1-HP:0000707,1-HP:0001249,1-HP:0001249,1-HP:0001256,1-HP:0001574,1-HP:0001574,1-HP:0002011,1-HP:0002342,2-HP:0002011,2-HP:0002011"
471,698,HGNC:11190,SOX10,OMIM:609136,PCWH syndrome,HP:0000006,Autosomal dominant inheritance,Autosomal dominant,1,Yes,11/23/2010 0:00:00,Definitive,1,"1-HP:0000118,1-HP:0000365,1-HP:0000365,1-HP:0000707,1-HP:0000707,1-HP:0001249,1-HP:0001249,1-HP:0001256,1-HP:0001574,1-HP:0001574,1-HP:0002011,1-HP:0002011,1-HP:0002342"
472,700,HGNC:11195,SOX2,OMIM:206900_1,"Microphthalmia, syndromic 3",HP:0000006,Autosomal dominant inheritance,Autosomal dominant,1,Yes,11/23/2010 0:00:00,Definitive,1,"1-HP:0000118,1-HP:0000119,1-HP:0000119,1-HP:0000365,1-HP:0000478,1-HP:0000478,1-HP:0000707,1-HP:0000818,1-HP:0001249,1-HP:0001249,1-HP:0001250,1-HP:0001256,1-HP:0001256,1-HP:0002011,1-HP:0002011,1-HP:0002187,1-HP:0002342,1-HP:0002342,1-HP:0004322,1-HP:0006889,1-HP:0010864,1-HP:0011024"
473,701,HGNC:11199,SOX3,OMIM:300123,"Intellectual developmental disorder, X-linked, with isolated growth hormone deficiency",HP:0001417,X-linked other inheritance,X-linked,1,Yes,11/23/2010 0:00:00,Definitive,1,"1-HP:0000818,1-HP:0000818,1-HP:0001249,1-HP:0001249,1-HP:0001256,1-HP:0001256,1-HP:0001999,1-HP:0002342,1-HP:0004322,1-HP:0006889"
474,703,HGNC:11201,SOX5,OMIM:616803,Lamb-Shaffer syndrome,HP:0000006,Autosomal dominant inheritance,Autosomal dominant,1,Yes,2/20/2012 0:00:00,Definitive,1,"1-HP:0000252,1-HP:0000478,1-HP:0000478,1-HP:0000478,1-HP:0000707,1-HP:0000707,1-HP:0000707,1-HP:0000708,1-HP:0000708,1-HP:0000708,1-HP:0000924,1-HP:0000924,1-HP:0001249,1-HP:0001249,1-HP:0001249,1-HP:0001250,1-HP:0001250,1-HP:0001256,1-HP:0001256,1-HP:0001999,1-HP:0002342,1-HP:0002342,1-HP:0004322,1-HP:0006889,1-HP:0010864,1-HP:0010864,2-HP:0000252,2-HP:0001250,2-HP:0001250,2-HP:0001250,2-HP:0004322,3-HP:0001256,3-HP:0001256,3-HP:0001256,3-HP:0001999"
475,704,HGNC:20249,SPRED1,OMIM:611431,Legius syndrome,HP:0000006,Autosomal dominant inheritance,Autosomal dominant,1,Yes,11/23/2010 0:00:00,Definitive,1,"1-HP:0000708,1-HP:0000924,1-HP:0001249,1-HP:0001249,1-HP:0001256,1-HP:0001574,1-HP:0001574,1-HP:0001999,1-HP:0004322,1-HP:0006889,2-HP:0000708,2-HP:0000708"
476,705,HGNC:16974,SRCAP,OMIM:136140,Floating-Harbor syndrome,HP:0000006,Autosomal dominant inheritance,Autosomal dominant,1,Yes,2/19/2012 0:00:00,Definitive,1,"1-HP:0000119,1-HP:0000119,1-HP:0000365,1-HP:0000478,1-HP:0000707,1-HP:0000708,1-HP:0000708,1-HP:0000924,1-HP:0000924,1-HP:0001249,1-HP:0001249,1-HP:0001249,1-HP:0001256,1-HP:0001256,1-HP:0001256,1-HP:0001999,1-HP:0001999,1-HP:0001999,1-HP:0002342,1-HP:0002342,1-HP:0002342,1-HP:0004322,1-HP:0004322,1-HP:0004322,1-HP:0006889,1-HP:0006889,1-HP:0011024,1-HP:0011024,2-HP:0000365,2-HP:0000708,2-HP:0000708,2-HP:0000708,2-HP:0000924,2-HP:0000924"
477,706,HGNC:25812,SRD5A3,OMIM:612379,"Congenital disorder of glycosylation, type Iq",HP:0000007,Autosomal recessive inheritance,Autosomal recessive,1,Yes,1/30/2011 0:00:00,Definitive,1,"1-HP:0000478,1-HP:0000478,1-HP:0000707,1-HP:0000707,1-HP:0000818,1-HP:0001249,1-HP:0001249,1-HP:0001256,1-HP:0001574,1-HP:0001939,1-HP:0001939,1-HP:0001999,1-HP:0002011,1-HP:0002342,2-HP:0001574,2-HP:0001574,2-HP:0001627,2-HP:0001627,2-HP:0002011,2-HP:0002011"
478,709,HGNC:10866,ST3GAL3,OMIM:611090,"Intellectual developmental disorder, autosomal recessive 12",HP:0000007,Autosomal recessive inheritance,Autosomal recessive,1,Yes,11/23/2010 0:00:00,Definitive,1,"1-HP:0001249,1-HP:0001249,1-HP:0002342,1-HP:0002342,1-HP:0010864"
479,710,HGNC:10866,ST3GAL3,OMIM:615006,Developmental and epileptic encephalopathy 15,HP:0000007,Autosomal recessive inheritance,Autosomal recessive,1,Yes,11/23/2010 0:00:00,Definitive,1,"1-HP:0000707,1-HP:0000707,1-HP:0000708,1-HP:0000708,1-HP:0001249,1-HP:0001249,1-HP:0001250,1-HP:0001250,1-HP:0002011,1-HP:0002187,1-HP:0002187,1-HP:0010864"
480,711,HGNC:10879,STIL,OMIM:612703,"Microcephaly 7, primary, autosomal recessive",HP:0000007,Autosomal recessive inheritance,Autosomal recessive,1,Yes,11/23/2010 0:00:00,Definitive,1,"1-HP:0000252,1-HP:0001249,1-HP:0001256"
481,712,HGNC:30650,STRA6,OMIM:601186_2,"Microphthalmia, syndromic 9",HP:0000007,Autosomal recessive inheritance,Autosomal recessive,1,Yes,11/23/2010 0:00:00,Definitive,1,"1-HP:0000118,1-HP:0000478,1-HP:0001249,1-HP:0001627,1-HP:0002187,1-HP:0011420"
482,714,HGNC:11460,SUOX,OMIM:272300,Sulfite oxidase deficiency,HP:0000007,Autosomal recessive inheritance,Autosomal recessive,1,Yes,11/23/2010 0:00:00,Definitive,1,"1-HP:0000252,1-HP:0000478,1-HP:0000478,1-HP:0000707,1-HP:0000707,1-HP:0001249,1-HP:0001249,1-HP:0001250,1-HP:0001256,1-HP:0001256,1-HP:0001939,1-HP:0001939,1-HP:0002011,1-HP:0002187,1-HP:0002342,1-HP:0002342,1-HP:0002376,1-HP:0003676,1-HP:0010864,1-HP:0011420,2-HP:0003676,2-HP:0003676,2-HP:0011420,2-HP:0011420"
483,715,HGNC:11474,SURF1,OMIM:220110,"Mitochondrial complex IV deficiency, nuclear type 1",HP:0000007,Autosomal recessive inheritance,Autosomal recessive,1,Yes,11/23/2010 0:00:00,Definitive,1,"1-HP:0000707,1-HP:0001249,1-HP:0001250,1-HP:0001939,1-HP:0002011,1-HP:0003011,1-HP:0003676,1-HP:0012103"
484,717,HGNC:11497,SYNGAP1,OMIM:612621,"Intellectual developmental disorder, autosomal dominant 5",HP:0000006,Autosomal dominant inheritance,Autosomal dominant,1,Yes,11/23/2010 0:00:00,Definitive,1,"1-HP:0000708,1-HP:0001249,1-HP:0001249,1-HP:0001250,1-HP:0001250,1-HP:0001256,1-HP:0002342,1-HP:0002342,1-HP:0010864,1-HP:0010864"
485,718,HGNC:11506,SYP,OMIM:300802,"Intellectual developmental disorder, X-linked 96",HP:0001417,X-linked other inheritance,X-linked,1,Yes,11/23/2010 0:00:00,Definitive,1,"1-HP:0001249,1-HP:0001256,1-HP:0002342,2-HP:0001250"
486,720,HGNC:11573,TAT,OMIM:276600,"Tyrosinemia, type II",HP:0000007,Autosomal recessive inheritance,Autosomal recessive,1,Yes,11/23/2010 0:00:00,Definitive,1,"1-HP:0000478,1-HP:0001249,1-HP:0001574,1-HP:0001939"
487,721,HGNC:29203,TBC1D24,OMIM:605021,"Myoclonic epilepsy, infantile, familial",HP:0000007,Autosomal recessive inheritance,Autosomal recessive,1,Yes,1/30/2011 0:00:00,Definitive,1,"1-HP:0001249,1-HP:0001250,1-HP:0002342,1-HP:0006889,2-HP:0000707,2-HP:0002011"
488,722,HGNC:11582,TBCE,OMIM:241410,Hypoparathyroidism-retardation-dysmorphism syndrome,HP:0000007,Autosomal recessive inheritance,Autosomal recessive,1,Yes,11/23/2010 0:00:00,Definitive,1,"1-HP:0000252,1-HP:0000818,1-HP:0000924,1-HP:0001249,1-HP:0001256,1-HP:0001999,1-HP:0002342,1-HP:0004322"
489,723,HGNC:11582,TBCE,OMIM:244460,"Kenny-Caffey syndrome, type 1",HP:0000007,Autosomal recessive inheritance,Autosomal recessive,1,Yes,11/23/2010 0:00:00,Definitive,1,"1-HP:0000252,1-HP:0000818,1-HP:0000924,1-HP:0001249,1-HP:0001256,1-HP:0001999,1-HP:0002342,1-HP:0002715,1-HP:0004322"
490,724,HGNC:11634,TCF4,OMIM:610954,Pitt-Hopkins syndrome,HP:0000006,Autosomal dominant inheritance,Autosomal dominant,1,Yes,11/23/2010 0:00:00,Definitive,1,"1-HP:0000252,1-HP:0000252,1-HP:0000478,1-HP:0000478,1-HP:0000708,1-HP:0000708,1-HP:0001249,1-HP:0001249,1-HP:0001250,1-HP:0001250,1-HP:0001999,1-HP:0001999,1-HP:0002270,1-HP:0002270,1-HP:0002342,1-HP:0002342,1-HP:0010864,1-HP:0010864,1-HP:0011024,1-HP:0011024"
491,727,HGNC:4551,TECR,OMIM:614020,"Intellectual developmental disorder, autosomal recessive 14",HP:0000007,Autosomal recessive inheritance,Autosomal recessive,1,Yes,10/24/2011 0:00:00,Definitive,1,"1-HP:0001249,1-HP:0001256,1-HP:0002342"
492,733,HGNC:11776,TGIF1,OMIM:142946,Holoprosencephaly 4,HP:0000006,Autosomal dominant inheritance,Autosomal dominant,1,Yes,11/23/2010 0:00:00,Definitive,1,"1-HP:0000118,1-HP:0000202,1-HP:0001249,1-HP:0001256,1-HP:0001999,1-HP:0002011,1-HP:0002342,1-HP:0011420"
493,737,HGNC:11817,TIMM8A,OMIM:304700,Mohr-Tranebjaerg syndrome,HP:0001419,X-linked recessive inheritance,X-linked,1,Yes,11/23/2010 0:00:00,Definitive,1,"1-HP:0000478,1-HP:0000707,1-HP:0000708,1-HP:0001249,1-HP:0003676,3-HP:0001256"
494,739,HGNC:18188,TMCO1,OMIM:213980,"Craniofacial dysmorphism, skeletal anomalies, and impaired intellectual development 1",HP:0000007,Autosomal recessive inheritance,Autosomal recessive,1,Yes,1/30/2011 0:00:00,Definitive,1,"1-HP:0000202,1-HP:0000202,1-HP:0000202,1-HP:0000202,1-HP:0000252,1-HP:0000256,1-HP:0000256,1-HP:0000256,1-HP:0000707,1-HP:0000707,1-HP:0000707,1-HP:0000708,1-HP:0000708,1-HP:0000708,1-HP:0000924,1-HP:0000924,1-HP:0000924,1-HP:0000924,1-HP:0001249,1-HP:0001249,1-HP:0001249,1-HP:0001249,1-HP:0001250,1-HP:0001250,1-HP:0001256,1-HP:0001256,1-HP:0001999,1-HP:0001999,1-HP:0001999,1-HP:0001999,1-HP:0002011,1-HP:0002011,1-HP:0002011,1-HP:0002011,1-HP:0002342,1-HP:0002342,2-HP:0000119,2-HP:0000119"
495,740,HGNC:30760,TMEM165,OMIM:614727,"Congenital disorder of glycosylation, type IIk",HP:0000007,Autosomal recessive inheritance,Autosomal recessive,1,Yes,2/20/2012 0:00:00,Definitive,1,"1-HP:0000252,1-HP:0000252,1-HP:0000478,1-HP:0000707,1-HP:0000924,1-HP:0000924,1-HP:0001249,1-HP:0001249,1-HP:0001250,1-HP:0001939,1-HP:0001939,1-HP:0001999,1-HP:0002011,1-HP:0002011,1-HP:0002342,1-HP:0004322,1-HP:0004322,1-HP:0010864"
496,741,HGNC:37234,TMEM231,OMIM:614970,Joubert syndrome 20,HP:0000007,Autosomal recessive inheritance,Autosomal recessive,1,Yes,2/20/2012 0:00:00,Definitive,1,"1-HP:0000077,1-HP:0000077,1-HP:0000119,1-HP:0000119,1-HP:0000478,1-HP:0000478,1-HP:0000707,1-HP:0000708,1-HP:0000708,1-HP:0001249,1-HP:0001249,1-HP:0001250,1-HP:0002011,1-HP:0002011,1-HP:0002270,1-HP:0002270,1-HP:0002342,1-HP:0010864,1-HP:0040064"
497,742,HGNC:14432,TMEM237,OMIM:614424,Joubert syndrome 14,HP:0000007,Autosomal recessive inheritance,Autosomal recessive,1,Yes,2/19/2012 0:00:00,Definitive,1,"1-HP:0000077,1-HP:0000077,1-HP:0000119,1-HP:0000478,1-HP:0000478,1-HP:0000707,1-HP:0000707,1-HP:0001249,1-HP:0001249,1-HP:0001999,1-HP:0001999,1-HP:0002011,1-HP:0002011,1-HP:0002270,1-HP:0002270,1-HP:0010864,1-HP:0010864,1-HP:0011420,1-HP:0011420,1-HP:0040064,1-HP:0040064"
498,743,HGNC:28396,TMEM67,OMIM:610688,Joubert syndrome 6,HP:0000007,Autosomal recessive inheritance,Autosomal recessive,1,Yes,11/23/2010 0:00:00,Definitive,1,"1-HP:0000077,1-HP:0000077,1-HP:0000119,1-HP:0000478,1-HP:0000478,1-HP:0000707,1-HP:0000707,1-HP:0001249,1-HP:0001249,1-HP:0001256,1-HP:0001999,1-HP:0002011,1-HP:0002011,1-HP:0002342,1-HP:0002342,1-HP:0040064"
499,744,HGNC:28396,TMEM67,OMIM:216360,COACH syndrome 1,HP:0000007,Autosomal recessive inheritance,Autosomal recessive,1,Yes,11/23/2010 0:00:00,Definitive,1,"1-HP:0000077,1-HP:0000119,1-HP:0000478,1-HP:0000478,1-HP:0000707,1-HP:0000707,1-HP:0001249,1-HP:0001249,1-HP:0001256,1-HP:0001256,1-HP:0002011,1-HP:0002011,1-HP:0002342,1-HP:0002342"
500,747,HGNC:12009,TPI1,OMIM:615512,Hemolytic anemia due to triosephosphate isomerase deficiency,HP:0000007,Autosomal recessive inheritance,Autosomal recessive,1,Yes,11/23/2010 0:00:00,Definitive,1,"1-HP:0000707,1-HP:0000707,1-HP:0001249,1-HP:0001249,1-HP:0001871,1-HP:0001871,1-HP:0001939,1-HP:0001939,1-HP:0003676,1-HP:0011420,1-HP:0011420"
501,748,HGNC:30832,TRAPPC9,OMIM:613192,"Intellectual developmental disorder, autosomal recessive 13",HP:0000007,Autosomal recessive inheritance,Autosomal recessive,1,Yes,1/30/2011 0:00:00,Definitive,1,"1-HP:0000252,1-HP:0000252,1-HP:0000252,1-HP:0000707,1-HP:0000707,1-HP:0000707,1-HP:0000708,1-HP:0000924,1-HP:0001249,1-HP:0001249,1-HP:0001249,1-HP:0001939,1-HP:0001999,1-HP:0001999,1-HP:0002342,1-HP:0002342,1-HP:0002342,1-HP:0010864,1-HP:0010864,1-HP:0010864,2-HP:0001513,2-HP:0001513,4-HP:0002011"
502,749,HGNC:12269,TREX1,OMIM:225750_2,"Aicardi-Goutieres syndrome 1, dominant and recessive",HP:0000007,Autosomal recessive inheritance,Autosomal recessive,1,Yes,11/23/2010 0:00:00,Definitive,1,"1-HP:0000252,1-HP:0000252,1-HP:0000707,1-HP:0000707,1-HP:0001249,1-HP:0001249,1-HP:0001250,1-HP:0001250,1-HP:0001574,1-HP:0001574,1-HP:0001939,1-HP:0002011,1-HP:0002011,1-HP:0002187,1-HP:0002376,1-HP:0002376,1-HP:0010864,1-HP:0010864,1-HP:0011420,1-HP:0011420"
503,754,HGNC:12362,TSC1,OMIM:191100,Tuberous sclerosis-1,HP:0000006,Autosomal dominant inheritance,Autosomal dominant,1,Yes,11/23/2010 0:00:00,Definitive,1,"1-HP:0000077,1-HP:0000077,1-HP:0000119,1-HP:0000119,1-HP:0000478,1-HP:0000708,1-HP:0001249,1-HP:0001249,1-HP:0001250,1-HP:0001250,1-HP:0001256,1-HP:0001574,1-HP:0001574,1-HP:0001627,1-HP:0002011,1-HP:0002011,1-HP:0002342,1-HP:0002664,1-HP:0002664"
504,757,HGNC:12363,TSC2,OMIM:613254_1,Tuberous sclerosis-2,HP:0000006,Autosomal dominant inheritance,Autosomal dominant,1,Yes,11/23/2010 0:00:00,Definitive,1,"1-HP:0000077,1-HP:0000077,1-HP:0000119,1-HP:0000119,1-HP:0000478,1-HP:0000708,1-HP:0001249,1-HP:0001249,1-HP:0001250,1-HP:0001250,1-HP:0001256,1-HP:0001256,1-HP:0001574,1-HP:0001574,1-HP:0001627,1-HP:0002011,1-HP:0002011,1-HP:0002342,1-HP:0002342,1-HP:0002664,1-HP:0002664"
505,758,HGNC:11854,TSPAN7,OMIM:300210,"Intellectual developmental disorder, X-linked 58",HP:0001419,X-linked recessive inheritance,X-linked,1,Yes,11/23/2010 0:00:00,Definitive,1,"1-HP:0001249,1-HP:0001249,1-HP:0001256,1-HP:0001256,1-HP:0001999,1-HP:0002342,1-HP:0002342"
506,759,HGNC:20087,TTC8,OMIM:615985,Bardet-Biedl syndrome 8,HP:0000007,Autosomal recessive inheritance,Autosomal recessive,1,Yes,11/23/2010 0:00:00,Definitive,1,"1-HP:0000077,1-HP:0000077,1-HP:0000119,1-HP:0000119,1-HP:0000256,1-HP:0000478,1-HP:0000478,1-HP:0000708,1-HP:0000708,1-HP:0000818,1-HP:0000818,1-HP:0001249,1-HP:0001249,1-HP:0001256,1-HP:0001513,1-HP:0001513,1-HP:0001999,1-HP:0002342,1-HP:0040064,1-HP:0040064"
507,761,HGNC:20766,TUBA1A,OMIM:611603,Lissencephaly 3,HP:0000006,Autosomal dominant inheritance,Autosomal dominant,1,Yes,11/23/2010 0:00:00,Definitive,1,"1-HP:0000252,1-HP:0000252,1-HP:0000252,1-HP:0000478,1-HP:0000707,1-HP:0000707,1-HP:0000707,1-HP:0000708,1-HP:0001249,1-HP:0001249,1-HP:0001249,1-HP:0001250,1-HP:0001250,1-HP:0001250,1-HP:0001999,1-HP:0002011,1-HP:0002011,1-HP:0002011,1-HP:0010864,1-HP:0010864,1-HP:0010864"
508,762,HGNC:30829,TUBB2B,OMIM:610031,"Cortical dysplasia, complex, with other brain malformations 7",HP:0000006,Autosomal dominant inheritance,Autosomal dominant,1,Yes,11/23/2010 0:00:00,Definitive,1,"1-HP:0000707,1-HP:0000707,1-HP:0001249,1-HP:0001249,1-HP:0001250,1-HP:0001250,1-HP:0001999,1-HP:0002011,1-HP:0002011,1-HP:0002342,1-HP:0002342,1-HP:0010864,1-HP:0010864,1-HP:0011420"
509,763,HGNC:30242,TUSC3,OMIM:611093,"Intellectual developmental disorder, autosomal recessive 7",HP:0000007,Autosomal recessive inheritance,Autosomal recessive,1,Yes,11/23/2010 0:00:00,Definitive,1,"1-HP:0000708,1-HP:0001249,1-HP:0001249,1-HP:0002342,1-HP:0002342,1-HP:0010864,1-HP:0010864"
510,764,HGNC:12472,UBE2A,OMIM:300860,"Intellectual developmental disorder, X-linked syndromic, Nascimento type",HP:0001419,X-linked recessive inheritance,X-linked,1,Yes,11/23/2010 0:00:00,Definitive,1,"1-HP:0000119,1-HP:0000119,1-HP:0000256,1-HP:0001249,1-HP:0001249,1-HP:0001250,1-HP:0001999,1-HP:0001999,1-HP:0002342,1-HP:0010864,1-HP:0010864"
511,765,HGNC:12496,UBE3A,OMIM:105830,Angelman syndrome,HP:0000006,Autosomal dominant inheritance,Autosomal dominant,1,Yes,11/23/2010 0:00:00,Definitive,1,"1-HP:0000252,1-HP:0000252,1-HP:0000478,1-HP:0000707,1-HP:0000707,1-HP:0000708,1-HP:0000708,1-HP:0000924,1-HP:0001249,1-HP:0001249,1-HP:0001250,1-HP:0001250,1-HP:0001999,1-HP:0002342,1-HP:0002342,1-HP:0010864,1-HP:0010864,1-HP:0011024"
512,766,HGNC:13478,UBE3B,OMIM:244450,Kaufman oculocerebrofacial syndrome,HP:0000007,Autosomal recessive inheritance,Autosomal recessive,1,Yes,2/20/2012 0:00:00,Definitive,1,"1-HP:0000077,1-HP:0000119,1-HP:0000119,1-HP:0000119,1-HP:0000252,1-HP:0000252,1-HP:0000252,1-HP:0000365,1-HP:0000365,1-HP:0000478,1-HP:0000478,1-HP:0000478,1-HP:0000924,1-HP:0000924,1-HP:0001249,1-HP:0001249,1-HP:0001249,1-HP:0001250,1-HP:0001250,1-HP:0001574,1-HP:0001574,1-HP:0001627,1-HP:0001939,1-HP:0001939,1-HP:0001999,1-HP:0002011,1-HP:0002011,1-HP:0004322,1-HP:0004322,1-HP:0004322,1-HP:0010864,1-HP:0010864,1-HP:0010864,1-HP:0011024,2-HP:0001627,2-HP:0001627,2-HP:0001627,2-HP:0001939,2-HP:0001939,2-HP:0001939,2-HP:0002011,2-HP:0002011,2-HP:0002011"
513,767,HGNC:16808,UBR1,OMIM:243800,Johanson-Blizzard syndrome,HP:0000007,Autosomal recessive inheritance,Autosomal recessive,1,Yes,11/23/2010 0:00:00,Definitive,1,"1-HP:0000118,1-HP:0000365,1-HP:0000818,1-HP:0000818,1-HP:0001249,1-HP:0001249,1-HP:0001256,1-HP:0001574,1-HP:0001939,1-HP:0001999,1-HP:0002342,2-HP:0000119,2-HP:0000119,2-HP:0000252,2-HP:0000252,2-HP:0004322,2-HP:0004322"
514,769,HGNC:20439,UPF3B,OMIM:300676,"Intellectual developmental disorder, X-linked syndromic 14",HP:0001419,X-linked recessive inheritance,X-linked,1,Yes,11/23/2010 0:00:00,Definitive,1,"1-HP:0000708,1-HP:0000708,1-HP:0000708,1-HP:0000924,1-HP:0001249,1-HP:0001249,1-HP:0001249,1-HP:0001256,1-HP:0001256,1-HP:0001256,1-HP:0001999,1-HP:0001999,1-HP:0002342,1-HP:0002342,1-HP:0003011,1-HP:0003011,1-HP:0010864,1-HP:0010864,2-HP:0001627,2-HP:0002011"
515,770,HGNC:12698,VLDLR,OMIM:224050,"Cerebellar hypoplasia, impaired intellectual development, and dysequilibrium syndrome 1",HP:0000007,Autosomal recessive inheritance,Autosomal recessive,1,Yes,11/23/2010 0:00:00,Definitive,1,"1-HP:0000252,1-HP:0000252,1-HP:0000478,1-HP:0000478,1-HP:0000707,1-HP:0000707,1-HP:0000707,1-HP:0001249,1-HP:0001249,1-HP:0001249,1-HP:0001250,1-HP:0001250,1-HP:0002011,1-HP:0002011,1-HP:0002011,1-HP:0002187,1-HP:0002187,1-HP:0002187,1-HP:0002342,1-HP:0002342,1-HP:0004322,1-HP:0004322,1-HP:0010864,1-HP:0010864,2-HP:0000478,2-HP:0000478,2-HP:0000478,2-HP:0004322,2-HP:0004322,2-HP:0004322"
516,771,HGNC:2183,VPS13B,OMIM:216550,Cohen syndrome,HP:0000007,Autosomal recessive inheritance,Autosomal recessive,1,Yes,11/23/2010 0:00:00,Definitive,1,"1-HP:0000252,1-HP:0000252,1-HP:0000478,1-HP:0000478,1-HP:0000818,1-HP:0000818,1-HP:0000924,1-HP:0001249,1-HP:0001249,1-HP:0001513,1-HP:0001513,1-HP:0001871,1-HP:0001871,1-HP:0001999,1-HP:0001999,1-HP:0002187,1-HP:0002342,1-HP:0002342,1-HP:0002664,1-HP:0002664,1-HP:0003011,1-HP:0004322,1-HP:0010864,3-HP:0001250"
517,772,HGNC:24502,WDR62,OMIM:604317,"Microcephaly 2, primary, autosomal recessive, with or without cortical malformations",HP:0000007,Autosomal recessive inheritance,Autosomal recessive,1,Yes,6/26/2011 0:00:00,Definitive,1,"1-HP:0000252,1-HP:0000252,1-HP:0001249,1-HP:0001249,1-HP:0001250,1-HP:0002011,1-HP:0002011,1-HP:0002342,1-HP:0010864,2-HP:0001250"
518,773,HGNC:26600,WDR81,OMIM:610185,"Cerebellar ataxia, impaired intellectual development, and dysquilibrium syndrome 2",HP:0000007,Autosomal recessive inheritance,Autosomal recessive,1,Yes,9/20/2011 0:00:00,Definitive,1,"1-HP:0000252,1-HP:0000252,1-HP:0000707,1-HP:0000707,1-HP:0001249,1-HP:0001249,1-HP:0001250,1-HP:0001250,1-HP:0002011,1-HP:0002011,1-HP:0002342,1-HP:0004322,1-HP:0010864"
519,774,HGNC:12814,XPA,OMIM:278700,"Xeroderma pigmentosum, group A",HP:0000007,Autosomal recessive inheritance,Autosomal recessive,1,Yes,11/24/2010 0:00:00,Definitive,1,"1-HP:0000252,1-HP:0000252,1-HP:0000365,1-HP:0000478,1-HP:0000478,1-HP:0000707,1-HP:0000707,1-HP:0001249,1-HP:0001249,1-HP:0001574,1-HP:0001574,1-HP:0002342,1-HP:0002664,1-HP:0002664,1-HP:0003676,1-HP:0003676,1-HP:0010864,2-HP:0011420,2-HP:0011420,4-HP:0001256,4-HP:0001256"
520,776,HGNC:18475,ZDHHC9,OMIM:300799,"Intellectual developmental disorder, X-linked syndromic, Raymond type",HP:0001419,X-linked recessive inheritance,X-linked,1,Yes,11/23/2010 0:00:00,Definitive,1,"1-HP:0000256,1-HP:0000707,1-HP:0000707,1-HP:0000708,1-HP:0000708,1-HP:0000924,1-HP:0001249,1-HP:0001249,1-HP:0001249,1-HP:0001250,1-HP:0001250,1-HP:0001256,1-HP:0001999,1-HP:0001999,1-HP:0002011,1-HP:0002342,1-HP:0002342,1-HP:0010864,2-HP:0000924,2-HP:0000924,2-HP:0000924"
521,777,HGNC:14881,ZEB2,OMIM:235730,Mowat-Wilson syndrome,HP:0000006,Autosomal dominant inheritance,Autosomal dominant,1,Yes,11/24/2010 0:00:00,Definitive,1,"1-HP:0000118,1-HP:0000119,1-HP:0000119,1-HP:0000252,1-HP:0000252,1-HP:0000478,1-HP:0000924,1-HP:0001249,1-HP:0001249,1-HP:0001250,1-HP:0001250,1-HP:0001627,1-HP:0001627,1-HP:0001999,1-HP:0001999,1-HP:0002011,1-HP:0002011,1-HP:0002342,1-HP:0002342,1-HP:0004322,1-HP:0004322,1-HP:0010864,1-HP:0010864,1-HP:0011024,1-HP:0011024"
522,778,HGNC:20761,ZFYVE26,OMIM:270700,"Spastic paraplegia 15, autosomal recessive",HP:0000007,Autosomal recessive inheritance,Autosomal recessive,1,Yes,2/20/2012 0:00:00,Definitive,1,"1-HP:0000707,1-HP:0000707,1-HP:0000707,1-HP:0001249,1-HP:0001249,1-HP:0001249,1-HP:0001256,1-HP:0001256,1-HP:0002011,1-HP:0002342,1-HP:0002342,1-HP:0003676,1-HP:0003676,1-HP:0003676,2-HP:0002011,2-HP:0002011,2-HP:0002011"
523,779,HGNC:12873,ZIC2,OMIM:609637,Holoprosencephaly 5,HP:0000006,Autosomal dominant inheritance,Autosomal dominant,1,Yes,11/23/2010 0:00:00,Definitive,1,"1-HP:0000119,1-HP:0000252,1-HP:0000252,1-HP:0000818,1-HP:0001249,1-HP:0001249,1-HP:0001250,1-HP:0001256,1-HP:0001999,1-HP:0002011,1-HP:0002011,1-HP:0002342,1-HP:0004322,3-HP:0001999"
524,783,HGNC:13128,ZNF711,OMIM:300803,"Intellectual developmental disorder, X-linked 97",HP:0001417,X-linked other inheritance,X-linked,1,Yes,11/23/2010 0:00:00,Definitive,1,"1-HP:0000098,1-HP:0000256,1-HP:0000708,1-HP:0000708,1-HP:0001249,1-HP:0001249,1-HP:0001249,1-HP:0001250,1-HP:0001256,1-HP:0001256,1-HP:0001513,1-HP:0001999,1-HP:0002342,1-HP:0002342,1-HP:0002342,1-HP:0010864"
525,785,HGNC:23339,ACBD6,MONDO:0001071,intellectual disability,HP:0000007,Autosomal recessive inheritance,Autosomal recessive,1,Yes,2/1/2013 0:00:00,Definitive,1,"1-HP:0000252,1-HP:0000252,1-HP:0000707,1-HP:0000707,1-HP:0000708,1-HP:0001249,1-HP:0001249,1-HP:0001250,1-HP:0001256,1-HP:0001256,1-HP:0001999,1-HP:0001999,1-HP:0002011,1-HP:0002342,1-HP:0010864"
526,787,HGNC:257,ADK,OMIM:614300,Hypermethioninemia due to adenosine kinase deficiency,HP:0000007,Autosomal recessive inheritance,Autosomal recessive,1,Yes,2/1/2013 0:00:00,Definitive,1,"1-HP:0000256,1-HP:0000256,1-HP:0001249,1-HP:0001249,1-HP:0001250,1-HP:0001250,1-HP:0001627,1-HP:0001939,1-HP:0001939,1-HP:0001999,1-HP:0001999,1-HP:0002342,1-HP:0003676,1-HP:0004322,1-HP:0010864"
527,789,HGNC:15766,ADNP,OMIM:615873,Helsmoortel-van der Aa syndrome,HP:0000006,Autosomal dominant inheritance,Autosomal dominant,1,Yes,2/1/2013 0:00:00,Definitive,1,"1-HP:0000119,1-HP:0000365,1-HP:0000478,1-HP:0000478,1-HP:0000478,1-HP:0000707,1-HP:0000707,1-HP:0000708,1-HP:0000708,1-HP:0000708,1-HP:0000818,1-HP:0000924,1-HP:0001249,1-HP:0001249,1-HP:0001249,1-HP:0001250,1-HP:0001256,1-HP:0001256,1-HP:0001256,1-HP:0001513,1-HP:0001513,1-HP:0001627,1-HP:0001627,1-HP:0001627,1-HP:0001999,1-HP:0001999,1-HP:0001999,1-HP:0002011,1-HP:0002011,1-HP:0002011,1-HP:0002342,1-HP:0002342,1-HP:0002715,1-HP:0002715,1-HP:0004322,1-HP:0004322,1-HP:0004322,1-HP:0010864,1-HP:0010864,1-HP:0011024,1-HP:0011024,2-HP:0000707,2-HP:0000707,2-HP:0000707,2-HP:0001250,2-HP:0001250,2-HP:0001513,3-HP:0000119,3-HP:0001250"
528,791,HGNC:30881,ALG13,OMIM:300884,Developmental and epileptic encephalopathy 36,HP:0001417,X-linked other inheritance,X-linked,1,Yes,2/1/2013 0:00:00,Definitive,1,"1-HP:0001249,1-HP:0001249,1-HP:0001250,1-HP:0001250,1-HP:0002011,1-HP:0002342,1-HP:0010864,1-HP:0010864,3-HP:0001999"
529,792,HGNC:494,ANK3,OMIM:615493,"Intellectual developmental disorder, autosomal recessive 37",HP:0000007,Autosomal recessive inheritance,Autosomal recessive,1,Yes,2/1/2013 0:00:00,Definitive,1,"1-HP:0000707,1-HP:0000707,1-HP:0000708,1-HP:0000708,1-HP:0001249,1-HP:0001249,1-HP:0001250,1-HP:0001256,1-HP:0002011,1-HP:0002342,1-HP:0002342,1-HP:0010864"
530,793,HGNC:574,AP4M1,OMIM:612936,"Spastic paraplegia 50, autosomal recessive",HP:0000007,Autosomal recessive inheritance,Autosomal recessive,1,Yes,2/1/2013 0:00:00,Definitive,1,"1-HP:0000252,1-HP:0000707,1-HP:0001249,1-HP:0010864,2-HP:0002011"
531,794,HGNC:14561,ARHGEF9,OMIM:300607,Developmental and epileptic encephalopathy 8,HP:0001417,X-linked other inheritance,X-linked,1,Yes,2/1/2013 0:00:00,Definitive,1,"1-HP:0000707,1-HP:0001249,1-HP:0001250,1-HP:0002342,1-HP:0010864,2-HP:0000708"
532,799,HGNC:28596,B3GALNT2,OMIM:615181,"Muscular dystrophy-dystroglycanopathy (congenital with brain and eye anomalies), type A, 11",HP:0000007,Autosomal recessive inheritance,Autosomal recessive,1,Yes,2/1/2013 0:00:00,Definitive,1,"1-HP:0000478,1-HP:0000707,1-HP:0001249,1-HP:0002011,1-HP:0002342,1-HP:0003011,1-HP:0010864"
533,800,HGNC:4117,B4GALNT1,OMIM:609195,"Spastic paraplegia 26, autosomal recessive",HP:0000007,Autosomal recessive inheritance,Autosomal recessive,1,Yes,2/1/2013 0:00:00,Definitive,1,"1-HP:0000707,1-HP:0001249,1-HP:0001256,1-HP:0002011,1-HP:0002342,1-HP:0003676"
534,801,HGNC:16695,BCAP31,OMIM:300475,"Deafness, dystonia, and cerebral hypomyelination",HP:0001417,X-linked other inheritance,X-linked,1,Yes,2/1/2013 0:00:00,Definitive,1,"1-HP:0000252,1-HP:0000365,1-HP:0000478,1-HP:0000707,1-HP:0001249,1-HP:0001250,1-HP:0001999,1-HP:0002011,1-HP:0004322,1-HP:0010864,1-HP:0011420"
535,802,HGNC:29521,C12orf57,OMIM:218340,Temtamy syndrome,HP:0000007,Autosomal recessive inheritance,Autosomal recessive,1,Yes,2/1/2013 0:00:00,Definitive,1,"1-HP:0000478,1-HP:0000478,1-HP:0000707,1-HP:0000707,1-HP:0000708,1-HP:0001249,1-HP:0001249,1-HP:0001250,1-HP:0001250,1-HP:0001627,1-HP:0001999,1-HP:0001999,1-HP:0002011,1-HP:0002011,1-HP:0002342,1-HP:0010864,2-HP:0000708,2-HP:0000708"
536,804,HGNC:1382,CA8,OMIM:613227,"Spinocerebellar ataxia, autosomal recessive 34",HP:0000007,Autosomal recessive inheritance,Autosomal recessive,1,Yes,2/1/2013 0:00:00,Definitive,1,"1-HP:0000478,1-HP:0000707,1-HP:0000707,1-HP:0000708,1-HP:0001249,1-HP:0001249,1-HP:0001256,1-HP:0001256,1-HP:0002011,1-HP:0002342,1-HP:0006889"
537,807,HGNC:1477,CAPN10,MONDO:0001071,intellectual disability,HP:0000007,Autosomal recessive inheritance,Autosomal recessive,1,Yes,2/1/2013 0:00:00,Definitive,1,"1-HP:0000252,1-HP:0001249,1-HP:0002011,1-HP:0010864"
538,812,HGNC:1777,CDK6,OMIM:616080,"?Microcephaly 12, primary, autosomal recessive",HP:0000007,Autosomal recessive inheritance,Autosomal recessive,1,Yes,2/1/2013 0:00:00,Definitive,1,"1-HP:0000252,1-HP:0001249,1-HP:0001256"
539,814,HGNC:19700,CNKSR1,MONDO:0001071,intellectual disability,HP:0000007,Autosomal recessive inheritance,Autosomal recessive,1,Yes,2/1/2013 0:00:00,Definitive,1,"1-HP:0000252,1-HP:0000707,1-HP:0001249,1-HP:0010864"
540,815,HGNC:18621,COG6,OMIM:614576,"Congenital disorder of glycosylation, type IIl",HP:0000007,Autosomal recessive inheritance,Autosomal recessive,1,Yes,2/1/2013 0:00:00,Definitive,1,"1-HP:0000252,1-HP:0000252,1-HP:0000707,1-HP:0000707,1-HP:0000924,1-HP:0001249,1-HP:0001250,1-HP:0001939,1-HP:0001999,1-HP:0002011,1-HP:0002715,1-HP:0004322,1-HP:0010864,1-HP:0011024,1-HP:0011420,1-HP:0011420"
541,816,HGNC:18621,COG6,OMIM:615328,Shaheen syndrome,HP:0000007,Autosomal recessive inheritance,Autosomal recessive,1,Yes,2/1/2013 0:00:00,Definitive,1,"1-HP:0000252,1-HP:0000252,1-HP:0000924,1-HP:0000924,1-HP:0001249,1-HP:0001249,1-HP:0001574,1-HP:0001574,1-HP:0002270,1-HP:0002270,1-HP:0010864,1-HP:0010864"
542,817,HGNC:2195,COL18A1,OMIM:267750,"Knobloch syndrome, type 1",HP:0000007,Autosomal recessive inheritance,Autosomal recessive,1,Yes,2/1/2013 0:00:00,Definitive,1,"1-HP:0000077,1-HP:0000478,1-HP:0000478,1-HP:0001249,1-HP:0001249,1-HP:0001256,1-HP:0001256,1-HP:0002011,1-HP:0002011"
543,819,HGNC:13723,CTCF,OMIM:615502,"Intellectual developmental disorder, autosomal dominant 21",HP:0000006,Autosomal dominant inheritance,Autosomal dominant,1,Yes,2/1/2013 0:00:00,Definitive,1,"1-HP:0000119,1-HP:0000119,1-HP:0000119,1-HP:0000202,1-HP:0000202,1-HP:0000202,1-HP:0000202,1-HP:0000252,1-HP:0000252,1-HP:0000252,1-HP:0000252,1-HP:0000365,1-HP:0000365,1-HP:0000365,1-HP:0000365,1-HP:0000478,1-HP:0000478,1-HP:0000478,1-HP:0000478,1-HP:0000707,1-HP:0000708,1-HP:0000708,1-HP:0000708,1-HP:0000708,1-HP:0000924,1-HP:0001249,1-HP:0001249,1-HP:0001249,1-HP:0001249,1-HP:0001250,1-HP:0001256,1-HP:0001256,1-HP:0001256,1-HP:0001256,1-HP:0001627,1-HP:0001627,1-HP:0001627,1-HP:0001627,1-HP:0002342,1-HP:0002342,1-HP:0002342,1-HP:0002342,1-HP:0002715,1-HP:0002715,1-HP:0002715,1-HP:0004322,1-HP:0004322,1-HP:0004322,1-HP:0004322,1-HP:0006889,1-HP:0006889,1-HP:0006889,1-HP:0010864,1-HP:0010864,1-HP:0010864,1-HP:0011024,1-HP:0011024,1-HP:0011024,3-HP:0001250,3-HP:0001250"
544,820,HGNC:2678,DARS1,OMIM:615281,Hypomyelination with brainstem and spinal cord involvement and leg spasticity,HP:0000007,Autosomal recessive inheritance,Autosomal recessive,1,Yes,2/1/2013 0:00:00,Definitive,1,"1-HP:0000707,1-HP:0000707,1-HP:0001249,1-HP:0002011,1-HP:0002011,1-HP:0002376,1-HP:0002376,1-HP:0003676,1-HP:0003676,4-HP:0001256,4-HP:0001256"
545,821,HGNC:25360,DDX59,OMIM:174300,Orofaciodigital syndrome V,HP:0000007,Autosomal recessive inheritance,Autosomal recessive,1,Yes,2/1/2013 0:00:00,Definitive,1,"1-HP:0000202,1-HP:0000202,1-HP:0000252,1-HP:0000707,1-HP:0000924,1-HP:0001249,1-HP:0001256,1-HP:0001256,1-HP:0001999,1-HP:0002342,1-HP:0010864,1-HP:0040064,2-HP:0001627,2-HP:0001627"
546,822,HGNC:18423,DEPDC5,OMIM:604364,"Epilepsy, familial focal, with variable foci 1",HP:0000006,Autosomal dominant inheritance,Autosomal dominant,1,Yes,2/1/2013 0:00:00,Definitive,1,"1-HP:0001249,1-HP:0001249,1-HP:0001250,1-HP:0001250,1-HP:0002011,4-HP:0001249"
547,824,HGNC:3267,EIF2S3,OMIM:300148,MEHMO syndrome,HP:0001417,X-linked other inheritance,X-linked,1,Yes,2/1/2013 0:00:00,Definitive,1,"1-HP:0000252,1-HP:0000707,1-HP:0000818,1-HP:0001249,1-HP:0001256,1-HP:0001999,1-HP:0002011,1-HP:0002342,1-HP:0004322,1-HP:0010864"
548,825,HGNC:18248,ELP2,OMIM:617270,"Intellectual developmental disorder, autosomal recessive 58",HP:0000007,Autosomal recessive inheritance,Autosomal recessive,1,Yes,2/1/2013 0:00:00,Definitive,1,"1-HP:0000707,1-HP:0000707,1-HP:0000708,1-HP:0000708,1-HP:0001249,1-HP:0001249,1-HP:0001256,1-HP:0001256,1-HP:0002376,1-HP:0002376,1-HP:0003676,1-HP:0003676,2-HP:0000252,2-HP:0000252,2-HP:0004322,2-HP:0004322"
549,826,HGNC:3363,ENTPD1,OMIM:615683,"Spastic paraplegia 64, autosomal recessive",HP:0000007,Autosomal recessive inheritance,Autosomal recessive,1,Yes,2/1/2013 0:00:00,Definitive,1,"1-HP:0000707,1-HP:0000707,1-HP:0000707,1-HP:0000708,1-HP:0000708,1-HP:0001249,1-HP:0001249,1-HP:0001249,1-HP:0001256,1-HP:0001256,1-HP:0001256,1-HP:0001999,1-HP:0002011,1-HP:0002011,1-HP:0002342,1-HP:0002342,1-HP:0002342,1-HP:0002376,1-HP:0002376,1-HP:0003011,1-HP:0003676,1-HP:0010864,1-HP:0010864,1-HP:0010864,1-HP:0040064,2-HP:0000252,2-HP:0000252,2-HP:0000252,2-HP:0000478,2-HP:0000924,2-HP:0001250,2-HP:0002011,2-HP:0002011,2-HP:0002011,4-HP:0001250,4-HP:0001250"
550,827,HGNC:3433,ERCC1,OMIM:610758,Cerebrooculofacioskeletal syndrome 4,HP:0000007,Autosomal recessive inheritance,Autosomal recessive,1,Yes,2/1/2013 0:00:00,Definitive,1,"1-HP:0000252,1-HP:0000924,1-HP:0001249,1-HP:0001999,1-HP:0002011,1-HP:0004322,1-HP:0011420"
551,831,HGNC:24587,HYCC1,OMIM:610532,"Leukodystrophy, hypomyelinating, 5",HP:0000007,Autosomal recessive inheritance,Autosomal recessive,1,Yes,2/1/2013 0:00:00,Definitive,1,"1-HP:0000478,1-HP:0000707,1-HP:0001249,1-HP:0001256,1-HP:0002011,1-HP:0002342,1-HP:0003676"
552,833,HGNC:13601,FBXL4,OMIM:615471,Mitochondrial DNA depletion syndrome 13 (encephalomyopathic type),HP:0000007,Autosomal recessive inheritance,Autosomal recessive,1,Yes,2/1/2013 0:00:00,Definitive,1,"1-HP:0000252,1-HP:0000707,1-HP:0001249,1-HP:0001939,1-HP:0002011,1-HP:0011420,1-HP:0012103"
553,834,HGNC:3688,FGFR1,OMIM:615465,Hartsfield syndrome,HP:0000006,Autosomal dominant inheritance,Autosomal dominant,1,Yes,2/1/2013 0:00:00,Definitive,1,"1-HP:0000119,1-HP:0000818,1-HP:0001249,1-HP:0001256,1-HP:0002011,1-HP:0002342,1-HP:0040064,2-HP:0000707"
554,840,HGNC:16873,FIG4,OMIM:216340,Yunis-Varon syndrome,HP:0000007,Autosomal recessive inheritance,Autosomal recessive,1,Yes,2/1/2013 0:00:00,Definitive,1,"1-HP:0000707,1-HP:0000924,1-HP:0001249,1-HP:0001574,1-HP:0002011,1-HP:0002342,1-HP:0010864,1-HP:0011420,1-HP:0040064,2-HP:0000252"
555,843,HGNC:20367,FRY,MONDO:0001071,intellectual disability,HP:0000007,Autosomal recessive inheritance,Autosomal recessive,1,Yes,2/1/2013 0:00:00,Definitive,1,"1-HP:0000365,1-HP:0000478,1-HP:0001249,1-HP:0001256"
556,844,HGNC:4083,GABRB3,OMIM:617113,Developmental and epileptic encephalopathy 43,HP:0000006,Autosomal dominant inheritance,Autosomal dominant,1,Yes,2/1/2013 0:00:00,Definitive,1,"1-HP:0000708,1-HP:0000708,1-HP:0001249,1-HP:0001249,1-HP:0001250,1-HP:0001250,1-HP:0001256,1-HP:0001256,1-HP:0002342,1-HP:0002342"
557,845,HGNC:22923,GMPPA,OMIM:615510,"Alacrima, achalasia, and impaired intellectual development syndrome",HP:0000007,Autosomal recessive inheritance,Autosomal recessive,1,Yes,2/1/2013 0:00:00,Definitive,1,"1-HP:0000478,1-HP:0000478,1-HP:0000707,1-HP:0000707,1-HP:0001249,1-HP:0001249,1-HP:0001256,1-HP:0002342,1-HP:0011024"
558,846,HGNC:22932,GMPPB,OMIM:615350,"Muscular dystrophy-dystroglycanopathy (congenital with brain and eye anomalies), type A, 14",HP:0000007,Autosomal recessive inheritance,Autosomal recessive,1,Yes,2/1/2013 0:00:00,Definitive,1,"1-HP:0000202,1-HP:0000252,1-HP:0000365,1-HP:0000478,1-HP:0000478,1-HP:0000707,1-HP:0001249,1-HP:0001249,1-HP:0001250,1-HP:0001256,1-HP:0002011,1-HP:0002011,1-HP:0002342,1-HP:0003011,1-HP:0003011,1-HP:0004322,1-HP:0010864,1-HP:0010864,4-HP:0011420"
559,847,HGNC:22932,GMPPB,OMIM:615351,"Muscular dystrophy-dystroglycanopathy (congenital with impaired intellectual development), type B, 14",HP:0000007,Autosomal recessive inheritance,Autosomal recessive,1,Yes,2/1/2013 0:00:00,Definitive,1,"1-HP:0000252,1-HP:0000252,1-HP:0000478,1-HP:0001249,1-HP:0001249,1-HP:0001250,1-HP:0001250,1-HP:0001256,1-HP:0001256,1-HP:0002011,1-HP:0002011,1-HP:0002342,1-HP:0003011,1-HP:0003011,1-HP:0010864,4-HP:0011420"
560,848,HGNC:22932,GMPPB,OMIM:615352,"Muscular dystrophy-dystroglycanopathy (limb-girdle), type C, 14",HP:0000007,Autosomal recessive inheritance,Autosomal recessive,1,Yes,2/1/2013 0:00:00,Definitive,1,"1-HP:0000252,1-HP:0001249,1-HP:0001249,1-HP:0001250,1-HP:0001250,1-HP:0001256,1-HP:0001256,1-HP:0003011,1-HP:0003011,1-HP:0006889,4-HP:0001249,4-HP:0001250,4-HP:0001256,4-HP:0006889"
561,849,HGNC:4389,GNAO1,OMIM:615473,Developmental and epileptic encephalopathy 17,HP:0000006,Autosomal dominant inheritance,Autosomal dominant,1,Yes,2/1/2013 0:00:00,Definitive,1,"1-HP:0000707,1-HP:0000707,1-HP:0000707,1-HP:0000707,1-HP:0000707,1-HP:0001249,1-HP:0001249,1-HP:0001249,1-HP:0001249,1-HP:0001249,1-HP:0001250,1-HP:0001250,1-HP:0001250,1-HP:0001250,1-HP:0001250,1-HP:0002011,1-HP:0002011,1-HP:0002011,1-HP:0002011,1-HP:0002011,1-HP:0002187,1-HP:0002187,1-HP:0002187,1-HP:0002342,1-HP:0002342,1-HP:0002342,1-HP:0010864,1-HP:0010864,1-HP:0010864,1-HP:0010864,1-HP:0010864,1-HP:0011024,1-HP:0011024"
562,851,HGNC:4584,GRIN1,OMIM:614254,"Neurodevelopmental disorder with or without hyperkinetic movements and seizures, autosomal dominant",HP:0000006,Autosomal dominant inheritance,Autosomal dominant,1,Yes,2/1/2013 0:00:00,Definitive,1,"1-HP:0000252,1-HP:0000252,1-HP:0000707,1-HP:0000707,1-HP:0000708,1-HP:0000708,1-HP:0001249,1-HP:0001249,1-HP:0001249,1-HP:0001250,1-HP:0001250,1-HP:0001250,1-HP:0002011,1-HP:0002011,1-HP:0002187,1-HP:0002342,1-HP:0002342,1-HP:0010864,1-HP:0010864,1-HP:0010864,2-HP:0000252,3-HP:0002342,4-HP:0001256"
563,854,HGNC:30892,HUWE1,OMIM:309590,"Intellectual developmental disorder, X-linked syndromic, Turner type",HP:0001417,X-linked other inheritance,X-linked,1,Yes,2/1/2013 0:00:00,Definitive,1,"1-HP:0000252,1-HP:0000478,1-HP:0000707,1-HP:0000708,1-HP:0000924,1-HP:0001249,1-HP:0001249,1-HP:0001250,1-HP:0001256,1-HP:0001999,1-HP:0001999,1-HP:0002187,1-HP:0002342,1-HP:0004322,1-HP:0004322,1-HP:0006889,1-HP:0010864,1-HP:0040064,2-HP:0000256,3-HP:0002342"
564,855,HGNC:1917,CHD2,OMIM:615369,Developmental and epileptic encephalopathy 94,HP:0000006,Autosomal dominant inheritance,Autosomal dominant,1,Yes,2/1/2013 0:00:00,Definitive,1,"1-HP:0000708,1-HP:0000708,1-HP:0000708,1-HP:0001249,1-HP:0001249,1-HP:0001249,1-HP:0001250,1-HP:0001250,1-HP:0001250,1-HP:0001256,1-HP:0001256,1-HP:0001256,1-HP:0002187,1-HP:0002342,1-HP:0010864"
565,856,HGNC:20153,CHD8,OMIM:615032,Intellectual developmental disorder with autism and macrocephaly,HP:0000006,Autosomal dominant inheritance,Autosomal dominant,1,Yes,2/1/2013 0:00:00,Definitive,1,"1-HP:0000098,1-HP:0000098,1-HP:0000098,1-HP:0000098,1-HP:0000256,1-HP:0000256,1-HP:0000256,1-HP:0000256,1-HP:0000707,1-HP:0000707,1-HP:0000707,1-HP:0000707,1-HP:0000708,1-HP:0000708,1-HP:0000708,1-HP:0000708,1-HP:0001249,1-HP:0001249,1-HP:0001249,1-HP:0001249,1-HP:0001256,1-HP:0001256,1-HP:0001256,1-HP:0001256,1-HP:0002187,1-HP:0002342,1-HP:0002342,1-HP:0002342,1-HP:0002342,1-HP:0010864,1-HP:0011024,3-HP:0000119,3-HP:0001250,3-HP:0002011"
566,857,HGNC:30391,IFT172,OMIM:615630,Short-rib thoracic dysplasia 10 with or without polydactyly,HP:0000007,Autosomal recessive inheritance,Autosomal recessive,1,Yes,2/1/2013 0:00:00,Definitive,1,"1-HP:0000077,1-HP:0000077,1-HP:0000119,1-HP:0000119,1-HP:0000478,1-HP:0000478,1-HP:0000924,1-HP:0000924,1-HP:0001249,1-HP:0001249,1-HP:0001513,1-HP:0001513,1-HP:0002011,1-HP:0002011,2-HP:0011420"
567,858,HGNC:6074,INPP4A,MONDO:0001071,intellectual disability,HP:0000007,Autosomal recessive inheritance,Autosomal recessive,1,Yes,2/1/2013 0:00:00,Definitive,1,"1-HP:0000252,1-HP:0000252,1-HP:0000252,1-HP:0000252,1-HP:0000478,1-HP:0000478,1-HP:0000478,1-HP:0000707,1-HP:0000707,1-HP:0000707,1-HP:0000708,1-HP:0000924,1-HP:0001249,1-HP:0001249,1-HP:0001249,1-HP:0001249,1-HP:0001249,1-HP:0001250,1-HP:0001250,1-HP:0001250,1-HP:0001250,1-HP:0001999,1-HP:0001999,1-HP:0002011,1-HP:0002011,1-HP:0002011,1-HP:0002011,1-HP:0002187,1-HP:0002187,1-HP:0002187,1-HP:0002342,1-HP:0002342,1-HP:0002342,1-HP:0002342,1-HP:0002342,1-HP:0004322,1-HP:0010864,1-HP:0010864,1-HP:0010864,2-HP:0001250,2-HP:0001250,2-HP:0001250,2-HP:0001250,2-HP:0001250,2-HP:0011420,2-HP:0011420"
568,859,HGNC:6296,KCNQ2,OMIM:613720,Developmental and epileptic encephalopathy 7,HP:0000006,Autosomal dominant inheritance,Autosomal dominant,1,Yes,2/1/2013 0:00:00,Definitive,1,"1-HP:0000707,1-HP:0000707,1-HP:0000707,1-HP:0001249,1-HP:0001249,1-HP:0001249,1-HP:0001250,1-HP:0001250,1-HP:0001250,1-HP:0001256,1-HP:0001256,1-HP:0002011,1-HP:0002011,1-HP:0002011,1-HP:0002187,1-HP:0002342,1-HP:0002342,1-HP:0002342,1-HP:0010864,1-HP:0010864"
569,861,HGNC:9886,KDM5A,MONDO:0001071,intellectual disability,HP:0000007,Autosomal recessive inheritance,Autosomal recessive,1,Yes,2/1/2013 0:00:00,Definitive,1,"1-HP:0000098,1-HP:0000252,1-HP:0000707,1-HP:0000708,1-HP:0000708,1-HP:0001249,1-HP:0001249,1-HP:0001250,1-HP:0001627,1-HP:0001627,1-HP:0001999,1-HP:0001999,1-HP:0002011,1-HP:0002011,1-HP:0002342,1-HP:0002342,1-HP:0004322,1-HP:0010864,1-HP:0011024,2-HP:0001250,2-HP:0001250"
570,863,HGNC:29433,NEXMIF,OMIM:300912,"Intellectual developmental disorder, X-linked 98",HP:0001417,X-linked other inheritance,X-linked,1,Yes,2/1/2013 0:00:00,Definitive,1,"1-HP:0000252,1-HP:0000252,1-HP:0000478,1-HP:0000478,1-HP:0000707,1-HP:0000707,1-HP:0000708,1-HP:0000708,1-HP:0001249,1-HP:0001249,1-HP:0001250,1-HP:0001250,1-HP:0001256,1-HP:0001999,1-HP:0002187,1-HP:0002342,1-HP:0002376,1-HP:0002376,1-HP:0003676,1-HP:0003676,1-HP:0004322,1-HP:0010864,3-HP:0001256,3-HP:0001256"
571,864,HGNC:6318,KIF2A,OMIM:615411,"Cortical dysplasia, complex, with other brain malformations 3",HP:0000006,Autosomal dominant inheritance,Autosomal dominant,1,Yes,2/1/2013 0:00:00,Definitive,1,"1-HP:0000252,1-HP:0000252,1-HP:0000707,1-HP:0000707,1-HP:0001249,1-HP:0001249,1-HP:0001250,1-HP:0001250,1-HP:0002011,1-HP:0002011,1-HP:0002342,1-HP:0002342,1-HP:0004322,1-HP:0004322,1-HP:0010864,1-HP:0010864"
572,866,HGNC:6404,KPTN,OMIM:615637,"Intellectual developmental disorder, autosomal recessive 41",HP:0000007,Autosomal recessive inheritance,Autosomal recessive,1,Yes,2/1/2013 0:00:00,Definitive,1,"1-HP:0000256,1-HP:0000256,1-HP:0000256,1-HP:0000256,1-HP:0000707,1-HP:0000708,1-HP:0000708,1-HP:0000708,1-HP:0000708,1-HP:0001249,1-HP:0001249,1-HP:0001249,1-HP:0001249,1-HP:0001250,1-HP:0001250,1-HP:0001250,1-HP:0001250,1-HP:0001256,1-HP:0001256,1-HP:0001256,1-HP:0001256,1-HP:0001999,1-HP:0001999,1-HP:0001999,1-HP:0002011,1-HP:0002011,1-HP:0002011,1-HP:0002187,1-HP:0002342,1-HP:0002342,1-HP:0002715,1-HP:0010864,1-HP:0010864,2-HP:0000478"
573,867,HGNC:6481,LAMA1,OMIM:615960,Poretti-Boltshauser syndrome,HP:0000007,Autosomal recessive inheritance,Autosomal recessive,1,Yes,2/1/2013 0:00:00,Definitive,1,"1-HP:0000478,1-HP:0000478,1-HP:0000707,1-HP:0001249,1-HP:0001249,1-HP:0001256,1-HP:0001256,1-HP:0002011,1-HP:0002011,1-HP:0002342,1-HP:0002342"
574,868,HGNC:6486,LAMB1,OMIM:615191,Lissencephaly 5,HP:0000007,Autosomal recessive inheritance,Autosomal recessive,1,Yes,2/1/2013 0:00:00,Definitive,1,"1-HP:0000256,1-HP:0000256,1-HP:0000478,1-HP:0000478,1-HP:0000707,1-HP:0000707,1-HP:0000707,1-HP:0001249,1-HP:0001249,1-HP:0001249,1-HP:0001250,1-HP:0001250,1-HP:0001250,1-HP:0001256,1-HP:0001999,1-HP:0002011,1-HP:0002011,1-HP:0002011,1-HP:0002342,1-HP:0002342,1-HP:0002342,1-HP:0010864,1-HP:0010864,1-HP:0010864,2-HP:0001999"
575,869,HGNC:30922,LINS1,OMIM:614340,"Intellectual developmental disorder, autosomal recessive 27",HP:0000007,Autosomal recessive inheritance,Autosomal recessive,1,Yes,2/1/2013 0:00:00,Definitive,1,"1-HP:0000707,1-HP:0001249,1-HP:0001249,1-HP:0002342,1-HP:0002342,1-HP:0004322,1-HP:0010864,2-HP:0000252,2-HP:0000252,2-HP:0004322,2-HP:0004322"
576,870,HGNC:6694,LRP2,OMIM:222448,Donnai-Barrow syndrome,HP:0000007,Autosomal recessive inheritance,Autosomal recessive,1,Yes,2/1/2013 0:00:00,Definitive,1,"1-HP:0000077,1-HP:0000118,1-HP:0000118,1-HP:0000365,1-HP:0000365,1-HP:0000478,1-HP:0000478,1-HP:0000707,1-HP:0000707,1-HP:0001249,1-HP:0001249,1-HP:0001256,1-HP:0001256,1-HP:0001999,1-HP:0002011,1-HP:0002011,1-HP:0002342,1-HP:0002342"
577,871,HGNC:6814,MAGEL2,OMIM:615547,Schaaf-Yang syndrome,HP:0000006,Autosomal dominant inheritance,Autosomal dominant,1,Yes,2/1/2013 0:00:00,Definitive,1,"1-HP:0000478,1-HP:0000478,1-HP:0000478,1-HP:0000707,1-HP:0000707,1-HP:0000708,1-HP:0000708,1-HP:0000708,1-HP:0000924,1-HP:0000924,1-HP:0000924,1-HP:0001249,1-HP:0001249,1-HP:0001249,1-HP:0001250,1-HP:0001250,1-HP:0001256,1-HP:0001256,1-HP:0001256,1-HP:0001513,1-HP:0001513,1-HP:0001513,1-HP:0001999,1-HP:0002342,1-HP:0002342,1-HP:0002342,1-HP:0004322,1-HP:0004322,1-HP:0004322,1-HP:0006889,1-HP:0010864,1-HP:0010864,1-HP:0011024,1-HP:0011024,1-HP:0011420,1-HP:0040064,1-HP:0040064,2-HP:0001250,2-HP:0001250,2-HP:0001250"
578,872,HGNC:15455,MBTPS2,OMIM:308205,IFAP syndrome with or without BRESHECK syndrome,HP:0001417,X-linked other inheritance,X-linked,1,Yes,2/1/2013 0:00:00,Definitive,1,"1-HP:0000077,1-HP:0000077,1-HP:0000118,1-HP:0000118,1-HP:0000119,1-HP:0000119,1-HP:0000202,1-HP:0000202,1-HP:0000478,1-HP:0000478,1-HP:0000707,1-HP:0000924,1-HP:0000924,1-HP:0001249,1-HP:0001249,1-HP:0001250,1-HP:0001250,1-HP:0001574,1-HP:0001574,1-HP:0002011,1-HP:0004322,1-HP:0040064,1-HP:0040064"
579,876,HGNC:16205,MGME1,OMIM:615084,Mitochondrial DNA depletion syndrome 11,HP:0000007,Autosomal recessive inheritance,Autosomal recessive,1,Yes,2/1/2013 0:00:00,Definitive,1,"1-HP:0000478,1-HP:0000707,1-HP:0000707,1-HP:0001249,1-HP:0001249,1-HP:0001939,1-HP:0001939,1-HP:0002011,1-HP:0002187,1-HP:0002270,1-HP:0002270,1-HP:0002342,1-HP:0003011,1-HP:0003011,1-HP:0003676,1-HP:0003676,1-HP:0010864,1-HP:0012103,1-HP:0012103"
580,877,HGNC:1530,MICU1,OMIM:615673,Myopathy with extrapyramidal signs,HP:0000007,Autosomal recessive inheritance,Autosomal recessive,1,Yes,2/1/2013 0:00:00,Definitive,1,"1-HP:0000252,1-HP:0000252,1-HP:0000478,1-HP:0000707,1-HP:0000707,1-HP:0001249,1-HP:0001249,1-HP:0001256,1-HP:0001256,1-HP:0001574,1-HP:0002342,1-HP:0002342,1-HP:0003011,1-HP:0003011,1-HP:0004322,1-HP:0004322,1-HP:0012103"
581,879,HGNC:19082,NALCN,OMIM:615419,"Hypotonia, infantile, with psychomotor retardation and characteristic facies 1",HP:0000007,Autosomal recessive inheritance,Autosomal recessive,1,Yes,2/1/2013 0:00:00,Definitive,1,"1-HP:0000252,1-HP:0000252,1-HP:0000252,1-HP:0000707,1-HP:0000707,1-HP:0000707,1-HP:0001249,1-HP:0001249,1-HP:0001249,1-HP:0001250,1-HP:0001999,1-HP:0001999,1-HP:0001999,1-HP:0002011,1-HP:0002342,1-HP:0002342,1-HP:0002376,1-HP:0002376,1-HP:0002376,1-HP:0004322,1-HP:0004322,1-HP:0010864,1-HP:0010864,1-HP:0010864,1-HP:0011024,1-HP:0011024,1-HP:0011024,2-HP:0001250,2-HP:0001250,2-HP:0001250"
582,880,HGNC:7680,NDST1,OMIM:616116,"Intellectual developmental disorder, autosomal recessive 46",HP:0000007,Autosomal recessive inheritance,Autosomal recessive,1,Yes,2/1/2013 0:00:00,Definitive,1,"1-HP:0000707,1-HP:0000708,1-HP:0001249,1-HP:0001249,1-HP:0001250,1-HP:0001256,1-HP:0001999,1-HP:0002342,1-HP:0002342,1-HP:0010864,2-HP:0001250"
583,881,HGNC:7975,NR2F1,OMIM:615722,Bosch-Boonstra-Schaaf optic atrophy syndrome,HP:0000006,Autosomal dominant inheritance,Autosomal dominant,1,Yes,2/1/2013 0:00:00,Definitive,1,"1-HP:0000478,1-HP:0000478,1-HP:0000478,1-HP:0000478,1-HP:0000707,1-HP:0000707,1-HP:0000707,1-HP:0000707,1-HP:0000708,1-HP:0000708,1-HP:0000708,1-HP:0001249,1-HP:0001249,1-HP:0001249,1-HP:0001249,1-HP:0001250,1-HP:0001250,1-HP:0001250,1-HP:0001250,1-HP:0001256,1-HP:0001256,1-HP:0001256,1-HP:0001256,1-HP:0002011,1-HP:0002011,1-HP:0002011,1-HP:0002011,1-HP:0002187,1-HP:0002342,1-HP:0002342,1-HP:0002342,1-HP:0002342,1-HP:0010864,1-HP:0011024"
584,883,HGNC:8783,PDE4D,OMIM:614613,"Acrodysostosis 2, with or without hormone resistance",HP:0000006,Autosomal dominant inheritance,Autosomal dominant,1,Yes,2/1/2013 0:00:00,Definitive,1,"1-HP:0000924,1-HP:0000924,1-HP:0001249,1-HP:0001249,1-HP:0001256,1-HP:0001256,1-HP:0001513,1-HP:0001999,1-HP:0001999,1-HP:0002342,1-HP:0002342,1-HP:0004322,2-HP:0000818,3-HP:0000818"
585,884,HGNC:21350,PDHX,OMIM:245349,Lacticacidemia due to PDX1 deficiency,HP:0000007,Autosomal recessive inheritance,Autosomal recessive,1,Yes,2/1/2013 0:00:00,Definitive,1,"1-HP:0000252,1-HP:0000252,1-HP:0000365,1-HP:0000478,1-HP:0000707,1-HP:0000707,1-HP:0001249,1-HP:0001249,1-HP:0001250,1-HP:0001256,1-HP:0001939,1-HP:0001939,1-HP:0002011,1-HP:0002187,1-HP:0002342,1-HP:0004322,1-HP:0010864"
586,886,HGNC:17893,PGAP2,OMIM:614207,Hyperphosphatasia with impaired intellectual development syndrome 3,HP:0000007,Autosomal recessive inheritance,Autosomal recessive,1,Yes,2/1/2013 0:00:00,Definitive,1,"1-HP:0000252,1-HP:0000252,1-HP:0000707,1-HP:0001249,1-HP:0001249,1-HP:0001250,1-HP:0001250,1-HP:0001256,1-HP:0001871,1-HP:0001939,1-HP:0001939,1-HP:0002011,1-HP:0002342,1-HP:0010864,1-HP:0010864,2-HP:0002011"
587,887,HGNC:14938,PIGT,OMIM:615398,Multiple congenital anomalies-hypotonia-seizures syndrome 3,HP:0000007,Autosomal recessive inheritance,Autosomal recessive,1,Yes,2/1/2013 0:00:00,Definitive,1,"1-HP:0000077,1-HP:0000077,1-HP:0000119,1-HP:0000119,1-HP:0000256,1-HP:0000478,1-HP:0000478,1-HP:0000707,1-HP:0000707,1-HP:0000924,1-HP:0000924,1-HP:0001249,1-HP:0001249,1-HP:0001250,1-HP:0001250,1-HP:0001939,1-HP:0001999,1-HP:0001999,1-HP:0002011,1-HP:0002011,1-HP:0002187,1-HP:0003011,1-HP:0010864,1-HP:0010864,1-HP:0011420,3-HP:0000256"
588,889,HGNC:8979,PIK3R1,OMIM:269880,SHORT syndrome,HP:0000006,Autosomal dominant inheritance,Autosomal dominant,1,Yes,2/1/2013 0:00:00,Definitive,1,"1-HP:0000365,1-HP:0000478,1-HP:0000478,1-HP:0000818,1-HP:0000818,1-HP:0000924,1-HP:0000924,1-HP:0001249,1-HP:0001999,1-HP:0001999,1-HP:0004322,1-HP:0004322,2-HP:0000252,2-HP:0001627,3-HP:0000365,3-HP:0001249,3-HP:0001256"
589,890,HGNC:15917,PLCB1,OMIM:613722,Developmental and epileptic encephalopathy 12,HP:0000007,Autosomal recessive inheritance,Autosomal recessive,1,Yes,2/1/2013 0:00:00,Definitive,1,"1-HP:0000252,1-HP:0000707,1-HP:0000707,1-HP:0001249,1-HP:0001249,1-HP:0001250,1-HP:0001250,1-HP:0002011,1-HP:0002187,1-HP:0002376,1-HP:0010864,1-HP:0011024,1-HP:0011420"
590,891,HGNC:9154,PNKP,OMIM:613402,"Microcephaly, seizures, and developmental delay",HP:0000007,Autosomal recessive inheritance,Autosomal recessive,1,Yes,2/1/2013 0:00:00,Definitive,1,"1-HP:0000252,1-HP:0000252,1-HP:0000707,1-HP:0000708,1-HP:0000708,1-HP:0001249,1-HP:0001249,1-HP:0001250,1-HP:0001250,1-HP:0002011,1-HP:0010864,1-HP:0010864"
591,893,HGNC:9402,PRKCG,OMIM:605361,Spinocerebellar ataxia 14,HP:0000006,Autosomal dominant inheritance,Autosomal dominant,1,Yes,2/1/2013 0:00:00,Definitive,1,"1-HP:0000478,1-HP:0000707,1-HP:0000707,1-HP:0001249,1-HP:0001249,1-HP:0001256,1-HP:0001256,1-HP:0002011,1-HP:0002342,1-HP:0002342,1-HP:0003676,1-HP:0003676"
592,895,HGNC:9438,PRKRA,OMIM:612067,Dystonia 16,HP:0000007,Autosomal recessive inheritance,Autosomal recessive,1,Yes,2/1/2013 0:00:00,Definitive,1,"1-HP:0000707,1-HP:0000707,1-HP:0001249,1-HP:0001249,1-HP:0001256,1-HP:0001256,1-HP:0002342,1-HP:0002342,1-HP:0003676,1-HP:0003676"
593,897,HGNC:30500,PRRT2,MONDO:0001071,intellectual disability,HP:0000007,Autosomal recessive inheritance,Autosomal recessive,1,Yes,2/1/2013 0:00:00,Definitive,1,"1-HP:0000707,1-HP:0000707,1-HP:0001249,1-HP:0001249,1-HP:0001250,1-HP:0001256,1-HP:0001256,1-HP:0002342,1-HP:0002342,1-HP:0010864,1-HP:0010864,4-HP:0002011"
594,901,HGNC:9587,PTDSS1,OMIM:151050,Lenz-Majewski hyperostotic dwarfism,HP:0000006,Autosomal dominant inheritance,Autosomal dominant,1,Yes,2/1/2013 0:00:00,Definitive,1,"1-HP:0000119,1-HP:0000119,1-HP:0000252,1-HP:0000252,1-HP:0000252,1-HP:0000924,1-HP:0000924,1-HP:0000924,1-HP:0001249,1-HP:0001249,1-HP:0001249,1-HP:0001256,1-HP:0001256,1-HP:0001256,1-HP:0001574,1-HP:0001574,1-HP:0001574,1-HP:0001999,1-HP:0001999,1-HP:0002011,1-HP:0002342,1-HP:0002342,1-HP:0002342,1-HP:0004322,1-HP:0004322,1-HP:0004322,1-HP:0010864,1-HP:0011420,1-HP:0040064,1-HP:0040064,1-HP:0040064,2-HP:0000118,2-HP:0002011,2-HP:0002011,3-HP:0000118,4-HP:0000118,4-HP:0002011"
595,905,HGNC:9865,RARB,OMIM:615524_1,"Microphthalmia, syndromic 12",HP:0000006,Autosomal dominant inheritance,Autosomal dominant,1,Yes,2/1/2013 0:00:00,Definitive,1,"1-HP:0000118,1-HP:0000118,1-HP:0000478,1-HP:0000478,1-HP:0000707,1-HP:0001249,1-HP:0001249,1-HP:0001627,1-HP:0001999,1-HP:0001999,1-HP:0002376,1-HP:0011420,1-HP:0011420"
596,906,HGNC:9891,RBBP8,OMIM:251255,Jawad syndrome,HP:0000007,Autosomal recessive inheritance,Autosomal recessive,1,Yes,2/1/2013 0:00:00,Definitive,1,"1-HP:0000252,1-HP:0001249,1-HP:0001249,1-HP:0001574,1-HP:0001574,1-HP:0002342,1-HP:0002342,1-HP:0004322,1-HP:0010864,1-HP:0010864,1-HP:0040064,1-HP:0040064"
597,907,HGNC:9891,RBBP8,OMIM:606744,Seckel syndrome 2,HP:0000007,Autosomal recessive inheritance,Autosomal recessive,1,Yes,2/1/2013 0:00:00,Definitive,1,"1-HP:0000252,1-HP:0000252,1-HP:0001249,1-HP:0001249,1-HP:0001256,1-HP:0001256,1-HP:0001574,1-HP:0001574,1-HP:0002011,1-HP:0002011,1-HP:0002342,1-HP:0004322,1-HP:0004322,1-HP:0040064"
598,909,HGNC:10023,RIT1,OMIM:615355,Noonan syndrome 8,HP:0000006,Autosomal dominant inheritance,Autosomal dominant,1,Yes,2/1/2013 0:00:00,Definitive,1,"1-HP:0000077,1-HP:0000119,1-HP:0001249,1-HP:0001249,1-HP:0001256,1-HP:0001574,1-HP:0001574,1-HP:0001627,1-HP:0001627,1-HP:0001999,1-HP:0001999,1-HP:0004322,1-HP:0004322,1-HP:0011420"
599,910,HGNC:13081,SCAPER,OMIM:618195,Intellectual developmental disorder and retinitis pigmentosa,HP:0000007,Autosomal recessive inheritance,Autosomal recessive,1,Yes,2/1/2013 0:00:00,Definitive,1,"1-HP:0000478,1-HP:0000478,1-HP:0000708,1-HP:0000708,1-HP:0001249,1-HP:0001249,1-HP:0001256,1-HP:0001256,1-HP:0002342,1-HP:0002342,1-HP:0010864,1-HP:0040064"
600,911,HGNC:16088,SFXN4,OMIM:615578,Combined oxidative phosphorylation deficiency 18,HP:0000007,Autosomal recessive inheritance,Autosomal recessive,1,Yes,2/1/2013 0:00:00,Definitive,1,"1-HP:0000252,1-HP:0000252,1-HP:0000478,1-HP:0000478,1-HP:0000707,1-HP:0000707,1-HP:0001249,1-HP:0001249,1-HP:0001250,1-HP:0001256,1-HP:0001871,1-HP:0001871,1-HP:0001939,1-HP:0001939,1-HP:0002342,1-HP:0003011,1-HP:0003011,1-HP:0004322,1-HP:0004322,1-HP:0010864,1-HP:0012103"
601,912,HGNC:10818,SGSH,OMIM:252900,Mucopolysaccharidosis type IIIA (Sanfilippo A),HP:0000007,Autosomal recessive inheritance,Autosomal recessive,1,Yes,2/1/2013 0:00:00,Definitive,1,"1-HP:0000707,1-HP:0000707,1-HP:0000708,1-HP:0000708,1-HP:0001249,1-HP:0001249,1-HP:0001250,1-HP:0001939,1-HP:0001939,1-HP:0003676,1-HP:0003676,1-HP:0011420,1-HP:0011420"
602,913,HGNC:10979,SLC25A1,OMIM:615182,Combined D-2- and L-2-hydroxyglutaric aciduria,HP:0000007,Autosomal recessive inheritance,Autosomal recessive,1,Yes,2/1/2013 0:00:00,Definitive,1,"1-HP:0000707,1-HP:0000707,1-HP:0001249,1-HP:0001249,1-HP:0001250,1-HP:0001250,1-HP:0001939,1-HP:0001939,1-HP:0002011,1-HP:0002011,1-HP:0011420,1-HP:0011420"
603,915,HGNC:11022,SLC35A2,OMIM:300896_1,"Congenital disorder of glycosylation, type IIm",HP:0001423,X-linked dominant inheritance,X-linked,1,Yes,2/1/2013 0:00:00,Definitive,1,"1-HP:0000252,1-HP:0000478,1-HP:0000478,1-HP:0000707,1-HP:0000707,1-HP:0000924,1-HP:0000924,1-HP:0001249,1-HP:0001249,1-HP:0001250,1-HP:0001250,1-HP:0001256,1-HP:0001939,1-HP:0001939,1-HP:0001999,1-HP:0001999,1-HP:0002011,1-HP:0002011,1-HP:0002342,1-HP:0010864,3-HP:0000252,3-HP:0004322,3-HP:0040064"
604,916,HGNC:11023,SLC35A3,OMIM:615553,"Arthrogryposis, impaired intellectual development, and seizures",HP:0000007,Autosomal recessive inheritance,Autosomal recessive,1,Yes,2/1/2013 0:00:00,Definitive,1,"1-HP:0000252,1-HP:0000252,1-HP:0000707,1-HP:0000708,1-HP:0000708,1-HP:0000924,1-HP:0000924,1-HP:0001249,1-HP:0001249,1-HP:0001250,1-HP:0001250,1-HP:0001256,1-HP:0001256,1-HP:0002342,1-HP:0002342,1-HP:0010864,1-HP:0040064,3-HP:0001627"
605,917,HGNC:11273,SPTAN1,OMIM:613477,Developmental and epileptic encephalopathy 5,HP:0000006,Autosomal dominant inheritance,Autosomal dominant,1,Yes,2/1/2013 0:00:00,Definitive,1,"1-HP:0000252,1-HP:0000252,1-HP:0000252,1-HP:0000252,1-HP:0000707,1-HP:0000707,1-HP:0000707,1-HP:0000707,1-HP:0000707,1-HP:0001249,1-HP:0001249,1-HP:0001249,1-HP:0001249,1-HP:0001249,1-HP:0001250,1-HP:0001250,1-HP:0001250,1-HP:0001250,1-HP:0001250,1-HP:0001256,1-HP:0002011,1-HP:0002011,1-HP:0002011,1-HP:0002011,1-HP:0002011,1-HP:0002187,1-HP:0002187,1-HP:0002342,1-HP:0006889,1-HP:0010864,1-HP:0010864,1-HP:0010864,1-HP:0011420,1-HP:0011420,2-HP:0001256,2-HP:0001256,2-HP:0001256,2-HP:0010864,2-HP:0010864,2-HP:0010864,4-HP:0000252,4-HP:0000252"
606,918,HGNC:10872,ST3GAL5,OMIM:609056,Salt and pepper developmental regression syndrome,HP:0000007,Autosomal recessive inheritance,Autosomal recessive,1,Yes,2/1/2013 0:00:00,Definitive,1,"1-HP:0000252,1-HP:0000252,1-HP:0000365,1-HP:0000365,1-HP:0000478,1-HP:0000478,1-HP:0000707,1-HP:0000707,1-HP:0000707,1-HP:0001249,1-HP:0001249,1-HP:0001249,1-HP:0001250,1-HP:0001250,1-HP:0001250,1-HP:0001574,1-HP:0001939,1-HP:0001939,1-HP:0002011,1-HP:0002011,1-HP:0002187,1-HP:0002187,1-HP:0002342,1-HP:0002376,1-HP:0002376,1-HP:0003676,1-HP:0004322,1-HP:0010864,1-HP:0010864,1-HP:0010864,1-HP:0011024,3-HP:0002376,4-HP:0001574"
607,920,HGNC:16950,STAMBP,OMIM:614261,Microcephaly-capillary malformation syndrome,HP:0000007,Autosomal recessive inheritance,Autosomal recessive,1,Yes,2/1/2013 0:00:00,Definitive,1,"1-HP:0000252,1-HP:0000252,1-HP:0000252,1-HP:0000478,1-HP:0000707,1-HP:0000707,1-HP:0000707,1-HP:0000708,1-HP:0001249,1-HP:0001249,1-HP:0001249,1-HP:0001250,1-HP:0001250,1-HP:0001250,1-HP:0001574,1-HP:0001574,1-HP:0001574,1-HP:0002011,1-HP:0002011,1-HP:0002011,1-HP:0002187,1-HP:0002187,1-HP:0002342,1-HP:0002342,1-HP:0004322,1-HP:0004322,1-HP:0004322,1-HP:0010864,1-HP:0010864,1-HP:0010864,1-HP:0011024,1-HP:0011024,1-HP:0011420,1-HP:0040064"
608,922,HGNC:29040,SZT2,OMIM:615476,Developmental and epileptic encephalopathy 18,HP:0000007,Autosomal recessive inheritance,Autosomal recessive,1,Yes,2/1/2013 0:00:00,Definitive,1,"1-HP:0000252,1-HP:0000256,1-HP:0000256,1-HP:0000707,1-HP:0000707,1-HP:0001249,1-HP:0001249,1-HP:0001250,1-HP:0001250,1-HP:0001256,1-HP:0001999,1-HP:0001999,1-HP:0002011,1-HP:0002011,1-HP:0002342,1-HP:0002342,1-HP:0010864,1-HP:0010864,1-HP:0011420"
609,923,HGNC:11536,TAF2,OMIM:615599,"Intellectual developmental disorder, autosomal recessive 40",HP:0000007,Autosomal recessive inheritance,Autosomal recessive,1,Yes,2/1/2013 0:00:00,Definitive,1,"1-HP:0000252,1-HP:0000252,1-HP:0000478,1-HP:0000707,1-HP:0000707,1-HP:0001249,1-HP:0001249,1-HP:0002011,1-HP:0002011,1-HP:0002342,1-HP:0002342,1-HP:0010864,1-HP:0010864,1-HP:0011024,1-HP:0040064"
610,924,HGNC:16133,TBC1D20,OMIM:615663,Warburg micro syndrome 4,HP:0000007,Autosomal recessive inheritance,Autosomal recessive,1,Yes,2/1/2013 0:00:00,Definitive,1,"1-HP:0000119,1-HP:0000252,1-HP:0000252,1-HP:0000478,1-HP:0000478,1-HP:0000707,1-HP:0001249,1-HP:0001249,1-HP:0001999,1-HP:0001999,1-HP:0002011,1-HP:0002011,1-HP:0002187,1-HP:0004322,1-HP:0004322,1-HP:0010864,1-HP:0010864"
611,925,HGNC:21066,TBC1D7,OMIM:248000,"Macrocephaly/megalencephaly syndrome, autosomal recessive",HP:0000007,Autosomal recessive inheritance,Autosomal recessive,1,Yes,2/1/2013 0:00:00,Definitive,1,"1-HP:0000256,1-HP:0000256,1-HP:0001249,1-HP:0001249,1-HP:0001256,1-HP:0001256,1-HP:0001999,1-HP:0002342"
612,926,HGNC:11590,TBR1,OMIM:606053,Intellectual developmental disorder with autism and speech delay,HP:0000006,Autosomal dominant inheritance,Autosomal dominant,1,Yes,2/1/2013 0:00:00,Definitive,1,"1-HP:0000707,1-HP:0000708,1-HP:0000708,1-HP:0000924,1-HP:0001249,1-HP:0001249,1-HP:0001256,1-HP:0001256,1-HP:0001999,1-HP:0002011,1-HP:0002011,1-HP:0002342,1-HP:0002342,1-HP:0004322,1-HP:0010864,1-HP:0011024"
613,927,HGNC:11623,TCF12,OMIM:615314,Craniosynostosis 3,HP:0000006,Autosomal dominant inheritance,Autosomal dominant,1,Yes,2/1/2013 0:00:00,Definitive,1,"1-HP:0000924,1-HP:0000924,1-HP:0001249,1-HP:0001249,1-HP:0001256,1-HP:0001999,1-HP:0001999,1-HP:0002011,1-HP:0040064"
614,928,HGNC:11782,TH,OMIM:605407,"Segawa syndrome, recessive",HP:0000007,Autosomal recessive inheritance,Autosomal recessive,1,Yes,2/1/2013 0:00:00,Definitive,1,"1-HP:0000707,1-HP:0000707,1-HP:0001249,1-HP:0001249,1-HP:0003676,1-HP:0003676"
615,929,HGNC:26230,TM4SF20,OMIM:615432,{Specific language impairment 5},HP:0000006,Autosomal dominant inheritance,Autosomal dominant,1,Yes,2/1/2013 0:00:00,Definitive,1,"1-HP:0001249,1-HP:0001249,1-HP:0001250,1-HP:0002011,1-HP:0002011,1-HP:0002342,1-HP:0010864"
616,931,HGNC:25751,TRAPPC11,OMIM:615356,"Muscular dystrophy, limb-girdle, autosomal recessive 18",HP:0000007,Autosomal recessive inheritance,Autosomal recessive,1,Yes,2/1/2013 0:00:00,Definitive,1,"1-HP:0000252,1-HP:0000478,1-HP:0000478,1-HP:0000478,1-HP:0000924,1-HP:0001249,1-HP:0001249,1-HP:0001249,1-HP:0001250,1-HP:0001250,1-HP:0001256,1-HP:0001939,1-HP:0002011,1-HP:0002011,1-HP:0002342,1-HP:0003011,1-HP:0003011,1-HP:0003011,1-HP:0004322,2-HP:0002376,4-HP:0001256,4-HP:0001256,4-HP:0001256"
617,932,HGNC:25980,TRMT1,OMIM:618302,"Intellectual developmental disorder, autosomal recessive 68",HP:0000007,Autosomal recessive inheritance,Autosomal recessive,1,Yes,2/1/2013 0:00:00,Definitive,1,"1-HP:0000252,1-HP:0000252,1-HP:0000252,1-HP:0000707,1-HP:0000708,1-HP:0001249,1-HP:0001249,1-HP:0001249,1-HP:0001250,1-HP:0001250,1-HP:0001256,1-HP:0001256,1-HP:0001256,1-HP:0001999,1-HP:0001999,1-HP:0002011,1-HP:0002011,1-HP:0002342,1-HP:0002342,1-HP:0002342,1-HP:0006889,1-HP:0010864,2-HP:0001250,2-HP:0001250,2-HP:0002011,2-HP:0002011,2-HP:0002011"
618,933,HGNC:26262,TTI2,OMIM:615541,"Intellectual developmental disorder, autosomal recessive 39",HP:0000007,Autosomal recessive inheritance,Autosomal recessive,1,Yes,2/1/2013 0:00:00,Definitive,1,"1-HP:0000252,1-HP:0000252,1-HP:0000708,1-HP:0000708,1-HP:0000924,1-HP:0000924,1-HP:0001249,1-HP:0001249,1-HP:0001999,1-HP:0001999,1-HP:0002011,1-HP:0002342,1-HP:0004322,1-HP:0004322,1-HP:0010864,1-HP:0010864"
619,934,HGNC:20774,TUBB4A,OMIM:612438,"Leukodystrophy, hypomyelinating, 6",HP:0000006,Autosomal dominant inheritance,Autosomal dominant,1,Yes,2/1/2013 0:00:00,Definitive,1,"1-HP:0000707,1-HP:0000707,1-HP:0001249,1-HP:0001249,1-HP:0001256,1-HP:0002011,1-HP:0002011,1-HP:0002376,1-HP:0002376,1-HP:0003676,1-HP:0003676,3-HP:0001256,3-HP:0001256"
620,936,HGNC:12417,TUBG1,OMIM:615412,"Cortical dysplasia, complex, with other brain malformations 4",HP:0000006,Autosomal dominant inheritance,Autosomal dominant,1,Yes,2/1/2013 0:00:00,Definitive,1,"1-HP:0000252,1-HP:0000707,1-HP:0000707,1-HP:0001249,1-HP:0001249,1-HP:0001250,1-HP:0001250,1-HP:0002011,1-HP:0002011,1-HP:0002342,1-HP:0002342,1-HP:0004322,1-HP:0010864"
621,937,HGNC:20344,UBR7,OMIM:619189,Li-Campeau syndrome,HP:0000007,Autosomal recessive inheritance,Autosomal recessive,1,Yes,2/1/2013 0:00:00,Definitive,1,"1-HP:0000119,1-HP:0000119,1-HP:0000119,1-HP:0000252,1-HP:0000707,1-HP:0000707,1-HP:0000818,1-HP:0000818,1-HP:0000818,1-HP:0001249,1-HP:0001249,1-HP:0001249,1-HP:0001250,1-HP:0001250,1-HP:0001250,1-HP:0001256,1-HP:0001627,1-HP:0001627,1-HP:0001627,1-HP:0001999,1-HP:0001999,1-HP:0001999,1-HP:0002011,1-HP:0002011,1-HP:0002342,1-HP:0002342,1-HP:0004322,1-HP:0004322,1-HP:0004322,1-HP:0010864,2-HP:0000252,2-HP:0000252,2-HP:0000252"
622,938,HGNC:12718,VRK1,OMIM:607596,Pontocerebellar hypoplasia type 1A,HP:0000007,Autosomal recessive inheritance,Autosomal recessive,1,Yes,2/1/2013 0:00:00,Definitive,1,"1-HP:0000252,1-HP:0000707,1-HP:0000707,1-HP:0001249,1-HP:0001249,1-HP:0001256,1-HP:0002011,1-HP:0002011,1-HP:0003676,1-HP:0003676,1-HP:0011420,3-HP:0001256,3-HP:0001256"
623,939,HGNC:28912,WDR45,OMIM:300894,Neurodegeneration with brain iron accumulation 5,HP:0001423,X-linked dominant inheritance,X-linked,1,Yes,2/1/2013 0:00:00,Definitive,1,"1-HP:0000707,1-HP:0000707,1-HP:0000707,1-HP:0000708,1-HP:0000708,1-HP:0001249,1-HP:0001249,1-HP:0001249,1-HP:0001250,1-HP:0001250,1-HP:0002011,1-HP:0002011,1-HP:0002011,1-HP:0002342,1-HP:0002342,1-HP:0002376,1-HP:0003676,1-HP:0003676,1-HP:0003676,1-HP:0010864,1-HP:0010864,1-HP:0011420"
624,940,HGNC:25072,WDR45B,OMIM:617977,Neurodevelopmental disorder with spastic quadriplegia and brain abnormalities with or without seizures,HP:0000007,Autosomal recessive inheritance,Autosomal recessive,1,Yes,2/1/2013 0:00:00,Definitive,1,"1-HP:0000252,1-HP:0000252,1-HP:0000252,1-HP:0000252,1-HP:0000707,1-HP:0000707,1-HP:0000707,1-HP:0000707,1-HP:0000924,1-HP:0000924,1-HP:0001249,1-HP:0001249,1-HP:0001249,1-HP:0001249,1-HP:0001250,1-HP:0001250,1-HP:0001250,1-HP:0001250,1-HP:0001999,1-HP:0001999,1-HP:0001999,1-HP:0002011,1-HP:0002011,1-HP:0002011,1-HP:0002011,1-HP:0002187,1-HP:0002342,1-HP:0002342,1-HP:0002342,1-HP:0004322,1-HP:0004322,1-HP:0004322,1-HP:0010864,4-HP:0000924,4-HP:0000924"
625,941,HGNC:12774,WNT1,OMIM:615220,"Osteogenesis imperfecta, type XV",HP:0000007,Autosomal recessive inheritance,Autosomal recessive,1,Yes,2/1/2013 0:00:00,Definitive,1,"1-HP:0000708,1-HP:0000924,1-HP:0000924,1-HP:0001249,1-HP:0001249,1-HP:0001250,1-HP:0001256,1-HP:0001256,1-HP:0002011,1-HP:0002011,1-HP:0002187,1-HP:0002342,1-HP:0002342,1-HP:0004322,1-HP:0004322,1-HP:0010864,1-HP:0011420"
626,943,HGNC:24931,ZC4H2,OMIM:314580,Wieacker-Wolff syndrome,HP:0001417,X-linked other inheritance,X-linked,1,Yes,2/1/2013 0:00:00,Definitive,1,"1-HP:0000478,1-HP:0000707,1-HP:0000707,1-HP:0000924,1-HP:0000924,1-HP:0000924,1-HP:0001249,1-HP:0001249,1-HP:0001249,1-HP:0001250,1-HP:0001250,1-HP:0001256,1-HP:0001256,1-HP:0001256,1-HP:0001999,1-HP:0001999,1-HP:0001999,1-HP:0002011,1-HP:0002187,1-HP:0002187,1-HP:0002342,1-HP:0002342,1-HP:0003011,1-HP:0003011,1-HP:0003011,1-HP:0004322,1-HP:0010864,1-HP:0010864,1-HP:0011024,1-HP:0011420,1-HP:0011420,1-HP:0011420,1-HP:0040064,2-HP:0002011,2-HP:0002011,2-HP:0004322,3-HP:0000252"
627,946,HGNC:17366,AASS,OMIM:238700,Hyperlysinemia,HP:0000007,Autosomal recessive inheritance,Autosomal recessive,1,Yes,3/4/2014 0:00:00,Definitive,1,"1-HP:0000707,1-HP:0001249,1-HP:0001249,1-HP:0001250,1-HP:0001256,1-HP:0001939,1-HP:0001999,1-HP:0002342,1-HP:0010864"
628,947,HGNC:18222,RBFOX1,MONDO:0001071,intellectual disability,HP:0000006,Autosomal dominant inheritance,Autosomal dominant,1,Yes,3/4/2014 0:00:00,Definitive,1,"1-HP:0000478,1-HP:0000707,1-HP:0000708,1-HP:0000708,1-HP:0001249,1-HP:0001249,1-HP:0001249,1-HP:0001249,1-HP:0001250,1-HP:0001250,1-HP:0001256,1-HP:0001999,1-HP:0001999,1-HP:0006889"
629,948,HGNC:23,ABAT,OMIM:613163,GABA-transaminase deficiency,HP:0000007,Autosomal recessive inheritance,Autosomal recessive,1,Yes,3/4/2014 0:00:00,Definitive,1,"1-HP:0000707,1-HP:0001249,1-HP:0001249,1-HP:0001250,1-HP:0002011,1-HP:0002187,1-HP:0011420"
630,949,HGNC:59,ABCC8,OMIM:618857_1,"Diabetes mellitus, permanent neonatal 3, with or without neurologic features",HP:0000006,Autosomal dominant inheritance,Autosomal dominant,1,Yes,3/4/2014 0:00:00,Definitive,1,"1-HP:0000707,1-HP:0001249,1-HP:0001249,1-HP:0001249,1-HP:0001250,1-HP:0001939"
631,952,HGNC:23161,ALG8,OMIM:608104,"Congenital disorder of glycosylation, type Ih",HP:0000007,Autosomal recessive inheritance,Autosomal recessive,1,Yes,3/4/2014 0:00:00,Definitive,1,"1-HP:0000478,1-HP:0000707,1-HP:0000708,1-HP:0001249,1-HP:0001249,1-HP:0001574,1-HP:0001999,1-HP:0010864,1-HP:0011024,1-HP:0011420"
632,953,HGNC:663,ARG1,OMIM:207800,Argininemia,HP:0000007,Autosomal recessive inheritance,Autosomal recessive,1,Yes,3/4/2014 0:00:00,Definitive,1,"1-HP:0000252,1-HP:0000707,1-HP:0000707,1-HP:0000708,1-HP:0001249,1-HP:0001249,1-HP:0001249,1-HP:0001250,1-HP:0001250,1-HP:0001939,1-HP:0001939,1-HP:0002011,1-HP:0002376,1-HP:0002376,1-HP:0010864,1-HP:0011024,2-HP:0002011"
633,954,HGNC:713,ARSA,OMIM:250100,Metachromatic leukodystrophy,HP:0000007,Autosomal recessive inheritance,Autosomal recessive,1,Yes,3/4/2014 0:00:00,Definitive,1,"1-HP:0000365,1-HP:0000478,1-HP:0000707,1-HP:0001249,1-HP:0001249,1-HP:0001250,1-HP:0001939,1-HP:0002011,1-HP:0002376,1-HP:0011420"
634,956,HGNC:758,ASS1,OMIM:215700,Citrullinemia,HP:0000007,Autosomal recessive inheritance,Autosomal recessive,1,Yes,3/4/2014 0:00:00,Definitive,1,"1-HP:0000707,1-HP:0000708,1-HP:0001249,1-HP:0001249,1-HP:0001250,1-HP:0001939,1-HP:0002011,1-HP:0003676,1-HP:0011420"
635,957,HGNC:794,ATIC,OMIM:608688,AICA-ribosiduria due to ATIC deficiency,HP:0000007,Autosomal recessive inheritance,Autosomal recessive,1,Yes,3/4/2014 0:00:00,Definitive,1,"1-HP:0000077,1-HP:0000119,1-HP:0000478,1-HP:0000924,1-HP:0001249,1-HP:0001249,1-HP:0001249,1-HP:0001250,1-HP:0001256,1-HP:0001999,1-HP:0001999,1-HP:0001999,1-HP:0002187,1-HP:0002342,1-HP:0004322,1-HP:0010864,3-HP:0000707,3-HP:0000924,3-HP:0001250"
636,961,HGNC:1122,BTD,OMIM:253260,Biotinidase deficiency,HP:0000007,Autosomal recessive inheritance,Autosomal recessive,1,Yes,3/4/2014 0:00:00,Definitive,1,"1-HP:0000365,1-HP:0000365,1-HP:0000478,1-HP:0000707,1-HP:0001249,1-HP:0001249,1-HP:0001250,1-HP:0001574,1-HP:0001939,1-HP:0002011,1-HP:0011420"
637,962,HGNC:9325,PPT1,OMIM:256730,"Ceroid lipofuscinosis, neuronal, 1",HP:0000007,Autosomal recessive inheritance,Autosomal recessive,1,Yes,3/4/2014 0:00:00,Definitive,1,"1-HP:0000478,1-HP:0000707,1-HP:0001249,1-HP:0001249,1-HP:0001250,1-HP:0001939,1-HP:0002011,1-HP:0002376,1-HP:0003676,1-HP:0011420"
638,963,HGNC:2073,TPP1,OMIM:204500,"Ceroid lipofuscinosis, neuronal, 2",HP:0000007,Autosomal recessive inheritance,Autosomal recessive,1,Yes,3/4/2014 0:00:00,Definitive,1,"1-HP:0000478,1-HP:0000707,1-HP:0001249,1-HP:0001249,1-HP:0001250,1-HP:0001939,1-HP:0002011,1-HP:0002376,1-HP:0003676,1-HP:0011420"
639,964,HGNC:2074,CLN3,OMIM:204200,"Ceroid lipofuscinosis, neuronal, 3",HP:0000007,Autosomal recessive inheritance,Autosomal recessive,1,Yes,3/4/2014 0:00:00,Definitive,1,"1-HP:0000478,1-HP:0000707,1-HP:0001249,1-HP:0001249,1-HP:0001250,1-HP:0001939,1-HP:0002011,1-HP:0002376,1-HP:0003676,1-HP:0011420"
640,965,HGNC:2076,CLN5,OMIM:256731,"Ceroid lipofuscinosis, neuronal, 5",HP:0000007,Autosomal recessive inheritance,Autosomal recessive,1,Yes,3/4/2014 0:00:00,Definitive,1,"1-HP:0000478,1-HP:0000707,1-HP:0001249,1-HP:0001249,1-HP:0001939,1-HP:0002011"
641,966,HGNC:2077,CLN6,OMIM:601780,"Ceroid lipofuscinosis, neuronal, 6A",HP:0000007,Autosomal recessive inheritance,Autosomal recessive,1,Yes,3/4/2014 0:00:00,Definitive,1,"1-HP:0000478,1-HP:0000707,1-HP:0001249,1-HP:0001249,1-HP:0001250,1-HP:0001939,1-HP:0002011,1-HP:0002376,1-HP:0003676,1-HP:0011420"
642,967,HGNC:2079,CLN8,OMIM:600143,"Ceroid lipofuscinosis, neuronal, 8",HP:0000007,Autosomal recessive inheritance,Autosomal recessive,1,Yes,3/4/2014 0:00:00,Definitive,1,"1-HP:0000478,1-HP:0000478,1-HP:0000707,1-HP:0000707,1-HP:0001249,1-HP:0001249,1-HP:0001249,1-HP:0001250,1-HP:0001250,1-HP:0001939,1-HP:0001939,1-HP:0002011,1-HP:0002011,1-HP:0002376,1-HP:0002376,1-HP:0003676,1-HP:0003676,1-HP:0011420,1-HP:0011420"
643,969,HGNC:2323,CPS1,OMIM:237300,Carbamoylphosphate synthetase I deficiency,HP:0000007,Autosomal recessive inheritance,Autosomal recessive,1,Yes,3/4/2014 0:00:00,Definitive,1,"1-HP:0000708,1-HP:0001249,1-HP:0001249,1-HP:0001250,1-HP:0001939,1-HP:0003676,1-HP:0011420"
644,970,HGNC:9251,CTSA,OMIM:256540,Galactosialidosis,HP:0000007,Autosomal recessive inheritance,Autosomal recessive,1,Yes,3/4/2014 0:00:00,Definitive,1,"1-HP:0000478,1-HP:0000707,1-HP:0000924,1-HP:0001249,1-HP:0001250,1-HP:0001574,1-HP:0001939,1-HP:0001999,1-HP:0003676,1-HP:0011420,3-HP:0001249"
645,971,HGNC:2605,CYP27A1,OMIM:213700,Cerebrotendinous xanthomatosis,HP:0000007,Autosomal recessive inheritance,Autosomal recessive,1,Yes,3/4/2014 0:00:00,Definitive,1,"1-HP:0000478,1-HP:0000707,1-HP:0000707,1-HP:0001249,1-HP:0001249,1-HP:0001250,1-HP:0003676,1-HP:0003676,1-HP:0011024,2-HP:0000478,2-HP:0000478,2-HP:0001250,2-HP:0001250"
646,973,HGNC:21197,FA2H,OMIM:612319,"Spastic paraplegia 35, autosomal recessive",HP:0000007,Autosomal recessive inheritance,Autosomal recessive,1,Yes,3/4/2014 0:00:00,Definitive,1,"1-HP:0000478,1-HP:0000707,1-HP:0001249,1-HP:0001249,1-HP:0001250,1-HP:0002011,1-HP:0003676,3-HP:0011420"
647,975,HGNC:13875,FOXP2,OMIM:602081,Speech-language disorder-1,HP:0000006,Autosomal dominant inheritance,Autosomal dominant,1,Yes,3/4/2014 0:00:00,Definitive,1,"1-HP:0001249,1-HP:0001249,1-HP:0001256,1-HP:0001256,1-HP:0001999,1-HP:0002342,1-HP:0002342,1-HP:0006889,2-HP:0000708,3-HP:0000708"
648,977,HGNC:4189,GCDH,OMIM:231670,"Glutaricaciduria, type I",HP:0000007,Autosomal recessive inheritance,Autosomal recessive,1,Yes,3/4/2014 0:00:00,Definitive,1,"1-HP:0000256,1-HP:0000707,1-HP:0001249,1-HP:0001249,1-HP:0001249,1-HP:0001256,1-HP:0001939,1-HP:0002011,1-HP:0002011,1-HP:0002187,1-HP:0002342,1-HP:0003676,1-HP:0006889,1-HP:0010864,3-HP:0001250"
649,978,HGNC:24862,MOGS,OMIM:606056,"Congenital disorder of glycosylation, type IIb",HP:0000007,Autosomal recessive inheritance,Autosomal recessive,1,Yes,3/4/2014 0:00:00,Definitive,1,"1-HP:0000252,1-HP:0000365,1-HP:0000365,1-HP:0000707,1-HP:0000707,1-HP:0001249,1-HP:0001249,1-HP:0001250,1-HP:0001250,1-HP:0001627,1-HP:0001939,1-HP:0001939,1-HP:0001999,1-HP:0001999,1-HP:0002011,1-HP:0002011,1-HP:0002270,1-HP:0002270,1-HP:0002376,1-HP:0002376,1-HP:0002715,1-HP:0002715,1-HP:0011024,1-HP:0011024,1-HP:0011420,1-HP:0011420"
650,979,HGNC:4298,GLB1,OMIM:230500,"GM1-gangliosidosis, type I",HP:0000007,Autosomal recessive inheritance,Autosomal recessive,1,Yes,3/4/2014 0:00:00,Definitive,1,"1-HP:0000478,1-HP:0000478,1-HP:0000707,1-HP:0000924,1-HP:0000924,1-HP:0001249,1-HP:0001249,1-HP:0001627,1-HP:0001939,1-HP:0001999,1-HP:0001999,1-HP:0003676,1-HP:0003676,1-HP:0004322,1-HP:0004322,1-HP:0011420,1-HP:0011420,3-HP:0001250"
651,980,HGNC:4298,GLB1,OMIM:230600,"GM1-gangliosidosis, type II",HP:0000007,Autosomal recessive inheritance,Autosomal recessive,1,Yes,3/4/2014 0:00:00,Definitive,1,"1-HP:0000924,1-HP:0000924,1-HP:0001249,1-HP:0001249,1-HP:0001250,1-HP:0001939,1-HP:0003676,1-HP:0003676,1-HP:0011420,1-HP:0011420,3-HP:0000478,3-HP:0001250,3-HP:0001627"
652,983,HGNC:4367,GM2A,OMIM:272750,"GM2-gangliosidosis, AB variant",HP:0000007,Autosomal recessive inheritance,Autosomal recessive,1,Yes,3/4/2014 0:00:00,Definitive,1,"1-HP:0000478,1-HP:0000707,1-HP:0001249,1-HP:0001249,1-HP:0001250,1-HP:0001939,1-HP:0002376,1-HP:0003676,1-HP:0011420"
653,986,HGNC:4879,HEXB,OMIM:268800,"Sandhoff disease, infantile, juvenile, and adult forms",HP:0000007,Autosomal recessive inheritance,Autosomal recessive,1,Yes,3/4/2014 0:00:00,Definitive,1,"1-HP:0000256,1-HP:0000478,1-HP:0000707,1-HP:0001249,1-HP:0001249,1-HP:0001250,1-HP:0001939,1-HP:0002011,1-HP:0002376,1-HP:0003676,1-HP:0011420"
654,987,HGNC:5005,HMGCL,OMIM:246450,HMG-CoA lyase deficiency,HP:0000007,Autosomal recessive inheritance,Autosomal recessive,1,Yes,3/4/2014 0:00:00,Definitive,1,"1-HP:0000707,1-HP:0001249,1-HP:0001249,1-HP:0001250,1-HP:0001256,1-HP:0001939,1-HP:0002342,1-HP:0010864,1-HP:0011420"
655,994,HGNC:8512,OTC,OMIM:311250,Ornithine transcarbamylase deficiency,HP:0001417,X-linked other inheritance,X-linked,1,Yes,3/4/2014 0:00:00,Definitive,1,"1-HP:0001249,1-HP:0001249,1-HP:0001939,1-HP:0011420"
656,996,HGNC:8653,PCCA,OMIM:606054_1,Propionicacidemia,HP:0000007,Autosomal recessive inheritance,Autosomal recessive,1,Yes,3/4/2014 0:00:00,Definitive,1,"1-HP:0000707,1-HP:0001249,1-HP:0001249,1-HP:0001250,1-HP:0001939,1-HP:0002011,1-HP:0002376,1-HP:0011420"
657,997,HGNC:8654,PCCB,OMIM:606054_2,Propionicacidemia,HP:0000007,Autosomal recessive inheritance,Autosomal recessive,1,Yes,3/4/2014 0:00:00,Definitive,1,"1-HP:0000707,1-HP:0001249,1-HP:0001249,1-HP:0001250,1-HP:0001939,1-HP:0002011,1-HP:0002376,1-HP:0011420"
658,1000,HGNC:9498,PSAP,OMIM:249900,Metachromatic leukodystrophy due to SAP-b deficiency,HP:0000007,Autosomal recessive inheritance,Autosomal recessive,1,Yes,3/4/2014 0:00:00,Definitive,1,"1-HP:0000707,1-HP:0000708,1-HP:0001249,1-HP:0001249,1-HP:0002376,1-HP:0003676,1-HP:0011420"
659,1004,HGNC:9689,PTS,OMIM:261640,"Hyperphenylalaninemia, BH4-deficient, A",HP:0000007,Autosomal recessive inheritance,Autosomal recessive,1,Yes,3/4/2014 0:00:00,Definitive,1,"1-HP:0000707,1-HP:0001249,1-HP:0001249,1-HP:0001250,1-HP:0001939,1-HP:0003676"
660,1005,HGNC:9752,QDPR,OMIM:261630,"Hyperphenylalaninemia, BH4-deficient, C",HP:0000007,Autosomal recessive inheritance,Autosomal recessive,1,Yes,3/4/2014 0:00:00,Definitive,1,"1-HP:0000707,1-HP:0001249,1-HP:0001249,1-HP:0001250,1-HP:0001939,1-HP:0003676,1-HP:0011420"
661,1009,HGNC:16266,SLC19A3,OMIM:607483,Thiamine metabolism dysfunction syndrome 2 (biotin/thiamine-responsive basal ganglia disease type),HP:0000007,Autosomal recessive inheritance,Autosomal recessive,1,Yes,3/4/2014 0:00:00,Definitive,1,"1-HP:0000478,1-HP:0000707,1-HP:0001249,1-HP:0001249,1-HP:0001250,1-HP:0001256,1-HP:0001939,1-HP:0001999,1-HP:0002011,1-HP:0011420"
662,1012,HGNC:11653,TCN2,OMIM:275350,Transcobalamin II deficiency,HP:0000007,Autosomal recessive inheritance,Autosomal recessive,1,Yes,3/4/2014 0:00:00,Definitive,1,"1-HP:0000707,1-HP:0001249,1-HP:0001249,1-HP:0001939,1-HP:0003676,1-HP:0011024,1-HP:0011420"
663,1014,HGNC:12015,TPO,OMIM:274500,Thyroid dyshormonogenesis 2A,HP:0000007,Autosomal recessive inheritance,Autosomal recessive,1,Yes,3/4/2014 0:00:00,Definitive,1,"1-HP:0000365,1-HP:0000707,1-HP:0000707,1-HP:0000818,1-HP:0000818,1-HP:0001249,1-HP:0001249,1-HP:0004322,3-HP:0001249,3-HP:0001256,3-HP:0002342,3-HP:0010864"
664,1015,HGNC:12372,TSHB,OMIM:275100,"Hypothyroidism, congenital, nongoitrous 4",HP:0000007,Autosomal recessive inheritance,Autosomal recessive,1,Yes,3/4/2014 0:00:00,Definitive,1,"1-HP:0000818,1-HP:0000924,1-HP:0001249,1-HP:0001249,1-HP:0001574,1-HP:0002011"
665,1023,HGNC:7685,NDUFA2,OMIM:618244,"Mitochondrial complex I deficiency, nuclear type 23",HP:0000007,Autosomal recessive inheritance,Autosomal recessive,1,Yes,3/4/2014 0:00:00,Definitive,1,"1-HP:0000252,1-HP:0000478,1-HP:0000707,1-HP:0000707,1-HP:0000924,1-HP:0001249,1-HP:0001249,1-HP:0001250,1-HP:0001256,1-HP:0002011,1-HP:0002011,1-HP:0002376,1-HP:0003011,1-HP:0003676,1-HP:0012103,1-HP:0012103,3-HP:0002342,3-HP:0002342"
666,1024,HGNC:29918,NDUFAF3,OMIM:618240,"Mitochondrial complex I deficiency, nuclear type 18",HP:0000007,Autosomal recessive inheritance,Autosomal recessive,1,Yes,3/4/2014 0:00:00,Definitive,1,"1-HP:0000478,1-HP:0000707,1-HP:0000707,1-HP:0001249,1-HP:0001249,1-HP:0001250,1-HP:0001939,1-HP:0001939,1-HP:0002011,1-HP:0002011,1-HP:0002376,1-HP:0011420,1-HP:0011420,1-HP:0012103,1-HP:0012103"
667,1047,HGNC:28486,MFSD8,OMIM:610951,"Ceroid lipofuscinosis, neuronal, 7",HP:0000007,Autosomal recessive inheritance,Autosomal recessive,1,Yes,3/4/2014 0:00:00,Definitive,1,"1-HP:0000478,1-HP:0000707,1-HP:0001249,1-HP:0001249,1-HP:0001250,1-HP:0001939,1-HP:0002376,1-HP:0003676,1-HP:0011420"
668,1048,HGNC:17082,MLC1,OMIM:604004,Megalencephalic leukoencephalopathy with subcortical cysts 1,HP:0000007,Autosomal recessive inheritance,Autosomal recessive,1,Yes,3/4/2014 0:00:00,Definitive,1,"1-HP:0000256,1-HP:0000256,1-HP:0000256,1-HP:0000707,1-HP:0000707,1-HP:0000707,1-HP:0001249,1-HP:0001249,1-HP:0001249,1-HP:0001250,1-HP:0001250,1-HP:0001250,1-HP:0002011,1-HP:0002011,1-HP:0002011,1-HP:0003676,1-HP:0003676,1-HP:0003676,3-HP:0001256,3-HP:0001256,3-HP:0001256"
669,1049,HGNC:8856,PEX14,OMIM:614887,Peroxisome biogenesis disorder 13A (Zellweger),HP:0000007,Autosomal recessive inheritance,Autosomal recessive,1,Yes,3/4/2014 0:00:00,Definitive,1,"1-HP:0000478,1-HP:0000478,1-HP:0000478,1-HP:0000707,1-HP:0000707,1-HP:0000707,1-HP:0001249,1-HP:0001249,1-HP:0001249,1-HP:0001249,1-HP:0001999,1-HP:0001999,1-HP:0001999,1-HP:0011024,1-HP:0011024,1-HP:0011024,1-HP:0011420,1-HP:0011420,2-HP:0002011,2-HP:0002011,2-HP:0002011,3-HP:0001250,3-HP:0001250,3-HP:0001250"
670,1050,HGNC:9039,PLA2G6,OMIM:256600,Infantile neuroaxonal dystrophy 1,HP:0000007,Autosomal recessive inheritance,Autosomal recessive,1,Yes,3/4/2014 0:00:00,Definitive,1,"1-HP:0000478,1-HP:0000707,1-HP:0000707,1-HP:0001249,1-HP:0001249,1-HP:0001250,1-HP:0001250,1-HP:0002011,1-HP:0002011,1-HP:0002376,1-HP:0002376,1-HP:0003676,1-HP:0003676,1-HP:0011420"
671,1051,HGNC:9039,PLA2G6,OMIM:610217,Neurodegeneration with brain iron accumulation 2B,HP:0000007,Autosomal recessive inheritance,Autosomal recessive,1,Yes,3/4/2014 0:00:00,Definitive,1,"1-HP:0000478,1-HP:0000707,1-HP:0000707,1-HP:0001249,1-HP:0001249,1-HP:0001250,1-HP:0002011,1-HP:0002376,1-HP:0002376,1-HP:0003676,1-HP:0003676,1-HP:0011420,1-HP:0011420"
672,1053,HGNC:9179,POLG,OMIM:203700,Mitochondrial DNA depletion syndrome 4A (Alpers type),HP:0000007,Autosomal recessive inheritance,Autosomal recessive,1,Yes,3/4/2014 0:00:00,Definitive,1,"1-HP:0000707,1-HP:0000707,1-HP:0001249,1-HP:0001249,1-HP:0001250,1-HP:0001250,1-HP:0001939,1-HP:0001939,1-HP:0003676,1-HP:0003676,1-HP:0011420,1-HP:0011420,1-HP:0012103,1-HP:0012103"
673,1054,HGNC:9179,POLG,OMIM:613662,Mitochondrial DNA depletion syndrome 4B (MNGIE type),HP:0000007,Autosomal recessive inheritance,Autosomal recessive,1,Yes,3/4/2014 0:00:00,Definitive,1,"1-HP:0000707,1-HP:0000707,1-HP:0001249,1-HP:0001249,1-HP:0001939,1-HP:0001939,1-HP:0002376,1-HP:0002376,1-HP:0003011,1-HP:0003011,1-HP:0003676,1-HP:0011024,1-HP:0011420,1-HP:0012103,1-HP:0012103"
674,1059,HGNC:14409,SLC25A19,OMIM:607196,"Microcephaly, Amish type",HP:0000007,Autosomal recessive inheritance,Autosomal recessive,1,Yes,3/4/2014 0:00:00,Definitive,1,"1-HP:0000252,1-HP:0001249,1-HP:0001249,1-HP:0001250,1-HP:0001939,1-HP:0001999,1-HP:0001999,1-HP:0002011,1-HP:0011420"
675,1060,HGNC:14409,SLC25A19,OMIM:613710,Thiamine metabolism dysfunction syndrome 4 (progressive polyneuropathy type),HP:0000007,Autosomal recessive inheritance,Autosomal recessive,1,Yes,3/4/2014 0:00:00,Definitive,1,"1-HP:0000707,1-HP:0001249,1-HP:0001249,1-HP:0001250,1-HP:0002011,1-HP:0002376"
676,1061,HGNC:11449,SUCLG1,OMIM:245400,Mitochondrial DNA depletion syndrome 9 (encephalomyopathic type with methylmalonic aciduria),HP:0000007,Autosomal recessive inheritance,Autosomal recessive,1,Yes,3/4/2014 0:00:00,Definitive,1,"1-HP:0000707,1-HP:0001249,1-HP:0001249,1-HP:0001939,1-HP:0002011,1-HP:0003011,1-HP:0003676,1-HP:0011420,1-HP:0012103"
677,1062,HGNC:20376,SUMF1,OMIM:272200,Multiple sulfatase deficiency,HP:0000007,Autosomal recessive inheritance,Autosomal recessive,1,Yes,3/4/2014 0:00:00,Definitive,1,"1-HP:0000256,1-HP:0000365,1-HP:0000924,1-HP:0001249,1-HP:0001249,1-HP:0001250,1-HP:0001574,1-HP:0001999,1-HP:0002376,1-HP:0003676,1-HP:0011420"
678,1069,HGNC:2280,COX6B1,OMIM:619051,"Mitochondrial complex IV deficiency, nuclear type 7",HP:0000007,Autosomal recessive inheritance,Autosomal recessive,1,Yes,3/4/2014 0:00:00,Definitive,1,"1-HP:0000707,1-HP:0001249,1-HP:0001249,1-HP:0001250,1-HP:0001939,1-HP:0002011,1-HP:0003011,1-HP:0003676,1-HP:0012103"
679,1077,HGNC:6235,KCNC3,OMIM:605259,Spinocerebellar ataxia 13,HP:0000006,Autosomal dominant inheritance,Autosomal dominant,1,Yes,3/4/2014 0:00:00,Definitive,1,"1-HP:0000707,1-HP:0001249,1-HP:0001249,1-HP:0002011,4-HP:0001250"
680,1083,HGNC:3791,FOLR1,OMIM:613068,Neurodegeneration due to cerebral folate transport deficiency,HP:0000007,Autosomal recessive inheritance,Autosomal recessive,1,Yes,3/4/2014 0:00:00,Definitive,1,"1-HP:0000707,1-HP:0000707,1-HP:0000708,1-HP:0001249,1-HP:0001249,1-HP:0001250,1-HP:0001250,1-HP:0002011,1-HP:0002011,1-HP:0002376,1-HP:0002376,1-HP:0003676,1-HP:0003676"
681,1084,HGNC:1388,CACNA1A,OMIM:617106,Developmental and epileptic encephalopathy 42,HP:0000006,Autosomal dominant inheritance,Autosomal dominant,1,Yes,3/4/2014 0:00:00,Definitive,1,"1-HP:0000707,1-HP:0000707,1-HP:0000707,1-HP:0001249,1-HP:0001249,1-HP:0001249,1-HP:0001250,1-HP:0001250,1-HP:0001250,1-HP:0002011,1-HP:0002187,1-HP:0002342,1-HP:0002342,1-HP:0002342,1-HP:0010864,1-HP:0010864,1-HP:0010864,3-HP:0003676,4-HP:0002011"
682,1088,HGNC:4075,GABRA1,OMIM:615744,Developmental and epileptic encephalopathy 19,HP:0000006,Autosomal dominant inheritance,Autosomal dominant,1,Yes,3/4/2014 0:00:00,Definitive,1,"1-HP:0000707,1-HP:0000707,1-HP:0000708,1-HP:0001249,1-HP:0001249,1-HP:0001249,1-HP:0001250,1-HP:0001250,1-HP:0001250,1-HP:0001256,1-HP:0001256,1-HP:0001256,1-HP:0002342,1-HP:0002342,1-HP:0002342,1-HP:0010864,1-HP:0010864"
683,1089,HGNC:3942,MTOR,OMIM:616638,Smith-Kingsmore syndrome,HP:0000006,Autosomal dominant inheritance,Autosomal dominant,1,Yes,3/4/2014 0:00:00,Definitive,1,"1-HP:0000256,1-HP:0000365,1-HP:0000478,1-HP:0000708,1-HP:0000924,1-HP:0001249,1-HP:0001249,1-HP:0001250,1-HP:0001250,1-HP:0001256,1-HP:0001548,1-HP:0001627,1-HP:0001999,1-HP:0001999,1-HP:0002011,1-HP:0002342,1-HP:0011024,2-HP:0000256,2-HP:0001574,2-HP:0001574"
684,1090,HGNC:7728,NEDD4L,OMIM:617201,Periventricular nodular heterotopia 7,HP:0000006,Autosomal dominant inheritance,Autosomal dominant,1,Yes,3/4/2014 0:00:00,Definitive,1,"1-HP:0000202,1-HP:0000202,1-HP:0000202,1-HP:0000202,1-HP:0000478,1-HP:0000478,1-HP:0000707,1-HP:0000707,1-HP:0000707,1-HP:0000707,1-HP:0001249,1-HP:0001249,1-HP:0001249,1-HP:0001249,1-HP:0001250,1-HP:0001250,1-HP:0001250,1-HP:0001250,1-HP:0001999,1-HP:0001999,1-HP:0001999,1-HP:0001999,1-HP:0002011,1-HP:0002011,1-HP:0002011,1-HP:0002011,1-HP:0002342,1-HP:0002342,1-HP:0002342,1-HP:0010864,1-HP:0010864,1-HP:0010864,1-HP:0040064,1-HP:0040064,1-HP:0040064,1-HP:0040064"
685,1091,HGNC:25657,BCORL1,OMIM:301029,Shukla-Vernon syndrome,HP:0001417,X-linked other inheritance,X-linked,1,Yes,3/4/2014 0:00:00,Definitive,1,"1-HP:0000707,1-HP:0000708,1-HP:0000708,1-HP:0001249,1-HP:0001249,1-HP:0001250,1-HP:0001256,1-HP:0001256,1-HP:0001999,1-HP:0001999,1-HP:0002011,1-HP:0002187,1-HP:0002342,1-HP:0002342,1-HP:0010864,2-HP:0000924,2-HP:0001250,2-HP:0001250"
686,1092,HGNC:6946,MCM3AP,OMIM:618124,"Peripheral neuropathy, autosomal recessive, with or without impaired intellectual development",HP:0000007,Autosomal recessive inheritance,Autosomal recessive,1,Yes,3/4/2014 0:00:00,Definitive,1,"1-HP:0000707,1-HP:0000707,1-HP:0001249,1-HP:0001249,1-HP:0001256,1-HP:0001256,1-HP:0002011,1-HP:0002342,1-HP:0002342,1-HP:0006889,2-HP:0003676,2-HP:0003676"
687,1095,HGNC:19073,THOC2,OMIM:300957,"Intellectual developmental disorder, X-linked syndromic, Kumar type",HP:0001417,X-linked other inheritance,X-linked,1,Yes,3/4/2014 0:00:00,Definitive,1,"1-HP:0000077,1-HP:0000119,1-HP:0000252,1-HP:0000252,1-HP:0000252,1-HP:0000707,1-HP:0000707,1-HP:0000707,1-HP:0000708,1-HP:0000708,1-HP:0000708,1-HP:0000924,1-HP:0001249,1-HP:0001249,1-HP:0001249,1-HP:0001256,1-HP:0001256,1-HP:0001627,1-HP:0001999,1-HP:0002011,1-HP:0002011,1-HP:0002011,1-HP:0002342,1-HP:0002342,1-HP:0002342,1-HP:0004322,1-HP:0004322,1-HP:0010864,1-HP:0010864,3-HP:0000478,3-HP:0001250,3-HP:0001513"
688,1096,HGNC:2022,CLCN4,OMIM:300114,Raynaud-Claes syndrome,HP:0001417,X-linked other inheritance,X-linked,1,Yes,3/4/2014 0:00:00,Definitive,1,"1-HP:0000707,1-HP:0000707,1-HP:0000707,1-HP:0000707,1-HP:0000708,1-HP:0000708,1-HP:0000708,1-HP:0000708,1-HP:0001249,1-HP:0001249,1-HP:0001249,1-HP:0001249,1-HP:0001250,1-HP:0001250,1-HP:0001250,1-HP:0001250,1-HP:0001256,1-HP:0001256,1-HP:0002011,1-HP:0002011,1-HP:0002011,1-HP:0002011,1-HP:0002187,1-HP:0002187,1-HP:0002342,1-HP:0002342,1-HP:0006889,1-HP:0006889,1-HP:0006889,1-HP:0010864,1-HP:0010864,1-HP:0011024,2-HP:0000252,2-HP:0004322"
689,1098,HGNC:11326,SSR4,OMIM:300934,"Congenital disorder of glycosylation, type Iy",HP:0001417,X-linked other inheritance,X-linked,1,Yes,3/4/2014 0:00:00,Definitive,1,"1-HP:0000119,1-HP:0000119,1-HP:0000119,1-HP:0000119,1-HP:0000252,1-HP:0000252,1-HP:0000252,1-HP:0000252,1-HP:0000252,1-HP:0000478,1-HP:0000478,1-HP:0000478,1-HP:0000478,1-HP:0000478,1-HP:0000707,1-HP:0000707,1-HP:0000707,1-HP:0000707,1-HP:0000707,1-HP:0000708,1-HP:0000708,1-HP:0000708,1-HP:0000708,1-HP:0000708,1-HP:0000924,1-HP:0000924,1-HP:0000924,1-HP:0000924,1-HP:0000924,1-HP:0001249,1-HP:0001249,1-HP:0001249,1-HP:0001249,1-HP:0001249,1-HP:0001249,1-HP:0001250,1-HP:0001250,1-HP:0001250,1-HP:0001250,1-HP:0001250,1-HP:0001627,1-HP:0001627,1-HP:0001627,1-HP:0001627,1-HP:0001871,1-HP:0001871,1-HP:0001871,1-HP:0001871,1-HP:0001871,1-HP:0001939,1-HP:0001939,1-HP:0001939,1-HP:0001939,1-HP:0001999,1-HP:0001999,1-HP:0001999,1-HP:0001999,1-HP:0001999,1-HP:0002011,1-HP:0002011,1-HP:0002011,1-HP:0002011,1-HP:0004322,1-HP:0004322,1-HP:0004322,1-HP:0004322,1-HP:0011024,1-HP:0011024,1-HP:0011024,1-HP:0011024,2-HP:0000119,2-HP:0000119,2-HP:0000119,2-HP:0001627,2-HP:0001627,2-HP:0001627"
690,1103,HGNC:28072,LYRM7,OMIM:615838,"Mitochondrial complex III deficiency, nuclear type 8",HP:0000007,Autosomal recessive inheritance,Autosomal recessive,1,Yes,3/4/2014 0:00:00,Definitive,1,"1-HP:0000478,1-HP:0000478,1-HP:0000707,1-HP:0000707,1-HP:0001249,1-HP:0001249,1-HP:0001250,1-HP:0001939,1-HP:0002011,1-HP:0002011,1-HP:0002376,1-HP:0002376,1-HP:0003676,1-HP:0003676,1-HP:0011420,1-HP:0012103,1-HP:0012103"
691,1104,HGNC:10603,SCO1,OMIM:619048,"Mitochondrial complex IV deficiency, nuclear type 4",HP:0000007,Autosomal recessive inheritance,Autosomal recessive,1,Yes,3/4/2014 0:00:00,Definitive,1,"1-HP:0000707,1-HP:0000707,1-HP:0001249,1-HP:0001249,1-HP:0001249,1-HP:0001250,1-HP:0001250,1-HP:0001627,1-HP:0001627,1-HP:0001939,1-HP:0001939,1-HP:0004322,1-HP:0004322,1-HP:0011420,1-HP:0011420,1-HP:0012103,1-HP:0012103"
692,1109,HGNC:29174,WASHC4,OMIM:615817,"Intellectual developmental disorder, autosomal recessive 43",HP:0000007,Autosomal recessive inheritance,Autosomal recessive,1,Yes,3/4/2014 0:00:00,Definitive,1,"1-HP:0000252,1-HP:0000707,1-HP:0000924,1-HP:0001249,1-HP:0001249,1-HP:0001256,1-HP:0001256,1-HP:0001999,1-HP:0002342,1-HP:0002342,1-HP:0004322,2-HP:0000252,2-HP:0001999,2-HP:0004322"
693,1111,HGNC:11109,SMARCE1,OMIM:616938,Coffin-Siris syndrome 5,HP:0000006,Autosomal dominant inheritance,Autosomal dominant,1,Yes,3/4/2014 0:00:00,Definitive,1,"1-HP:0000119,1-HP:0000202,1-HP:0000252,1-HP:0000252,1-HP:0000478,1-HP:0000707,1-HP:0000924,1-HP:0000924,1-HP:0001249,1-HP:0001249,1-HP:0001574,1-HP:0001627,1-HP:0001627,1-HP:0001999,1-HP:0002342,1-HP:0002342,1-HP:0002715,1-HP:0004322,1-HP:0010864,1-HP:0011024"
694,1112,HGNC:13530,RXYLT1,OMIM:615041,"Muscular dystrophy-dystroglycanopathy (congenital with brain and eye anomalies), type A, 10",HP:0000007,Autosomal recessive inheritance,Autosomal recessive,1,Yes,3/4/2014 0:00:00,Definitive,1,"1-HP:0000119,1-HP:0000256,1-HP:0000478,1-HP:0000707,1-HP:0001249,1-HP:0001249,1-HP:0001250,1-HP:0001627,1-HP:0002011,1-HP:0003011,1-HP:0011024,1-HP:0011420"
695,1114,HGNC:24156,PHF21A,OMIM:618725,Intellectual developmental disorder with behavioral abnormalities and craniofacial dysmorphism with or without seizures,HP:0000006,Autosomal dominant inheritance,Autosomal dominant,1,Yes,3/4/2014 0:00:00,Definitive,1,"1-HP:0000098,1-HP:0000256,1-HP:0000256,1-HP:0000707,1-HP:0000708,1-HP:0000708,1-HP:0001249,1-HP:0001249,1-HP:0001250,1-HP:0001250,1-HP:0001256,1-HP:0001256,1-HP:0001513,1-HP:0001513,1-HP:0001548,1-HP:0001548,1-HP:0001999,1-HP:0001999,1-HP:0002342,1-HP:0002342,1-HP:0010864"
696,1119,HGNC:4921,HIVEP2,OMIM:616977,"Intellectual developmental disorder, autosomal dominant 43",HP:0000006,Autosomal dominant inheritance,Autosomal dominant,1,Yes,3/4/2014 0:00:00,Definitive,1,"1-HP:0000478,1-HP:0000707,1-HP:0000707,1-HP:0000708,1-HP:0000708,1-HP:0001249,1-HP:0001249,1-HP:0001256,1-HP:0001256,1-HP:0001999,1-HP:0002342,1-HP:0002342,2-HP:0002011,4-HP:0002011"
697,1121,HGNC:11042,SLC6A1,OMIM:616421,Myoclonic-atonic epilepsy,HP:0000006,Autosomal dominant inheritance,Autosomal dominant,1,Yes,3/4/2014 0:00:00,Definitive,1,"1-HP:0000707,1-HP:0000707,1-HP:0000707,1-HP:0000707,1-HP:0000708,1-HP:0000708,1-HP:0000708,1-HP:0000708,1-HP:0001249,1-HP:0001249,1-HP:0001249,1-HP:0001249,1-HP:0001250,1-HP:0001250,1-HP:0001250,1-HP:0001250,1-HP:0001256,1-HP:0001256,1-HP:0001256,1-HP:0001256,1-HP:0002342,1-HP:0002342,1-HP:0002342,1-HP:0010864,1-HP:0010864,1-HP:0010864"
698,1122,HGNC:16918,SYNCRIP,MONDO:0001071,intellectual disability,HP:0000006,Autosomal dominant inheritance,Autosomal dominant,1,Yes,3/4/2014 0:00:00,Definitive,1,"1-HP:0000707,1-HP:0000708,1-HP:0001249,1-HP:0001256,1-HP:0001999,1-HP:0002011,1-HP:0002342,2-HP:0001250"
699,1123,HGNC:19347,CUX2,OMIM:618141,Developmental and epileptic encephalopathy 67,HP:0000006,Autosomal dominant inheritance,Autosomal dominant,1,Yes,3/4/2014 0:00:00,Definitive,1,"1-HP:0000707,1-HP:0000707,1-HP:0000708,1-HP:0001249,1-HP:0001249,1-HP:0001250,1-HP:0001250,1-HP:0002342,1-HP:0002342,1-HP:0010864,1-HP:0010864"
700,1127,HGNC:11354,STAG1,OMIM:617635,"Intellectual developmental disorder, autosomal dominant 47",HP:0000006,Autosomal dominant inheritance,Autosomal dominant,1,Yes,3/4/2014 0:00:00,Definitive,1,"1-HP:0000708,1-HP:0001249,1-HP:0001250,1-HP:0001256,1-HP:0002011,2-HP:0004322"
701,1128,HGNC:13030,ZBTB18,OMIM:612337,"Intellectual developmental disorder, autosomal dominant 22",HP:0000006,Autosomal dominant inheritance,Autosomal dominant,1,Yes,3/4/2014 0:00:00,Definitive,1,"1-HP:0000252,1-HP:0001249,1-HP:0001256,1-HP:0002342"
702,1129,HGNC:19088,ASH1L,OMIM:617796,"Intellectual developmental disorder, autosomal dominant 52",HP:0000006,Autosomal dominant inheritance,Autosomal dominant,1,Yes,3/4/2014 0:00:00,Definitive,1,"1-HP:0000119,1-HP:0000478,1-HP:0000707,1-HP:0000708,1-HP:0000708,1-HP:0001249,1-HP:0001249,1-HP:0001250,1-HP:0001256,1-HP:0001999,1-HP:0002342,1-HP:0011024,2-HP:0000365"
703,1134,HGNC:3192,EEF1A2,OMIM:616393,"Intellectual developmental disorder, autosomal dominant 38",HP:0000006,Autosomal dominant inheritance,Autosomal dominant,1,Yes,3/4/2014 0:00:00,Definitive,1,"1-HP:0000252,1-HP:0000252,1-HP:0000707,1-HP:0000707,1-HP:0000707,1-HP:0000708,1-HP:0000708,1-HP:0000708,1-HP:0001249,1-HP:0001249,1-HP:0001249,1-HP:0001250,1-HP:0001250,1-HP:0001256,1-HP:0001999,1-HP:0001999,1-HP:0002011,1-HP:0002011,1-HP:0002011,1-HP:0002187,1-HP:0002342,1-HP:0002376,1-HP:0006889,1-HP:0010864,1-HP:0010864,1-HP:0010864,2-HP:0002270,2-HP:0002270"
704,1138,HGNC:20990,PHACTR1,OMIM:618298,Developmental and epileptic encephalopathy 70,HP:0000006,Autosomal dominant inheritance,Autosomal dominant,1,Yes,3/4/2014 0:00:00,Definitive,1,"1-HP:0000707,1-HP:0001249,1-HP:0001249,1-HP:0001250,1-HP:0002011,1-HP:0010864,2-HP:0000252,2-HP:0000708,2-HP:0001999"
705,1141,HGNC:30212,TANC2,OMIM:618906,"Intellectual developmental disorder with autistic features and language delay, with or without seizures",HP:0000006,Autosomal dominant inheritance,Autosomal dominant,1,Yes,3/4/2014 0:00:00,Definitive,1,"1-HP:0000707,1-HP:0000708,1-HP:0001249,1-HP:0001250,1-HP:0001256,1-HP:0001999,1-HP:0002270,1-HP:0002342,1-HP:0011024"
706,1142,HGNC:19998,TNPO2,OMIM:619556,"Intellectual developmental disorder with hypotonia, impaired speech, and dysmorphic facies",HP:0000006,Autosomal dominant inheritance,Autosomal dominant,1,Yes,3/4/2014 0:00:00,Definitive,1,"1-HP:0000252,1-HP:0000478,1-HP:0000707,1-HP:0000708,1-HP:0001249,1-HP:0001250,1-HP:0001256,1-HP:0001999,1-HP:0002011,1-HP:0002342"
707,1143,HGNC:12303,TRIO,OMIM:617061,"Intellectual developmental disorder, autosomal dominant 44, with microcephaly",HP:0000006,Autosomal dominant inheritance,Autosomal dominant,1,Yes,3/4/2014 0:00:00,Definitive,1,"1-HP:0000118,1-HP:0000252,1-HP:0000252,1-HP:0000252,1-HP:0000256,1-HP:0000708,1-HP:0000708,1-HP:0000924,1-HP:0000924,1-HP:0001249,1-HP:0001249,1-HP:0001249,1-HP:0001250,1-HP:0001250,1-HP:0001256,1-HP:0001256,1-HP:0001256,1-HP:0001999,1-HP:0001999,1-HP:0002342,1-HP:0004322,1-HP:0006889,1-HP:0011024,1-HP:0040064"
708,1144,HGNC:15673,PHIP,OMIM:617991,Chung-Jansen syndrome,HP:0000006,Autosomal dominant inheritance,Autosomal dominant,1,Yes,3/4/2014 0:00:00,Definitive,1,"1-HP:0000077,1-HP:0000119,1-HP:0000119,1-HP:0000478,1-HP:0000478,1-HP:0000478,1-HP:0000707,1-HP:0000707,1-HP:0000708,1-HP:0000708,1-HP:0000708,1-HP:0000708,1-HP:0000924,1-HP:0000924,1-HP:0001249,1-HP:0001249,1-HP:0001249,1-HP:0001249,1-HP:0001250,1-HP:0001250,1-HP:0001256,1-HP:0001256,1-HP:0001256,1-HP:0001256,1-HP:0001513,1-HP:0001513,1-HP:0001513,1-HP:0001999,1-HP:0001999,1-HP:0001999,1-HP:0001999,1-HP:0002342,1-HP:0002342,1-HP:0002342,1-HP:0002342,1-HP:0003011,1-HP:0006889,1-HP:0006889,1-HP:0040064,2-HP:0001513,2-HP:0001513,2-HP:0001513"
709,1145,HGNC:17327,WAC,OMIM:616708,Desanto-Shinawi syndrome,HP:0000006,Autosomal dominant inheritance,Autosomal dominant,1,Yes,3/4/2014 0:00:00,Definitive,1,"1-HP:0000478,1-HP:0000478,1-HP:0000707,1-HP:0000707,1-HP:0000707,1-HP:0000707,1-HP:0000708,1-HP:0000708,1-HP:0000708,1-HP:0000708,1-HP:0001249,1-HP:0001249,1-HP:0001249,1-HP:0001249,1-HP:0001250,1-HP:0001250,1-HP:0001256,1-HP:0001256,1-HP:0001999,1-HP:0001999,1-HP:0001999,1-HP:0001999,1-HP:0002011,1-HP:0002011,1-HP:0002342,1-HP:0002342,1-HP:0002342,1-HP:0006889,1-HP:0006889,1-HP:0011024,1-HP:0011024,3-HP:0001256,3-HP:0001256,4-HP:0000478"
710,1149,HGNC:12856,YY1,OMIM:617557,Gabriele-de Vries syndrome,HP:0000006,Autosomal dominant inheritance,Autosomal dominant,1,Yes,3/4/2014 0:00:00,Definitive,1,"1-HP:0000478,1-HP:0000708,1-HP:0000708,1-HP:0000924,1-HP:0000924,1-HP:0001249,1-HP:0001249,1-HP:0001256,1-HP:0001256,1-HP:0001999,1-HP:0001999,1-HP:0002011,1-HP:0002011,1-HP:0002342,1-HP:0002342,1-HP:0003011,1-HP:0004322,1-HP:0004322,1-HP:0010864"
711,1152,HGNC:14214,CIC,OMIM:617600,"Intellectual developmental disorder, autosomal dominant 45",HP:0000006,Autosomal dominant inheritance,Autosomal dominant,1,Yes,3/4/2014 0:00:00,Definitive,1,"1-HP:0000708,1-HP:0000708,1-HP:0000708,1-HP:0000708,1-HP:0000708,1-HP:0001249,1-HP:0001249,1-HP:0001249,1-HP:0001249,1-HP:0001249,1-HP:0001250,1-HP:0001250,1-HP:0001250,1-HP:0001250,1-HP:0001250,1-HP:0001256,1-HP:0001256,1-HP:0001256,1-HP:0001256,1-HP:0001256,1-HP:0002011,1-HP:0002011,1-HP:0002011,1-HP:0002011,1-HP:0002011,1-HP:0002342,1-HP:0002342,1-HP:0002342,1-HP:0002342,1-HP:0002342,1-HP:0006889"
712,1167,HGNC:17869,AFF4,OMIM:616368,CHOPS syndrome,HP:0000006,Autosomal dominant inheritance,Autosomal dominant,1,Yes,3/4/2014 0:00:00,Definitive,1,"1-HP:0000077,1-HP:0000119,1-HP:0000252,1-HP:0000924,1-HP:0000924,1-HP:0001249,1-HP:0001249,1-HP:0001256,1-HP:0001256,1-HP:0001513,1-HP:0001513,1-HP:0001627,1-HP:0001627,1-HP:0002342,1-HP:0002342,1-HP:0004322,1-HP:0004322,1-HP:0040064"
713,1179,HGNC:11842,TLK2,OMIM:618050,"Intellectual developmental disorder, autosomal dominant 57",HP:0000006,Autosomal dominant inheritance,Autosomal dominant,1,Yes,3/4/2014 0:00:00,Definitive,1,"1-HP:0000478,1-HP:0000708,1-HP:0001249,1-HP:0001256,1-HP:0001999,1-HP:0002270,1-HP:0002342,1-HP:0004322,1-HP:0011024,2-HP:0000252,2-HP:0002011"
714,1184,HGNC:493,ANK2,MONDO:0005258,autism spectrum disorder,HP:0000006,Autosomal dominant inheritance,Autosomal dominant,1,Yes,3/4/2014 0:00:00,Definitive,1,"1-HP:0000707,1-HP:0000708,1-HP:0001249,1-HP:0001249,1-HP:0001250,1-HP:0001256,1-HP:0001999,1-HP:0002342,1-HP:0006889,1-HP:0010864,2-HP:0001548"
715,1186,HGNC:7666,NCKAP1,MONDO:0001071,intellectual disability,HP:0000006,Autosomal dominant inheritance,Autosomal dominant,1,Yes,3/4/2014 0:00:00,Definitive,1,"1-HP:0000708,1-HP:0001249,1-HP:0001256,1-HP:0002342"
716,1189,HGNC:20751,WDFY3,OMIM:617520,"?Microcephaly 18, primary, autosomal dominant",HP:0000006,Autosomal dominant inheritance,Autosomal dominant,1,Yes,3/4/2014 0:00:00,Definitive,1,"1-HP:0000252,1-HP:0000256,1-HP:0000708,1-HP:0001249,1-HP:0001256"
717,1190,HGNC:29150,DIP2C,MONDO:0005071,nervous system disorders,HP:0000006,Autosomal dominant inheritance,Autosomal dominant,1,Yes,3/4/2014 0:00:00,Definitive,1,"1-HP:0000708,1-HP:0000708,1-HP:0001249,1-HP:0001249,1-HP:0001249,1-HP:0002376,1-HP:0002376,2-HP:0000478,2-HP:0001250,2-HP:0001250,2-HP:0001627,2-HP:0002011"
718,1191,HGNC:18541,KMT2E,OMIM:618512,O'Donnell-Luria-Rodan syndrome,HP:0000006,Autosomal dominant inheritance,Autosomal dominant,1,Yes,3/4/2014 0:00:00,Definitive,1,"1-HP:0000256,1-HP:0000256,1-HP:0000707,1-HP:0000707,1-HP:0000708,1-HP:0000708,1-HP:0001249,1-HP:0001249,1-HP:0001250,1-HP:0001256,1-HP:0001256,1-HP:0001999,1-HP:0001999,1-HP:0002011,1-HP:0002011,1-HP:0002270,1-HP:0002342,1-HP:0006889,1-HP:0011024,1-HP:0011024"
719,1205,HGNC:24283,KMT5B,OMIM:617788,"Intellectual developmental disorder, autosomal dominant 51",HP:0000006,Autosomal dominant inheritance,Autosomal dominant,1,Yes,3/4/2014 0:00:00,Definitive,1,"1-HP:0000256,1-HP:0000256,1-HP:0000708,1-HP:0000708,1-HP:0000708,1-HP:0001249,1-HP:0001249,1-HP:0001249,1-HP:0001250,1-HP:0001250,1-HP:0001256,1-HP:0001256,1-HP:0001256,1-HP:0001548,1-HP:0001548,1-HP:0001999,1-HP:0001999,1-HP:0002342,1-HP:0002342,1-HP:0002342,1-HP:0010864,3-HP:0001250,3-HP:0002376,3-HP:0002376"
720,1218,HGNC:7784,NFIA,OMIM:613735,Brain malformations with or without urinary tract defects,HP:0000006,Autosomal dominant inheritance,Autosomal dominant,1,Yes,3/4/2014 0:00:00,Definitive,1,"1-HP:0000077,1-HP:0000119,1-HP:0000256,1-HP:0000708,1-HP:0001249,1-HP:0001256,1-HP:0002011,1-HP:0002342"
721,1235,HGNC:13221,BCL11A,OMIM:617101,Dias-Logan syndrome,HP:0000006,Autosomal dominant inheritance,Autosomal dominant,1,Yes,3/4/2014 0:00:00,Definitive,1,"1-HP:0000252,1-HP:0000708,1-HP:0001249,1-HP:0001256,1-HP:0001871,1-HP:0001999"
722,1251,HGNC:29905,CSDE1,MONDO:0001071,intellectual disability,HP:0000006,Autosomal dominant inheritance,Autosomal dominant,1,Yes,3/4/2014 0:00:00,Definitive,1,"1-HP:0000256,1-HP:0000478,1-HP:0000707,1-HP:0000708,1-HP:0001249,1-HP:0001250,1-HP:0001256,1-HP:0002011,1-HP:0002342,1-HP:0002715"
723,1256,HGNC:9277,PPM1D,OMIM:617450,Jansen-de Vries syndrome,HP:0000006,Autosomal dominant inheritance,Autosomal dominant,1,Yes,3/4/2014 0:00:00,Definitive,1,"1-HP:0000252,1-HP:0000252,1-HP:0000708,1-HP:0000924,1-HP:0001249,1-HP:0001249,1-HP:0001256,1-HP:0001256,1-HP:0001999,1-HP:0002342,1-HP:0002342,1-HP:0004322,1-HP:0004322,1-HP:0006889,1-HP:0011024,2-HP:0000924"
724,1280,HGNC:5048,HNRNPU,OMIM:617391,Developmental and epileptic encephalopathy 54,HP:0000006,Autosomal dominant inheritance,Autosomal dominant,1,Yes,3/4/2014 0:00:00,Definitive,1,"1-HP:0000077,1-HP:0000478,1-HP:0000707,1-HP:0000707,1-HP:0000708,1-HP:0000708,1-HP:0001249,1-HP:0001249,1-HP:0001250,1-HP:0001250,1-HP:0001627,1-HP:0001999,1-HP:0001999,1-HP:0002011,1-HP:0002011,1-HP:0002342,1-HP:0010864,2-HP:0000119,2-HP:0001627,4-HP:0000119"
725,1283,HGNC:4081,GABRB1,OMIM:617153,Developmental and epileptic encephalopathy 45,HP:0000006,Autosomal dominant inheritance,Autosomal dominant,1,Yes,3/4/2014 0:00:00,Definitive,1,"1-HP:0000707,1-HP:0001249,1-HP:0001249,1-HP:0001250,1-HP:0001999,1-HP:0002011,1-HP:0002187,1-HP:0002342,1-HP:0010864,1-HP:0011420"
726,1287,HGNC:11405,BRSK2,MONDO:0001071,intellectual disability,HP:0000006,Autosomal dominant inheritance,Autosomal dominant,1,Yes,3/4/2014 0:00:00,Definitive,1,"1-HP:0000708,1-HP:0000708,1-HP:0001249,1-HP:0001249,1-HP:0001256,1-HP:0001256"
727,1289,HGNC:1391,CACNA1D,MONDO:0005258,autism spectrum disorder,HP:0000006,Autosomal dominant inheritance,Autosomal dominant,1,Yes,3/4/2014 0:00:00,Definitive,1,"1-HP:0000707,1-HP:0000708,1-HP:0000708,1-HP:0001249,1-HP:0001249,1-HP:0001250,1-HP:0001250,1-HP:0001256,1-HP:0001256,1-HP:0002342,1-HP:0002342"
728,1292,HGNC:1392,CACNA1E,OMIM:618285,Developmental and epileptic encephalopathy 69,HP:0000006,Autosomal dominant inheritance,Autosomal dominant,1,Yes,3/4/2014 0:00:00,Definitive,1,"1-HP:0000256,1-HP:0000256,1-HP:0000707,1-HP:0000707,1-HP:0000708,1-HP:0000708,1-HP:0001249,1-HP:0001249,1-HP:0001250,1-HP:0001250,1-HP:0001256,1-HP:0001256,1-HP:0002342,1-HP:0002342,1-HP:0011420,1-HP:0011420"
729,1308,HGNC:2515,CTNND1,OMIM:617681,Blepharocheilodontic syndrome 2,HP:0000006,Autosomal dominant inheritance,Autosomal dominant,1,Yes,3/4/2014 0:00:00,Definitive,1,"1-HP:0000202,1-HP:0000478,1-HP:0000708,1-HP:0001249,1-HP:0001627,1-HP:0001999,1-HP:0040064"
730,1311,HGNC:11957,MED12,OMIM:300895,"Ohdo syndrome, X-linked",HP:0001419,X-linked recessive inheritance,X-linked,1,Yes,1/2/2015 0:00:00,Definitive,1,"1-HP:0000119,1-HP:0000119,1-HP:0000478,1-HP:0000478,1-HP:0000708,1-HP:0000708,1-HP:0001249,1-HP:0001249,1-HP:0001256,1-HP:0001256,1-HP:0001999,1-HP:0001999,1-HP:0002342,1-HP:0002342,2-HP:0000924,2-HP:0000924,2-HP:0004322,2-HP:0004322"
731,1312,HGNC:18145,PHF6,OMIM:301900,Borjeson-Forssman-Lehmann syndrome,HP:0001423,X-linked dominant inheritance,X-linked,1,Yes,1/2/2015 0:00:00,Definitive,1,"1-HP:0000818,1-HP:0000818,1-HP:0000924,1-HP:0001249,1-HP:0001249,1-HP:0001256,1-HP:0001574,1-HP:0001574,1-HP:0001999,1-HP:0001999,1-HP:0002342,1-HP:0040064,3-HP:0001250"
732,1314,HGNC:29203,TBC1D24,OMIM:615338,Developmental and epileptic encephalopathy 16,HP:0000007,Autosomal recessive inheritance,Autosomal recessive,1,Yes,1/2/2015 0:00:00,Definitive,1,"1-HP:0000707,1-HP:0001249,1-HP:0001250,1-HP:0002342,1-HP:0002376,1-HP:0010864,1-HP:0011420"
733,1315,HGNC:29203,TBC1D24,OMIM:220500,DOORS syndrome,HP:0000007,Autosomal recessive inheritance,Autosomal recessive,1,Yes,1/2/2015 0:00:00,Definitive,1,"1-HP:0000365,1-HP:0000707,1-HP:0001249,1-HP:0001250,1-HP:0001256,1-HP:0001574,1-HP:0001939,1-HP:0002342,2-HP:0040064"
734,1317,HGNC:18704,NAA10,OMIM:309800,"Microphthalmia, syndromic 1",HP:0001419,X-linked recessive inheritance,X-linked,1,Yes,1/2/2015 0:00:00,Definitive,1,"1-HP:0000077,1-HP:0000119,1-HP:0000119,1-HP:0000202,1-HP:0000478,1-HP:0000924,1-HP:0000924,1-HP:0001249,1-HP:0001249,1-HP:0001627,1-HP:0001999,1-HP:0002342,1-HP:0002342,1-HP:0040064,1-HP:0040064"
735,1321,HGNC:12632,USP9X,OMIM:300919,"Intellectual developmental disorder, X-linked 99",HP:0001417,X-linked other inheritance,X-linked,1,Yes,1/2/2015 0:00:00,Definitive,1,"1-HP:0000478,1-HP:0000707,1-HP:0000708,1-HP:0001249,1-HP:0001999,1-HP:0002011,1-HP:0004322,3-HP:0001256,3-HP:0002342"
736,1322,HGNC:23719,PGAP3,OMIM:615716,Hyperphosphatasia with impaired intellectual development syndrome 4,HP:0000007,Autosomal recessive inheritance,Autosomal recessive,1,Yes,1/5/2015 0:00:00,Definitive,1,"1-HP:0001249,1-HP:0001250,1-HP:0001939,1-HP:0001999,1-HP:0002342,1-HP:0010864"
737,1323,HGNC:9751,QARS1,OMIM:615760,"Microcephaly, progressive, seizures, and cerebral and cerebellar atrophy",HP:0000007,Autosomal recessive inheritance,Autosomal recessive,1,Yes,1/5/2015 0:00:00,Definitive,1,"1-HP:0000252,1-HP:0000707,1-HP:0001249,1-HP:0001250,1-HP:0001999,1-HP:0002011,1-HP:0002342,1-HP:0003676,1-HP:0010864"
738,1324,HGNC:2978,DNMT3A,OMIM:615879,Tatton-Brown-Rahman syndrome,HP:0000006,Autosomal dominant inheritance,Autosomal dominant,1,Yes,1/5/2015 0:00:00,Definitive,1,"1-HP:0000098,1-HP:0000098,1-HP:0000098,1-HP:0000119,1-HP:0000119,1-HP:0000256,1-HP:0000256,1-HP:0000256,1-HP:0000707,1-HP:0000707,1-HP:0000708,1-HP:0000708,1-HP:0000924,1-HP:0000924,1-HP:0000924,1-HP:0001249,1-HP:0001249,1-HP:0001249,1-HP:0001250,1-HP:0001250,1-HP:0001256,1-HP:0001256,1-HP:0001513,1-HP:0001513,1-HP:0001548,1-HP:0001548,1-HP:0001999,1-HP:0001999,1-HP:0001999,1-HP:0002342,1-HP:0002342,1-HP:0002664,1-HP:0002664,1-HP:0010864,1-HP:0010864,2-HP:0001627,2-HP:0001627,3-HP:0001256,3-HP:0001256,3-HP:0001256,3-HP:0002342,3-HP:0002342,3-HP:0002342"
739,1325,HGNC:26988,METTL23,OMIM:615942,"Intellectual developmental disorder, autosomal recessive 44",HP:0000007,Autosomal recessive inheritance,Autosomal recessive,1,Yes,1/5/2015 0:00:00,Definitive,1,"1-HP:0000708,1-HP:0001249,1-HP:0001256,1-HP:0001999,1-HP:0002342"
740,1327,HGNC:26267,POMK,OMIM:615249,"Muscular dystrophy-dystroglycanopathy (congenital with brain and eye anomalies), type A, 12",HP:0000007,Autosomal recessive inheritance,Autosomal recessive,1,Yes,1/5/2015 0:00:00,Definitive,1,"1-HP:0000478,1-HP:0000707,1-HP:0001249,1-HP:0002011,1-HP:0002342,1-HP:0003011,1-HP:0010864,2-HP:0000252,2-HP:0011420"
741,1328,HGNC:1377,CA5A,OMIM:615751,Hyperammonemia due to carbonic anhydrase VA deficiency,HP:0000007,Autosomal recessive inheritance,Autosomal recessive,1,Yes,1/5/2015 0:00:00,Definitive,1,"1-HP:0000707,1-HP:0001249,1-HP:0001939"
742,1329,HGNC:26784,MTRFR,OMIM:613559,Combined oxidative phosphorylation deficiency 7,HP:0000007,Autosomal recessive inheritance,Autosomal recessive,1,Yes,1/5/2015 0:00:00,Definitive,1,"1-HP:0000707,1-HP:0001249,1-HP:0001939,1-HP:0002011,1-HP:0002376,1-HP:0003676,1-HP:0011420,1-HP:0012103"
743,1330,HGNC:26784,MTRFR,OMIM:615035,"Spastic paraplegia 55, autosomal recessive",HP:0000007,Autosomal recessive inheritance,Autosomal recessive,1,Yes,1/5/2015 0:00:00,Definitive,1,"1-HP:0000707,1-HP:0001249,1-HP:0001256,1-HP:0003676"
744,1331,HGNC:28403,TRMT10A,OMIM:616033,"Microcephaly, short stature, and impaired glucose metabolism 1",HP:0000007,Autosomal recessive inheritance,Autosomal recessive,1,Yes,1/5/2015 0:00:00,Definitive,1,"1-HP:0000252,1-HP:0000818,1-HP:0001249,1-HP:0001256,1-HP:0004322"
745,1332,HGNC:753,ASNS,OMIM:615574,Asparagine synthetase deficiency,HP:0000007,Autosomal recessive inheritance,Autosomal recessive,1,Yes,1/5/2015 0:00:00,Definitive,1,"1-HP:0000252,1-HP:0000252,1-HP:0000478,1-HP:0000707,1-HP:0000707,1-HP:0001249,1-HP:0001249,1-HP:0001250,1-HP:0001250,1-HP:0002011,1-HP:0002011,1-HP:0002187,1-HP:0002342,1-HP:0002342,1-HP:0003676,1-HP:0010864,1-HP:0010864,1-HP:0011420,1-HP:0011420"
746,1333,HGNC:3527,EZH2,OMIM:277590,Weaver syndrome,HP:0000006,Autosomal dominant inheritance,Autosomal dominant,1,Yes,1/5/2015 0:00:00,Definitive,1,"1-HP:0001249,1-HP:0001256,1-HP:0001548,1-HP:0001999,1-HP:0002342"
747,1336,HGNC:4845,HCN1,OMIM:615871,Developmental and epileptic encephalopathy 24,HP:0000006,Autosomal dominant inheritance,Autosomal dominant,1,Yes,1/5/2015 0:00:00,Definitive,1,"1-HP:0000707,1-HP:0000708,1-HP:0001249,1-HP:0001250,1-HP:0001256,1-HP:0002342"
748,1337,HGNC:18873,IFIH1,OMIM:615846,Aicardi-Goutieres syndrome 7,HP:0000006,Autosomal dominant inheritance,Autosomal dominant,1,Yes,1/5/2015 0:00:00,Definitive,1,"1-HP:0000707,1-HP:0000707,1-HP:0001249,1-HP:0001249,1-HP:0002011,1-HP:0002011,1-HP:0002342,1-HP:0002342,1-HP:0002376,1-HP:0002376,1-HP:0002715,1-HP:0002715,1-HP:0003676,1-HP:0003676,1-HP:0010864,1-HP:0010864,2-HP:0000252,2-HP:0000252,2-HP:0011420,2-HP:0011420"
749,1338,HGNC:23089,SLC13A5,OMIM:615905,"Developmental and epileptic encephalopathy 25, with amelogenesis imperfecta",HP:0000007,Autosomal recessive inheritance,Autosomal recessive,1,Yes,1/5/2015 0:00:00,Definitive,1,"1-HP:0001249,1-HP:0001249,1-HP:0001250,1-HP:0001250,1-HP:0001256,1-HP:0001939,1-HP:0002342,1-HP:0002342,1-HP:0003676,1-HP:0006889,1-HP:0010864,1-HP:0010864,2-HP:0000252,3-HP:0002011"
750,1339,HGNC:8907,PGM3,OMIM:615816,Immunodeficiency 23,HP:0000007,Autosomal recessive inheritance,Autosomal recessive,1,Yes,1/5/2015 0:00:00,Definitive,1,"1-HP:0000365,1-HP:0000707,1-HP:0001249,1-HP:0002715,1-HP:0004322"
751,1340,HGNC:6758,MAB21L2,OMIM:615877_2,Microphthalmia/coloboma and skeletal dysplasia syndrome,HP:0000007,Autosomal recessive inheritance,Autosomal recessive,1,Yes,1/5/2015 0:00:00,Definitive,1,"1-HP:0000478,1-HP:0000924,1-HP:0001249"
752,1341,HGNC:17966,CEP83,OMIM:615862,Nephronophthisis 18,HP:0000007,Autosomal recessive inheritance,Autosomal recessive,1,Yes,1/5/2015 0:00:00,Definitive,1,"1-HP:0000077,1-HP:0000077,1-HP:0000119,1-HP:0000478,1-HP:0000707,1-HP:0001249,1-HP:0001249,2-HP:0002011"
753,1342,HGNC:19190,DOCK7,OMIM:615859,Developmental and epileptic encephalopathy 23,HP:0000007,Autosomal recessive inheritance,Autosomal recessive,1,Yes,1/5/2015 0:00:00,Definitive,1,"1-HP:0001249,1-HP:0001249,1-HP:0001250,1-HP:0001250,1-HP:0001999,1-HP:0001999,1-HP:0002011,1-HP:0002011,1-HP:0002342,1-HP:0002342,1-HP:0010864,1-HP:0010864"
754,1343,HGNC:25230,AHDC1,OMIM:615829,Xia-Gibbs syndrome,HP:0000006,Autosomal dominant inheritance,Autosomal dominant,1,Yes,1/5/2015 0:00:00,Definitive,1,"1-HP:0000365,1-HP:0000478,1-HP:0000707,1-HP:0000707,1-HP:0000708,1-HP:0001249,1-HP:0001249,1-HP:0001250,1-HP:0001256,1-HP:0001999,1-HP:0001999,1-HP:0002011,1-HP:0002011,1-HP:0002187,1-HP:0002342,1-HP:0002342,1-HP:0004322,1-HP:0010864,1-HP:0010864"
755,1344,HGNC:12412,TUBB2A,OMIM:615763,"Cortical dysplasia, complex, with other brain malformations 5",HP:0000006,Autosomal dominant inheritance,Autosomal dominant,1,Yes,1/5/2015 0:00:00,Definitive,1,"1-HP:0000252,1-HP:0000707,1-HP:0001249,1-HP:0001250,1-HP:0002011,1-HP:0010864"
756,1345,HGNC:25566,SETD5,OMIM:615761,"Intellectual developmental disorder, autosomal dominant 23",HP:0000006,Autosomal dominant inheritance,Autosomal dominant,1,Yes,1/5/2015 0:00:00,Definitive,1,"1-HP:0000707,1-HP:0000708,1-HP:0000708,1-HP:0000924,1-HP:0001249,1-HP:0001249,1-HP:0001256,1-HP:0001999,1-HP:0001999,1-HP:0002011,1-HP:0002342,1-HP:0002342,1-HP:0006889,1-HP:0010864,2-HP:0001250"
757,1347,HGNC:13339,KIF4A,OMIM:300923,"Intellectual developmental disorder, X-linked 100",HP:0001417,X-linked other inheritance,X-linked,1,Yes,1/5/2015 0:00:00,Definitive,1,"1-HP:0000077,1-HP:0000118,1-HP:0001249,1-HP:0001250,1-HP:0001256,1-HP:0002011,1-HP:0002342"
758,1348,HGNC:25712,PGAP1,OMIM:615802,"Neurodevelopmental disorder with dysmorphic features, spasticity, and brain abnormalities",HP:0000007,Autosomal recessive inheritance,Autosomal recessive,1,Yes,1/5/2015 0:00:00,Definitive,1,"1-HP:0000707,1-HP:0001249,1-HP:0001250,1-HP:0002011,1-HP:0002342,1-HP:0010864"
759,1349,HGNC:16999,CLP1,OMIM:615803,"Pontocerebellar hypoplasia, type 10",HP:0000007,Autosomal recessive inheritance,Autosomal recessive,1,Yes,1/5/2015 0:00:00,Definitive,1,"1-HP:0000252,1-HP:0000707,1-HP:0001249,1-HP:0001250,1-HP:0001999,1-HP:0002011,1-HP:0002342,1-HP:0003676,1-HP:0004322,1-HP:0010864"
760,1350,HGNC:8957,PIGA,OMIM:300868,Multiple congenital anomalies-hypotonia-seizures syndrome 2,HP:0001417,X-linked other inheritance,X-linked,1,Yes,1/5/2015 0:00:00,Definitive,1,"1-HP:0000707,1-HP:0001249,1-HP:0001250,1-HP:0001627,1-HP:0001999,1-HP:0002011,1-HP:0002342,1-HP:0003011,1-HP:0011420"
761,1352,HGNC:1856,CENPE,OMIM:616051,"?Microcephaly 13, primary, autosomal recessive",HP:0000007,Autosomal recessive inheritance,Autosomal recessive,1,Yes,1/5/2015 0:00:00,Definitive,1,"1-HP:0000252,1-HP:0000707,1-HP:0001249,1-HP:0001256,1-HP:0002342,1-HP:0004322,2-HP:0001250,2-HP:0003011,2-HP:0011420"
762,1353,HGNC:26193,CSPP1,OMIM:615636,Joubert syndrome 21,HP:0000007,Autosomal recessive inheritance,Autosomal recessive,1,Yes,1/5/2015 0:00:00,Definitive,1,"1-HP:0000077,1-HP:0000478,1-HP:0000478,1-HP:0000707,1-HP:0000707,1-HP:0001249,1-HP:0001249,1-HP:0001256,1-HP:0002011,1-HP:0002011,1-HP:0002270,1-HP:0002270,1-HP:0002342"
763,1354,HGNC:24539,NECAP1,OMIM:615833,Developmental and epileptic encephalopathy 21,HP:0000007,Autosomal recessive inheritance,Autosomal recessive,1,Yes,1/5/2015 0:00:00,Definitive,1,"1-HP:0000707,1-HP:0000707,1-HP:0001249,1-HP:0001249,1-HP:0001250,1-HP:0001250,1-HP:0002011,1-HP:0002011,1-HP:0002342,1-HP:0002342,1-HP:0010864,1-HP:0010864"
764,1358,HGNC:18420,SETD2,OMIM:616831,Luscan-Lumish syndrome,HP:0000006,Autosomal dominant inheritance,Autosomal dominant,1,Yes,1/5/2015 0:00:00,Definitive,1,"1-HP:0000098,1-HP:0000256,1-HP:0000256,1-HP:0000256,1-HP:0000708,1-HP:0000708,1-HP:0000708,1-HP:0000708,1-HP:0001249,1-HP:0001249,1-HP:0001249,1-HP:0001249,1-HP:0001256,1-HP:0001256,1-HP:0001256,1-HP:0001256,1-HP:0001513,1-HP:0001513,1-HP:0001548,1-HP:0001548,1-HP:0001548,1-HP:0001999,1-HP:0002270,1-HP:0002270,1-HP:0002342,1-HP:0002342,1-HP:0002342,1-HP:0002342,1-HP:0006889,2-HP:0001250,3-HP:0000707,3-HP:0000707,3-HP:0000924,3-HP:0000924,4-HP:0000256,4-HP:0000256,4-HP:0001250,4-HP:0001250,4-HP:0001548,4-HP:0001548"
765,1360,HGNC:3192,EEF1A2,OMIM:616409,Developmental and epileptic encephalopathy 33,HP:0000006,Autosomal dominant inheritance,Autosomal dominant,1,Yes,1/5/2015 0:00:00,Definitive,1,"1-HP:0000707,1-HP:0000707,1-HP:0000708,1-HP:0001249,1-HP:0001249,1-HP:0001250,1-HP:0001250,1-HP:0001256,1-HP:0002011,1-HP:0002187,1-HP:0002342,1-HP:0002342,1-HP:0002376,1-HP:0002376,1-HP:0003676,1-HP:0006889,1-HP:0010864,1-HP:0010864,2-HP:0000252,2-HP:0000252,2-HP:0000708,2-HP:0000708"
766,1363,HGNC:11191,SOX11,OMIM:615866,Intellectual developmental disorder with microcephaly and with or without ocular malformations or hypogonadotropic hypogonadism,HP:0000006,Autosomal dominant inheritance,Autosomal dominant,1,Yes,1/5/2015 0:00:00,Definitive,1,"1-HP:0000252,1-HP:0000252,1-HP:0000252,1-HP:0000708,1-HP:0000818,1-HP:0000818,1-HP:0001249,1-HP:0001249,1-HP:0001249,1-HP:0001256,1-HP:0001256,1-HP:0001999,1-HP:0001999,1-HP:0001999,1-HP:0002011,1-HP:0002011,1-HP:0004322,1-HP:0004322,1-HP:0004322,1-HP:0040064"
767,1364,HGNC:6325,KIF5C,OMIM:615282,"Cortical dysplasia, complex, with other brain malformations 2",HP:0000006,Autosomal dominant inheritance,Autosomal dominant,1,Yes,3/2/2015 0:00:00,Definitive,1,"1-HP:0000252,1-HP:0000252,1-HP:0000707,1-HP:0000707,1-HP:0001249,1-HP:0001249,1-HP:0001250,1-HP:0001250,1-HP:0002011,1-HP:0002011,1-HP:0010864,1-HP:0010864,2-HP:0000708,2-HP:0000708,2-HP:0004322,2-HP:0004322"
768,1365,HGNC:14074,FMN2,OMIM:616193,"Intellectual developmental disorder, autosomal recessive 47",HP:0000007,Autosomal recessive inheritance,Autosomal recessive,1,Yes,3/31/2015 0:00:00,Definitive,1,"1-HP:0001249,1-HP:0001249,1-HP:0001250,1-HP:0001250,1-HP:0002342,1-HP:0002342,1-HP:0010864,1-HP:0010864"
769,1366,HGNC:25928,WDR73,OMIM:251300,Galloway-Mowat syndrome 1,HP:0000007,Autosomal recessive inheritance,Autosomal recessive,1,Yes,3/31/2015 0:00:00,Definitive,1,"1-HP:0000119,1-HP:0000252,1-HP:0001249,1-HP:0001250,1-HP:0001999,1-HP:0002011,1-HP:0002342,1-HP:0010864,2-HP:0011420"
770,1367,HGNC:26877,CKAP2L,OMIM:272440,Filippi syndrome,HP:0000007,Autosomal recessive inheritance,Autosomal recessive,1,Yes,3/31/2015 0:00:00,Definitive,1,"1-HP:0000119,1-HP:0000119,1-HP:0000252,1-HP:0000252,1-HP:0001249,1-HP:0001249,1-HP:0001250,1-HP:0001256,1-HP:0001999,1-HP:0001999,1-HP:0002342,1-HP:0004322,1-HP:0004322,1-HP:0040064,1-HP:0040064,2-HP:0001250,2-HP:0001250,2-HP:0001574,2-HP:0001574"
771,1369,HGNC:26222,FAR1,OMIM:616154,Peroxisomal fatty acyl-CoA reductase 1 disorder,HP:0000007,Autosomal recessive inheritance,Autosomal recessive,1,Yes,3/31/2015 0:00:00,Definitive,1,"1-HP:0000252,1-HP:0000478,1-HP:0000707,1-HP:0001249,1-HP:0001250,1-HP:0004322,1-HP:0010864"
772,1370,HGNC:29316,ZSWIM6,OMIM:603671,Acromelic frontonasal dysostosis,HP:0000006,Autosomal dominant inheritance,Autosomal dominant,1,Yes,3/31/2015 0:00:00,Definitive,1,"1-HP:0000202,1-HP:0001249,1-HP:0002011,1-HP:0002342,1-HP:0010864,1-HP:0040064,2-HP:0001250"
773,1371,HGNC:6250,KCNH1,OMIM:611816,Temple-Baraitser syndrome,HP:0000006,Autosomal dominant inheritance,Autosomal dominant,1,Yes,3/31/2015 0:00:00,Definitive,1,"1-HP:0000707,1-HP:0001249,1-HP:0001250,1-HP:0001256,1-HP:0001574,1-HP:0001999,1-HP:0002342,1-HP:0040064"
774,1372,HGNC:16966,ZMYND11,OMIM:616083,"Intellectual developmental disorder, autosomal dominant 30",HP:0000006,Autosomal dominant inheritance,Autosomal dominant,1,Yes,3/31/2015 0:00:00,Definitive,1,"1-HP:0000707,1-HP:0000708,1-HP:0001249,1-HP:0001250,1-HP:0001256,1-HP:0001999"
775,1373,HGNC:13503,ZBTB20,OMIM:259050,Primrose syndrome,HP:0000006,Autosomal dominant inheritance,Autosomal dominant,1,Yes,3/31/2015 0:00:00,Definitive,1,"1-HP:0000098,1-HP:0000256,1-HP:0000365,1-HP:0000478,1-HP:0000707,1-HP:0000708,1-HP:0000818,1-HP:0001249,1-HP:0001250,1-HP:0001256,1-HP:0001871,1-HP:0002011,1-HP:0002342,1-HP:0003011"
776,1374,HGNC:888,KIF1A,OMIM:614255,NESCAV syndrome,HP:0000006,Autosomal dominant inheritance,Autosomal dominant,1,Yes,3/31/2015 0:00:00,Definitive,1,"1-HP:0000252,1-HP:0000252,1-HP:0000252,1-HP:0000478,1-HP:0000707,1-HP:0000707,1-HP:0000707,1-HP:0001249,1-HP:0001249,1-HP:0001249,1-HP:0001250,1-HP:0001250,1-HP:0001250,1-HP:0001256,1-HP:0002011,1-HP:0002011,1-HP:0002011,1-HP:0002187,1-HP:0002342,1-HP:0003011,1-HP:0003676,1-HP:0003676,1-HP:0003676,1-HP:0004322,1-HP:0004322,1-HP:0006889,1-HP:0010864,3-HP:0001256,3-HP:0001256,3-HP:0001256"
777,1377,HGNC:21150,RNF125,OMIM:616260,Tenorio syndrome,HP:0000006,Autosomal dominant inheritance,Autosomal dominant,1,Yes,3/31/2015 0:00:00,Definitive,1,"1-HP:0000256,1-HP:0000708,1-HP:0001249,1-HP:0001256,1-HP:0001548,1-HP:0001999,1-HP:0002342,1-HP:0002715"
778,1378,HGNC:11386,STIM1,OMIM:185070,Stormorken syndrome,HP:0000006,Autosomal dominant inheritance,Autosomal dominant,1,Yes,3/31/2015 0:00:00,Definitive,1,"1-HP:0000478,1-HP:0000707,1-HP:0001249,1-HP:0001574,1-HP:0001871,1-HP:0003011,1-HP:0004322"
779,1381,HGNC:28845,MED25,OMIM:616449,Basel-Vanagait-Smirin-Yosef syndrome,HP:0000007,Autosomal recessive inheritance,Autosomal recessive,1,Yes,3/31/2015 0:00:00,Definitive,1,"1-HP:0000119,1-HP:0000202,1-HP:0000252,1-HP:0000478,1-HP:0000708,1-HP:0000924,1-HP:0001249,1-HP:0001627,1-HP:0001999,1-HP:0002011,1-HP:0002342,1-HP:0004322"
780,1383,HGNC:12799,WWOX,OMIM:616211,Developmental and epileptic encephalopathy 28,HP:0000007,Autosomal recessive inheritance,Autosomal recessive,1,Yes,3/31/2015 0:00:00,Definitive,1,"1-HP:0000252,1-HP:0001249,1-HP:0001250,1-HP:0002342,1-HP:0010864,1-HP:0011420"
781,1387,HGNC:25491,FRMD4A,OMIM:616819,"?Corpus callosum, agenesis of, with facial anomalies and cerebellar ataxia",HP:0000007,Autosomal recessive inheritance,Autosomal recessive,1,Yes,3/31/2015 0:00:00,Definitive,1,"1-HP:0000252,1-HP:0000707,1-HP:0001249,1-HP:0001999,1-HP:0002011,1-HP:0010864,2-HP:0004322"
782,1388,HGNC:2972,DNM1,OMIM:616346,"Developmental and epileptic encephalopathy 31A, autosomal dominant",HP:0000006,Autosomal dominant inheritance,Autosomal dominant,1,Yes,3/31/2015 0:00:00,Definitive,1,"1-HP:0000708,1-HP:0000708,1-HP:0000708,1-HP:0000708,1-HP:0001249,1-HP:0001249,1-HP:0001249,1-HP:0001249,1-HP:0001250,1-HP:0001250,1-HP:0001250,1-HP:0001250,1-HP:0001256,1-HP:0001256,1-HP:0001256,1-HP:0001256,1-HP:0002187,1-HP:0002187,1-HP:0002187,1-HP:0002187,1-HP:0002342,1-HP:0002342,1-HP:0002342,1-HP:0002342,1-HP:0010864,1-HP:0010864,1-HP:0010864,1-HP:0010864,2-HP:0002011,2-HP:0002011,2-HP:0002011,2-HP:0002011"
783,1389,HGNC:12306,TRIP12,OMIM:617752,"Intellectual developmental disorder, autosomal dominant 49",HP:0000006,Autosomal dominant inheritance,Autosomal dominant,1,Yes,3/31/2015 0:00:00,Definitive,1,"1-HP:0000708,1-HP:0000708,1-HP:0001249,1-HP:0001249,1-HP:0001256,1-HP:0001256,1-HP:0001513,1-HP:0001999,1-HP:0002011,1-HP:0002342,1-HP:0002342,1-HP:0002715,1-HP:0006889,1-HP:0010864,2-HP:0001250,2-HP:0001250"
784,1390,HGNC:18801,POGZ,OMIM:616364,White-Sutton syndrome,HP:0000006,Autosomal dominant inheritance,Autosomal dominant,1,Yes,3/31/2015 0:00:00,Definitive,1,"1-HP:0000252,1-HP:0000365,1-HP:0000478,1-HP:0000707,1-HP:0000708,1-HP:0000924,1-HP:0001249,1-HP:0001513,1-HP:0002011,1-HP:0004322,3-HP:0001256"
785,1392,HGNC:2205,CERT1,OMIM:616351,"Neurodevelopmental disorder with hypotonia, speech delay, and dysmorphic facies",HP:0000006,Autosomal dominant inheritance,Autosomal dominant,1,Yes,3/31/2015 0:00:00,Definitive,1,"1-HP:0000707,1-HP:0000708,1-HP:0000708,1-HP:0000924,1-HP:0001249,1-HP:0001249,1-HP:0001250,1-HP:0001250,1-HP:0001256,1-HP:0001256,1-HP:0001999,1-HP:0001999,1-HP:0002011,1-HP:0002187,1-HP:0002342,1-HP:0002342,1-HP:0010864"
786,1395,HGNC:2745,DDX3X,OMIM:300958_2,"Intellectual developmental disorder, X-linked syndromic, Snijders Blok type",HP:0001423,X-linked dominant inheritance,X-linked,1,Yes,3/31/2015 0:00:00,Definitive,1,"1-HP:0000252,1-HP:0000252,1-HP:0000252,1-HP:0000365,1-HP:0000365,1-HP:0000707,1-HP:0000707,1-HP:0000707,1-HP:0000708,1-HP:0000708,1-HP:0000708,1-HP:0001249,1-HP:0001249,1-HP:0001249,1-HP:0001256,1-HP:0001256,1-HP:0001574,1-HP:0001574,1-HP:0001574,1-HP:0001999,1-HP:0001999,1-HP:0002011,1-HP:0002011,1-HP:0002011,3-HP:0001256,3-HP:0001256"
787,1396,HGNC:9701,PURA,OMIM:616158,"Neurodevelopmental disorder with neonatal respiratory insufficiency, hypotonia, and feeding difficulties",HP:0000006,Autosomal dominant inheritance,Autosomal dominant,1,Yes,3/31/2015 0:00:00,Definitive,1,"1-HP:0000478,1-HP:0000478,1-HP:0000478,1-HP:0000707,1-HP:0000707,1-HP:0000707,1-HP:0000818,1-HP:0000818,1-HP:0000924,1-HP:0001249,1-HP:0001249,1-HP:0001249,1-HP:0001250,1-HP:0001250,1-HP:0001250,1-HP:0001999,1-HP:0001999,1-HP:0001999,1-HP:0002011,1-HP:0002270,1-HP:0002270,1-HP:0002342,1-HP:0002342,1-HP:0002342,1-HP:0010864,1-HP:0010864,1-HP:0010864,1-HP:0011024,1-HP:0011024,2-HP:0002011,2-HP:0002011,4-HP:0002011,4-HP:0002011"
788,1404,HGNC:4507,GABBR2,OMIM:617904,Developmental and epileptic encephalopathy 59,HP:0000006,Autosomal dominant inheritance,Autosomal dominant,1,Yes,3/31/2015 0:00:00,Definitive,1,"1-HP:0000707,1-HP:0000708,1-HP:0001249,1-HP:0001250,1-HP:0002187,1-HP:0010864"
789,1407,HGNC:8619,PAX5,MONDO:0005258,autism spectrum disorder,HP:0000006,Autosomal dominant inheritance,Autosomal dominant,1,Yes,3/31/2015 0:00:00,Definitive,1,"1-HP:0000708,1-HP:0001249,1-HP:0001249,1-HP:0001256,1-HP:0002342,4-HP:0000365,4-HP:0001250"
790,1408,HGNC:3039,DSCAM,MONDO:0005258,autism spectrum disorder,HP:0000006,Autosomal dominant inheritance,Autosomal dominant,1,Yes,3/31/2015 0:00:00,Definitive,1,"1-HP:0000708,1-HP:0001249"
791,1409,HGNC:29190,TNRC6B,OMIM:619243,Global developmental delay with speech and behavioral abnormalities,HP:0000006,Autosomal dominant inheritance,Autosomal dominant,1,Yes,4/1/2015 0:00:00,Definitive,1,"1-HP:0000365,1-HP:0000365,1-HP:0000478,1-HP:0000478,1-HP:0000708,1-HP:0000708,1-HP:0001249,1-HP:0001249,1-HP:0001256,1-HP:0001256,1-HP:0001999,1-HP:0001999,1-HP:0002011,1-HP:0002011"
792,1410,HGNC:18039,KDM5B,MONDO:0005258,autism spectrum disorder,HP:0000006,Autosomal dominant inheritance,Autosomal dominant,1,Yes,4/1/2015 0:00:00,Definitive,1,"1-HP:0000077,1-HP:0000707,1-HP:0000708,1-HP:0001249,1-HP:0001249,1-HP:0001256,1-HP:0001999,1-HP:0006889,2-HP:0040064"
793,1412,HGNC:11641,TCF7L2,MONDO:0001071,intellectual disability,HP:0000006,Autosomal dominant inheritance,Autosomal dominant,1,Yes,4/1/2015 0:00:00,Definitive,1,"1-HP:0000478,1-HP:0000708,1-HP:0000924,1-HP:0001249,1-HP:0001999,4-HP:0001256"
794,1414,HGNC:12929,PCGF2,OMIM:618371,Turnpenny-Fry syndrome,HP:0000006,Autosomal dominant inheritance,Autosomal dominant,1,Yes,4/1/2015 0:00:00,Definitive,1,"1-HP:0000924,1-HP:0001249,1-HP:0001627,1-HP:0001999,1-HP:0002011,1-HP:0002270,1-HP:0004322,1-HP:0011024,2-HP:0000252,3-HP:0001256"
795,1416,HGNC:26274,NARS2,OMIM:616239,Combined oxidative phosphorylation deficiency 24,HP:0000007,Autosomal recessive inheritance,Autosomal recessive,1,Yes,4/1/2015 0:00:00,Definitive,1,"1-HP:0000365,1-HP:0000707,1-HP:0001249,1-HP:0001249,1-HP:0001250,1-HP:0001250,1-HP:0002011,1-HP:0003011,1-HP:0003011,1-HP:0003676,1-HP:0003676,2-HP:0001939,2-HP:0001939,2-HP:0002011,2-HP:0002011,3-HP:0011420,3-HP:0012103"
796,1420,HGNC:9302,PPP2R1A,OMIM:616362,Houge-Janssens syndrome 2,HP:0000006,Autosomal dominant inheritance,Autosomal dominant,1,Yes,4/1/2015 0:00:00,Definitive,1,"1-HP:0000252,1-HP:0000252,1-HP:0000256,1-HP:0000256,1-HP:0000707,1-HP:0000707,1-HP:0001249,1-HP:0001249,1-HP:0001250,1-HP:0001250,1-HP:0001256,1-HP:0001256,1-HP:0002011,1-HP:0002011,1-HP:0002187,1-HP:0002187,1-HP:0002342,1-HP:0002342,1-HP:0010864,1-HP:0010864"
797,1421,HGNC:3003,DPH1,OMIM:616901,"Developmental delay with short stature, dysmorphic facial features, and sparse hair",HP:0000007,Autosomal recessive inheritance,Autosomal recessive,1,Yes,8/23/2015 0:00:00,Definitive,1,"1-HP:0000077,1-HP:0000119,1-HP:0000924,1-HP:0001249,1-HP:0001256,1-HP:0001574,1-HP:0001627,1-HP:0001999,1-HP:0002011,1-HP:0002342,1-HP:0004322,1-HP:0011420"
798,1422,HGNC:9312,PPP2R5D,OMIM:616355,Houge-Janssens syndrome 1,HP:0000006,Autosomal dominant inheritance,Autosomal dominant,1,Yes,8/24/2015 0:00:00,Definitive,1,"1-HP:0000256,1-HP:0000256,1-HP:0000478,1-HP:0000478,1-HP:0000478,1-HP:0000707,1-HP:0000707,1-HP:0000707,1-HP:0000707,1-HP:0000708,1-HP:0000708,1-HP:0001249,1-HP:0001249,1-HP:0001249,1-HP:0001249,1-HP:0001250,1-HP:0001250,1-HP:0001250,1-HP:0001256,1-HP:0001256,1-HP:0001256,1-HP:0001256,1-HP:0001548,1-HP:0001548,1-HP:0002011,1-HP:0002011,1-HP:0002011,1-HP:0002011,1-HP:0002342,1-HP:0002342,1-HP:0006889,1-HP:0006889,2-HP:0001250,2-HP:0001250,2-HP:0001250,2-HP:0001548,2-HP:0001548,2-HP:0001548,4-HP:0000708,4-HP:0000708"
799,1423,HGNC:30664,CLPB,OMIM:616271,"3-methylglutaconic aciduria, type VIIB, autosomal recessive",HP:0000007,Autosomal recessive inheritance,Autosomal recessive,1,Yes,8/24/2015 0:00:00,Definitive,1,"1-HP:0000252,1-HP:0000478,1-HP:0000707,1-HP:0001249,1-HP:0001250,1-HP:0001256,1-HP:0001939,1-HP:0002011,1-HP:0002342,1-HP:0002664,1-HP:0002715,1-HP:0003676,1-HP:0011420"
800,1424,HGNC:20,AARS1,OMIM:616339,Developmental and epileptic encephalopathy 29,HP:0000007,Autosomal recessive inheritance,Autosomal recessive,1,Yes,8/24/2015 0:00:00,Definitive,1,"1-HP:0000252,1-HP:0000707,1-HP:0001249,1-HP:0001250,1-HP:0002011,1-HP:0002342,1-HP:0004322,1-HP:0010864"
801,1426,HGNC:30262,PYCR2,OMIM:616420,"Leukodystrophy, hypomyelinating, 10",HP:0000007,Autosomal recessive inheritance,Autosomal recessive,1,Yes,8/24/2015 0:00:00,Definitive,1,"1-HP:0000252,1-HP:0000707,1-HP:0001249,1-HP:0002011,1-HP:0002342,1-HP:0004322,1-HP:0010864"
802,1427,HGNC:20073,SNX27,MONDO:0005071,nervous system disorders,HP:0000007,Autosomal recessive inheritance,Autosomal recessive,1,Yes,8/24/2015 0:00:00,Definitive,1,"1-HP:0000707,1-HP:0001249,1-HP:0001250,1-HP:0003676,1-HP:0011420,3-HP:0010864"
803,1428,HGNC:11142,SIK1,OMIM:616341,Developmental and epileptic encephalopathy 30,HP:0000006,Autosomal dominant inheritance,Autosomal dominant,1,Yes,8/24/2015 0:00:00,Definitive,1,"1-HP:0000708,1-HP:0001249,1-HP:0001250,1-HP:0002342,1-HP:0010864,1-HP:0011420"
804,1429,HGNC:21062,FARS2,OMIM:614946,Combined oxidative phosphorylation deficiency 14,HP:0000007,Autosomal recessive inheritance,Autosomal recessive,1,Yes,8/24/2015 0:00:00,Definitive,1,"1-HP:0000252,1-HP:0000707,1-HP:0001249,1-HP:0001250,1-HP:0001939,1-HP:0002011,1-HP:0002342,1-HP:0004322,1-HP:0010864,1-HP:0011420,1-HP:0012103"
805,1430,HGNC:19693,COQ4,OMIM:616276,"Coenzyme Q10 deficiency, primary, 7",HP:0000007,Autosomal recessive inheritance,Autosomal recessive,1,Yes,8/24/2015 0:00:00,Definitive,1,"1-HP:0000707,1-HP:0001249,1-HP:0001250,1-HP:0001939,1-HP:0002376,1-HP:0003011,1-HP:0003676,1-HP:0011420,2-HP:0002011"
806,1431,HGNC:24265,PTRH2,OMIM:616263,"Infantile-onset multisystem neurologic, endocrine, and pancreatic disease",HP:0000007,Autosomal recessive inheritance,Autosomal recessive,1,Yes,8/24/2015 0:00:00,Definitive,1,"1-HP:0000252,1-HP:0000365,1-HP:0000365,1-HP:0000707,1-HP:0000707,1-HP:0000818,1-HP:0000818,1-HP:0000924,1-HP:0001249,1-HP:0001249,1-HP:0001999,1-HP:0001999,1-HP:0002011,1-HP:0002342,1-HP:0002376,1-HP:0003676,1-HP:0004322,1-HP:0040064,2-HP:0002011,2-HP:0002011"
807,1432,HGNC:12974,RNF113A,OMIM:300953,"Trichothiodystrophy 5, nonphotosensitive",HP:0001417,X-linked other inheritance,X-linked,1,Yes,8/24/2015 0:00:00,Definitive,1,"1-HP:0000119,1-HP:0000252,1-HP:0000707,1-HP:0001249,1-HP:0001574,1-HP:0001999,1-HP:0002011,1-HP:0002187,1-HP:0002715,1-HP:0004322"
808,1433,HGNC:6267,KCNJ6,OMIM:614098,Keppen-Lubinsky syndrome,HP:0000006,Autosomal dominant inheritance,Autosomal dominant,1,Yes,8/24/2015 0:00:00,Definitive,1,"1-HP:0000252,1-HP:0000252,1-HP:0000707,1-HP:0000707,1-HP:0000708,1-HP:0001249,1-HP:0001249,1-HP:0001250,1-HP:0001250,1-HP:0001256,1-HP:0001999,1-HP:0001999,1-HP:0002342,1-HP:0002342,1-HP:0004322,1-HP:0004322,1-HP:0010864,1-HP:0010864"
809,1434,HGNC:31399,SLC6A17,OMIM:616269,"Intellectual developmental disorder, autosomal recessive 48",HP:0000007,Autosomal recessive inheritance,Autosomal recessive,1,Yes,8/24/2015 0:00:00,Definitive,1,"1-HP:0000707,1-HP:0001249,1-HP:0001999,1-HP:0003676,1-HP:0010864"
810,1435,HGNC:14977,SNX14,OMIM:616354,"Spinocerebellar ataxia, autosomal recessive 20",HP:0000007,Autosomal recessive inheritance,Autosomal recessive,1,Yes,8/24/2015 0:00:00,Definitive,1,"1-HP:0000365,1-HP:0000707,1-HP:0001249,1-HP:0001999,1-HP:0002011,1-HP:0002342,1-HP:0010864,2-HP:0000256"
811,1436,HGNC:6250,KCNH1,OMIM:135500,Zimmermann-Laband syndrome 1,HP:0000006,Autosomal dominant inheritance,Autosomal dominant,1,Yes,8/24/2015 0:00:00,Definitive,1,"1-HP:0000365,1-HP:0000924,1-HP:0001249,1-HP:0001250,1-HP:0001256,1-HP:0001574"
812,1437,HGNC:854,ATP6V1B2,OMIM:616455,Zimmermann-Laband syndrome 2,HP:0000006,Autosomal dominant inheritance,Autosomal dominant,1,Yes,8/24/2015 0:00:00,Definitive,1,"1-HP:0000365,1-HP:0000365,1-HP:0000924,1-HP:0000924,1-HP:0001249,1-HP:0001249,1-HP:0001250,1-HP:0001250,1-HP:0001256,1-HP:0001256,1-HP:0001574,1-HP:0001574,1-HP:0002342,1-HP:0002342,2-HP:0000252,2-HP:0000252"
813,1439,HGNC:10942,SLC1A4,OMIM:616657,"Spastic tetraplegia, thin corpus callosum, and progressive microcephaly",HP:0000007,Autosomal recessive inheritance,Autosomal recessive,1,Yes,8/24/2015 0:00:00,Definitive,1,"1-HP:0000252,1-HP:0000252,1-HP:0000707,1-HP:0000707,1-HP:0001249,1-HP:0001249,1-HP:0001250,1-HP:0001250,1-HP:0002011,1-HP:0002011,1-HP:0002187,1-HP:0002342,1-HP:0002342,1-HP:0010864,1-HP:0010864"
814,1440,HGNC:25897,MFSD2A,OMIM:616486,"Neurodevelopmental disorder with progressive microcephaly, spasticity, and brain abnormalities",HP:0000007,Autosomal recessive inheritance,Autosomal recessive,1,Yes,8/24/2015 0:00:00,Definitive,1,"1-HP:0000252,1-HP:0000707,1-HP:0001249,1-HP:0001250,1-HP:0002011,1-HP:0010864,1-HP:0011420"
815,1441,HGNC:18514,SPART,OMIM:275900,Troyer syndrome,HP:0000007,Autosomal recessive inheritance,Autosomal recessive,1,Yes,8/24/2015 0:00:00,Definitive,1,"1-HP:0000707,1-HP:0001249,1-HP:0001256,1-HP:0002342,2-HP:0000252,2-HP:0003011"
816,1442,HGNC:6776,MAF,OMIM:601088,Ayme-Gripp syndrome,HP:0000006,Autosomal dominant inheritance,Autosomal dominant,1,Yes,8/24/2015 0:00:00,Definitive,1,"1-HP:0000365,1-HP:0000478,1-HP:0000707,1-HP:0000924,1-HP:0001249,1-HP:0001250,1-HP:0001256,1-HP:0001574,1-HP:0001999,1-HP:0004322"
817,1443,HGNC:18667,PMPCA,OMIM:213200,"Spinocerebellar ataxia, autosomal recessive 2",HP:0000007,Autosomal recessive inheritance,Autosomal recessive,1,Yes,8/24/2015 0:00:00,Definitive,1,"1-HP:0000707,1-HP:0001249,1-HP:0001256,1-HP:0002342"
818,1444,HGNC:6220,KCNA2,OMIM:616366,Developmental and epileptic encephalopathy 32,HP:0000006,Autosomal dominant inheritance,Autosomal dominant,1,Yes,8/24/2015 0:00:00,Definitive,1,"1-HP:0000707,1-HP:0001249,1-HP:0001250,1-HP:0001256,1-HP:0002342"
819,1445,HGNC:13013,KAT6A,OMIM:616268,Arboleda-Tham syndrome,HP:0000006,Autosomal dominant inheritance,Autosomal dominant,1,Yes,8/24/2015 0:00:00,Definitive,1,"1-HP:0000252,1-HP:0000252,1-HP:0000252,1-HP:0000707,1-HP:0000707,1-HP:0000707,1-HP:0000708,1-HP:0000708,1-HP:0000708,1-HP:0001249,1-HP:0001249,1-HP:0001249,1-HP:0001627,1-HP:0001627,1-HP:0001627,1-HP:0001999,1-HP:0001999,1-HP:0001999,1-HP:0002270,1-HP:0002270,1-HP:0002270,1-HP:0002342,1-HP:0002342,1-HP:0002342,1-HP:0002715,1-HP:0002715,1-HP:0002715,1-HP:0004322,1-HP:0004322,1-HP:0004322,1-HP:0010864,1-HP:0010864,1-HP:0010864,1-HP:0011024,1-HP:0011024,1-HP:0011024,2-HP:0001250,2-HP:0001250,2-HP:0001250"
820,1446,HGNC:7001,MEIS2,OMIM:600987,"Cleft palate, cardiac defects, and impaired intellectual development",HP:0000006,Autosomal dominant inheritance,Autosomal dominant,1,Yes,8/24/2015 0:00:00,Definitive,1,"1-HP:0000202,1-HP:0001249,1-HP:0001256,1-HP:0001627,1-HP:0001999,1-HP:0002342"
821,1447,HGNC:29812,DCPS,OMIM:616459,Al-Raqad syndrome,HP:0000007,Autosomal recessive inheritance,Autosomal recessive,1,Yes,8/24/2015 0:00:00,Definitive,1,"1-HP:0000252,1-HP:0000707,1-HP:0001249,1-HP:0001999,1-HP:0002342,1-HP:0004322,1-HP:0010864"
822,1448,HGNC:2719,DDC,OMIM:608643,Aromatic L-amino acid decarboxylase deficiency,HP:0000007,Autosomal recessive inheritance,Autosomal recessive,1,Yes,8/24/2015 0:00:00,Definitive,1,"1-HP:0000478,1-HP:0000478,1-HP:0000478,1-HP:0000707,1-HP:0000707,1-HP:0000707,1-HP:0000708,1-HP:0000708,1-HP:0000924,1-HP:0000924,1-HP:0001249,1-HP:0001249,1-HP:0001249,1-HP:0001256,1-HP:0001256,1-HP:0001256,1-HP:0001513,1-HP:0001513,1-HP:0001939,1-HP:0001939,1-HP:0001939,1-HP:0001999,1-HP:0001999,1-HP:0001999,1-HP:0002187,1-HP:0002270,1-HP:0002342,1-HP:0002342,1-HP:0002342,1-HP:0010864"
823,1450,HGNC:19082,NALCN,OMIM:616266,"Congenital contractures of the limbs and face, hypotonia, and developmental delay",HP:0000006,Autosomal dominant inheritance,Autosomal dominant,1,Yes,8/24/2015 0:00:00,Definitive,1,"1-HP:0000707,1-HP:0000707,1-HP:0000707,1-HP:0000924,1-HP:0000924,1-HP:0000924,1-HP:0001249,1-HP:0001249,1-HP:0001249,1-HP:0001999,1-HP:0001999,1-HP:0001999,1-HP:0002011,1-HP:0002187,1-HP:0002342,1-HP:0002342,1-HP:0002342,1-HP:0010864,1-HP:0010864,1-HP:0010864,1-HP:0011024,1-HP:0011420,1-HP:0040064,2-HP:0011420,2-HP:0011420,2-HP:0011420"
824,1453,HGNC:11509,SYT1,OMIM:618218,Baker-Gordon syndrome,HP:0000006,Autosomal dominant inheritance,Autosomal dominant,1,Yes,8/24/2015 0:00:00,Definitive,1,"1-HP:0000478,1-HP:0000478,1-HP:0000707,1-HP:0000707,1-HP:0000708,1-HP:0000708,1-HP:0001249,1-HP:0001249,1-HP:0002342,1-HP:0002342,4-HP:0001250"
825,1454,HGNC:9311,PPP2R5C,MONDO:0001071,intellectual disability,HP:0000006,Autosomal dominant inheritance,Autosomal dominant,1,Yes,8/24/2015 0:00:00,Definitive,1,"1-HP:0000256,1-HP:0000256,1-HP:0000478,1-HP:0000707,1-HP:0000708,1-HP:0001249,1-HP:0001249,1-HP:0001249,1-HP:0001250,1-HP:0001250,1-HP:0001256,1-HP:0001999,1-HP:0002011,1-HP:0002187,1-HP:0002342,1-HP:0006889,1-HP:0010864,1-HP:0011024"
826,1457,HGNC:10002,RGS6,MONDO:0001071,intellectual disability,HP:0000007,Autosomal recessive inheritance,Autosomal recessive,1,Yes,8/24/2015 0:00:00,Definitive,1,"1-HP:0000252,1-HP:0001249,1-HP:0002342,2-HP:0000478,2-HP:0002011"
827,1462,HGNC:2303,CPE,OMIM:619326,BDV syndrome,HP:0000007,Autosomal recessive inheritance,Autosomal recessive,1,Yes,8/24/2015 0:00:00,Definitive,1,"1-HP:0000707,1-HP:0000708,1-HP:0000818,1-HP:0001249,1-HP:0001513,1-HP:0002342"
828,1463,HGNC:19701,CNKSR2,OMIM:301008,"Intellectual developmental disorder, X-linked syndromic, Houge type",HP:0001417,X-linked other inheritance,X-linked,1,Yes,8/25/2015 0:00:00,Definitive,1,"1-HP:0000708,1-HP:0000708,1-HP:0001249,1-HP:0001249,1-HP:0001250,1-HP:0001250,1-HP:0001256,1-HP:0002342,1-HP:0002342,1-HP:0006889,2-HP:0001999"
829,1464,HGNC:29007,FRMPD4,OMIM:300983,"Intellectual developmental disorder, X-linked 104",HP:0001417,X-linked other inheritance,X-linked,1,Yes,8/25/2015 0:00:00,Definitive,1,"1-HP:0000478,1-HP:0000707,1-HP:0000708,1-HP:0000708,1-HP:0001249,1-HP:0001249,1-HP:0001250,1-HP:0001250,1-HP:0001256,1-HP:0001256,1-HP:0001999,1-HP:0002011,1-HP:0002187,1-HP:0002342,1-HP:0006889,1-HP:0010864"
830,1465,HGNC:29347,KLHL15,OMIM:300982,"Intellectual developmental disorder, X-linked 103",HP:0001417,X-linked other inheritance,X-linked,1,Yes,8/25/2015 0:00:00,Definitive,1,"1-HP:0001249,1-HP:0001249,1-HP:0001256,1-HP:0001256,1-HP:0001999,1-HP:0001999,1-HP:0002011,1-HP:0002342,1-HP:0002342,2-HP:0001250"
831,1466,HGNC:25726,LAS1L,OMIM:309585,Wilson-Turner syndrome,HP:0001417,X-linked other inheritance,X-linked,1,Yes,8/25/2015 0:00:00,Definitive,1,"1-HP:0000119,1-HP:0000818,1-HP:0001249,1-HP:0001256,1-HP:0001513,1-HP:0002342"
832,1467,HGNC:13429,RLIM,OMIM:300978,Tonne-Kalscheuer syndrome,HP:0001417,X-linked other inheritance,X-linked,1,Yes,8/25/2015 0:00:00,Definitive,1,"1-HP:0000119,1-HP:0000252,1-HP:0000708,1-HP:0000708,1-HP:0001249,1-HP:0001249,1-HP:0001256,1-HP:0001513,1-HP:0001999,1-HP:0002342,1-HP:0004322,1-HP:0010864,2-HP:0000119,2-HP:0000119,2-HP:0000252,2-HP:0000252,2-HP:0001627,4-HP:0001256,4-HP:0001256,4-HP:0002187,4-HP:0002187"
833,1468,HGNC:13486,USP27X,OMIM:300984,"Intellectual developmental disorder, X-linked 105",HP:0001417,X-linked other inheritance,X-linked,1,Yes,8/25/2015 0:00:00,Definitive,1,"1-HP:0000708,1-HP:0001249,3-HP:0002342,3-HP:0006889"
834,1470,HGNC:11535,TAF1,OMIM:300966,"Intellectual developmental disorder, X-linked syndromic 33",HP:0001417,X-linked other inheritance,X-linked,1,Yes,8/25/2015 0:00:00,Definitive,1,"1-HP:0000119,1-HP:0000252,1-HP:0000707,1-HP:0000708,1-HP:0001249,1-HP:0001256,1-HP:0001627,1-HP:0001999,1-HP:0002011,1-HP:0002342,1-HP:0004322"
835,1476,HGNC:16791,TSEN15,OMIM:617026,"Pontocerebellar hypoplasia, type 2F",HP:0000007,Autosomal recessive inheritance,Autosomal recessive,1,Yes,8/25/2015 0:00:00,Definitive,1,"1-HP:0000252,1-HP:0000707,1-HP:0001249,1-HP:0001250,1-HP:0002011,1-HP:0002342,1-HP:0003676,1-HP:0010864"
836,1479,HGNC:1184,FERRY3,OMIM:618221,"Intellectual developmental disorder, autosomal recessive 66",HP:0000007,Autosomal recessive inheritance,Autosomal recessive,1,Yes,8/25/2015 0:00:00,Definitive,1,"1-HP:0000708,1-HP:0001249,1-HP:0001256"
837,1484,HGNC:14406,PTPN23,OMIM:618890,Neurodevelopmental disorder and structural brain anomalies with or without seizures and spasticity,HP:0000007,Autosomal recessive inheritance,Autosomal recessive,1,Yes,8/25/2015 0:00:00,Definitive,1,"1-HP:0000252,1-HP:0000707,1-HP:0001249,1-HP:0001250,1-HP:0001256,1-HP:0002011,1-HP:0002342,2-HP:0004322"
838,1485,HGNC:11540,TAF6,OMIM:617126,Alazami-Yuan syndrome,HP:0000007,Autosomal recessive inheritance,Autosomal recessive,1,Yes,8/25/2015 0:00:00,Definitive,1,"1-HP:0001249,1-HP:0002342,2-HP:0000252,2-HP:0000478,2-HP:0001999,2-HP:0004322"
839,1486,HGNC:28261,TBCK,OMIM:616900,"Hypotonia, infantile, with psychomotor retardation and characteristic facies 3",HP:0000007,Autosomal recessive inheritance,Autosomal recessive,1,Yes,8/25/2015 0:00:00,Definitive,1,"1-HP:0000707,1-HP:0000707,1-HP:0000707,1-HP:0001249,1-HP:0001249,1-HP:0001249,1-HP:0001250,1-HP:0001250,1-HP:0001250,1-HP:0001256,1-HP:0001256,1-HP:0001999,1-HP:0001999,1-HP:0001999,1-HP:0002011,1-HP:0002011,1-HP:0002011,1-HP:0002187,1-HP:0002187,1-HP:0002187,1-HP:0002342,1-HP:0002342,1-HP:0010864,1-HP:0010864,1-HP:0011420,1-HP:0011420,2-HP:0001939,2-HP:0001939,2-HP:0001939,2-HP:0012103,2-HP:0012103,2-HP:0012103"
840,1487,HGNC:19829,FAM177A1,MONDO:0001071,intellectual disability,HP:0000007,Autosomal recessive inheritance,Autosomal recessive,1,Yes,8/25/2015 0:00:00,Definitive,1,"1-HP:0000707,1-HP:0000708,1-HP:0000924,1-HP:0001249,1-HP:0001249,1-HP:0001250,1-HP:0002011"
841,1488,HGNC:26953,BLTP1,OMIM:617822,Alkuraya-Kucinskas syndrome,HP:0000007,Autosomal recessive inheritance,Autosomal recessive,1,Yes,8/25/2015 0:00:00,Definitive,1,"1-HP:0000118,1-HP:0000119,1-HP:0000478,1-HP:0000707,1-HP:0000924,1-HP:0001249,1-HP:0001627,1-HP:0002011,1-HP:0010864,2-HP:0000252,2-HP:0001250"
842,1494,HGNC:19857,ISCA2,OMIM:616370,Multiple mitochondrial dysfunctions syndrome 4,HP:0000007,Autosomal recessive inheritance,Autosomal recessive,1,Yes,8/25/2015 0:00:00,Definitive,1,"1-HP:0000707,1-HP:0001249,1-HP:0002376,1-HP:0003011,1-HP:0003676,1-HP:0011420,1-HP:0012103"
843,1495,HGNC:15717,GEMIN4,OMIM:617913,"Neurodevelopmental disorder with microcephaly, cataracts, and renal abnormalities",HP:0000007,Autosomal recessive inheritance,Autosomal recessive,1,Yes,8/25/2015 0:00:00,Definitive,1,"1-HP:0000077,1-HP:0000077,1-HP:0000252,1-HP:0000252,1-HP:0000365,1-HP:0000478,1-HP:0000478,1-HP:0000478,1-HP:0000707,1-HP:0000924,1-HP:0001249,1-HP:0001249,1-HP:0001249,1-HP:0001250,1-HP:0001250,1-HP:0001256,1-HP:0001256,1-HP:0001999,1-HP:0001999,1-HP:0002011,1-HP:0002342,1-HP:0002342,1-HP:0002715,1-HP:0004322,2-HP:0000119,2-HP:0000707,2-HP:0000707,3-HP:0011024"
844,1498,HGNC:29914,NUP107,OMIM:616730,"Nephrotic syndrome, type 11",HP:0000007,Autosomal recessive inheritance,Autosomal recessive,1,Yes,8/25/2015 0:00:00,Definitive,1,"1-HP:0000119,1-HP:0000252,1-HP:0001249"
845,1502,HGNC:14951,PPP1R15B,OMIM:616817,"Microcephaly, short stature, and impaired glucose metabolism 2",HP:0000007,Autosomal recessive inheritance,Autosomal recessive,1,Yes,8/25/2015 0:00:00,Definitive,1,"1-HP:0000252,1-HP:0000707,1-HP:0000818,1-HP:0001249,1-HP:0002011,1-HP:0004322,1-HP:0010864"
846,1505,HGNC:18062,GPT2,OMIM:616281,Neurodevelopmental disorder with microcephaly and spastic paraplegia,HP:0000007,Autosomal recessive inheritance,Autosomal recessive,1,Yes,8/25/2015 0:00:00,Definitive,1,"1-HP:0000252,1-HP:0000252,1-HP:0000707,1-HP:0000707,1-HP:0001249,1-HP:0001249,1-HP:0001250,1-HP:0001250,1-HP:0002187,1-HP:0002342,1-HP:0002342,1-HP:0004322,1-HP:0004322,1-HP:0010864,1-HP:0010864,2-HP:0002011"
847,1508,HGNC:16287,NFU1,OMIM:605711,Multiple mitochondrial dysfunctions syndrome 1,HP:0000007,Autosomal recessive inheritance,Autosomal recessive,1,Yes,8/25/2015 0:00:00,Definitive,1,"1-HP:0000707,1-HP:0001249,1-HP:0001249,1-HP:0003676,3-HP:0001249,3-HP:0002376,3-HP:0011420"
848,1509,HGNC:24415,BOLA3,OMIM:614299,Multiple mitochondrial dysfunctions syndrome 2 with hyperglycinemia,HP:0000007,Autosomal recessive inheritance,Autosomal recessive,1,Yes,8/25/2015 0:00:00,Definitive,1,"1-HP:0000707,1-HP:0001249,1-HP:0001250,1-HP:0001939,1-HP:0002011,1-HP:0002376,1-HP:0003011,1-HP:0011420,1-HP:0012103"
849,1510,HGNC:22962,MED13L,OMIM:616789,Impaired intellectual development and distinctive facial features with or without cardiac defects,HP:0000006,Autosomal dominant inheritance,Autosomal dominant,1,Yes,8/25/2015 0:00:00,Definitive,1,"1-HP:0000118,1-HP:0000707,1-HP:0000708,1-HP:0001249,1-HP:0001249,1-HP:0001256,1-HP:0001999,1-HP:0001999,1-HP:0002011,1-HP:0002342,1-HP:0002342,1-HP:0010864,2-HP:0001627,2-HP:0001627"
850,1514,HGNC:7788,NFIX,OMIM:614753,Malan syndrome,HP:0000006,Autosomal dominant inheritance,Autosomal dominant,1,Yes,10/1/2015 0:00:00,Definitive,1,"1-HP:0000098,1-HP:0000098,1-HP:0000256,1-HP:0000478,1-HP:0000478,1-HP:0000707,1-HP:0000708,1-HP:0000708,1-HP:0000924,1-HP:0000924,1-HP:0001249,1-HP:0001249,1-HP:0001256,1-HP:0001256,1-HP:0001999,1-HP:0001999,1-HP:0002342,1-HP:0002342,1-HP:0010864,2-HP:0001250,2-HP:0001250,2-HP:0002270"
851,1515,HGNC:7788,NFIX,OMIM:602535,Marshall-Smith syndrome,HP:0000006,Autosomal dominant inheritance,Autosomal dominant,1,Yes,10/1/2015 0:00:00,Definitive,1,"1-HP:0000478,1-HP:0000924,1-HP:0001249,1-HP:0001574,1-HP:0001999,1-HP:0002011,1-HP:0002342,1-HP:0004322,1-HP:0010864"
852,1516,HGNC:20311,CHAMP1,OMIM:616579,"Neurodevelopmental disorder with hypotonia, impaired language, and dysmorphic features",HP:0000006,Autosomal dominant inheritance,Autosomal dominant,1,Yes,10/1/2015 0:00:00,Definitive,1,"1-HP:0000252,1-HP:0000252,1-HP:0000478,1-HP:0000478,1-HP:0000707,1-HP:0000707,1-HP:0000708,1-HP:0000708,1-HP:0000924,1-HP:0000924,1-HP:0001249,1-HP:0001249,1-HP:0001250,1-HP:0001250,1-HP:0001256,1-HP:0001999,1-HP:0001999,1-HP:0002342,1-HP:0002342,1-HP:0002715,1-HP:0002715,1-HP:0006889,1-HP:0010864,1-HP:0010864,1-HP:0011024"
853,1517,HGNC:6050,IMPA1,OMIM:617323,"Intellectual developmental disorder, autosomal recessive 59",HP:0000007,Autosomal recessive inheritance,Autosomal recessive,1,Yes,10/1/2015 0:00:00,Definitive,1,"1-HP:0000708,1-HP:0001249,1-HP:0010864"
854,1518,HGNC:801,ATP1A3,OMIM:614820,Alternating hemiplegia of childhood 2,HP:0000006,Autosomal dominant inheritance,Autosomal dominant,1,Yes,10/1/2015 0:00:00,Definitive,1,"1-HP:0000707,1-HP:0001249,1-HP:0003676"
855,1521,HGNC:29420,RSPRY1,OMIM:616723,"Spondyloepimetaphyseal dysplasia, Faden-Alkuraya type",HP:0000007,Autosomal recessive inheritance,Autosomal recessive,1,Yes,10/1/2015 0:00:00,Definitive,1,"1-HP:0000252,1-HP:0000924,1-HP:0001249,1-HP:0001256,1-HP:0001999,1-HP:0002342,1-HP:0003676,1-HP:0004322"
856,1523,HGNC:5044,HNRNPK,OMIM:616580,Au-Kline syndrome,HP:0000006,Autosomal dominant inheritance,Autosomal dominant,1,Yes,10/1/2015 0:00:00,Definitive,1,"1-HP:0000202,1-HP:0000202,1-HP:0000924,1-HP:0000924,1-HP:0001249,1-HP:0001249,1-HP:0001627,1-HP:0001627,1-HP:0001999,1-HP:0001999,1-HP:0002011,1-HP:0002011,1-HP:0010864,1-HP:0010864"
857,1524,HGNC:29357,ASXL3,OMIM:615485,Bainbridge-Ropers syndrome,HP:0000006,Autosomal dominant inheritance,Autosomal dominant,1,Yes,12/20/2015 0:00:00,Definitive,1,"1-HP:0000707,1-HP:0000707,1-HP:0000707,1-HP:0000708,1-HP:0000708,1-HP:0000708,1-HP:0000924,1-HP:0000924,1-HP:0000924,1-HP:0001249,1-HP:0001249,1-HP:0001249,1-HP:0001250,1-HP:0001250,1-HP:0001250,1-HP:0001256,1-HP:0001999,1-HP:0001999,1-HP:0001999,1-HP:0002187,1-HP:0002187,1-HP:0002187,1-HP:0002342,1-HP:0004322,1-HP:0004322,1-HP:0004322,1-HP:0010864,1-HP:0011024"
858,1525,HGNC:7623,MYT1L,OMIM:616521,"Intellectual developmental disorder, autosomal dominant 39",HP:0000006,Autosomal dominant inheritance,Autosomal dominant,1,Yes,12/20/2015 0:00:00,Definitive,1,"1-HP:0000478,1-HP:0000707,1-HP:0000708,1-HP:0001249,1-HP:0001256,1-HP:0001513,1-HP:0001999,1-HP:0002011"
859,1526,HGNC:28909,CCDC22,OMIM:300963,Ritscher-Schinzel syndrome 2,HP:0001419,X-linked recessive inheritance,X-linked,1,Yes,12/20/2015 0:00:00,Definitive,1,"1-HP:0000119,1-HP:0000119,1-HP:0000924,1-HP:0000924,1-HP:0001249,1-HP:0001249,1-HP:0001249,1-HP:0001250,1-HP:0001256,1-HP:0001256,1-HP:0001256,1-HP:0001627,1-HP:0001627,1-HP:0001627,1-HP:0001939,1-HP:0001939,1-HP:0001999,1-HP:0001999,1-HP:0002011,1-HP:0002011,1-HP:0002011,1-HP:0002342,1-HP:0002342,1-HP:0002342,1-HP:0004322,1-HP:0004322,1-HP:0010864,1-HP:0010864,1-HP:0040064,1-HP:0040064,2-HP:0004322,2-HP:0004322,2-HP:0004322,3-HP:0000256,3-HP:0000256,3-HP:0000708,3-HP:0000708"
860,1527,HGNC:28984,WASHC5,OMIM:220210,Ritscher-Schinzel syndrome 1,HP:0000007,Autosomal recessive inheritance,Autosomal recessive,1,Yes,12/20/2015 0:00:00,Definitive,1,"1-HP:0000478,1-HP:0001249,1-HP:0001627,1-HP:0001999,1-HP:0002011,1-HP:0002342,1-HP:0010864"
861,1528,HGNC:17944,EXOSC3,OMIM:614678,"Pontocerebellar hypoplasia, type 1B",HP:0000007,Autosomal recessive inheritance,Autosomal recessive,1,Yes,12/20/2015 0:00:00,Definitive,1,"1-HP:0000252,1-HP:0000707,1-HP:0001249,1-HP:0001256,1-HP:0002011,1-HP:0002342,1-HP:0003676,1-HP:0004322,2-HP:0003011,2-HP:0011420"
862,1529,HGNC:26582,UNC80,OMIM:616801,"Hypotonia, infantile, with psychomotor retardation and characteristic facies 2",HP:0000007,Autosomal recessive inheritance,Autosomal recessive,1,Yes,12/20/2015 0:00:00,Definitive,1,"1-HP:0000252,1-HP:0000252,1-HP:0000478,1-HP:0000707,1-HP:0000707,1-HP:0000924,1-HP:0001249,1-HP:0001249,1-HP:0001250,1-HP:0001250,1-HP:0001999,1-HP:0001999,1-HP:0002270,1-HP:0002270,1-HP:0002342,1-HP:0004322,1-HP:0004322,1-HP:0010864,1-HP:0010864,1-HP:0011024,1-HP:0011024,2-HP:0000924,2-HP:0000924"
863,1530,HGNC:19957,TECPR2,OMIM:615031,"Neuropathy, hereditary sensory and autonomic, type IX, with developmental delay",HP:0000007,Autosomal recessive inheritance,Autosomal recessive,1,Yes,12/20/2015 0:00:00,Definitive,1,"1-HP:0000252,1-HP:0000252,1-HP:0000252,1-HP:0000707,1-HP:0000707,1-HP:0000707,1-HP:0001249,1-HP:0001249,1-HP:0001249,1-HP:0001256,1-HP:0001256,1-HP:0001256,1-HP:0001999,1-HP:0001999,1-HP:0001999,1-HP:0002270,1-HP:0002270,1-HP:0002270,1-HP:0002342,1-HP:0002342,1-HP:0002342,1-HP:0003676,1-HP:0003676,1-HP:0003676,1-HP:0004322,1-HP:0004322,1-HP:0004322,1-HP:0011024,1-HP:0011024,1-HP:0011024,2-HP:0001250,2-HP:0001250,2-HP:0001250,2-HP:0002011,2-HP:0002011,2-HP:0002011"
864,1531,HGNC:2876,DIAPH1,OMIM:616632,"Seizures, cortical blindness, microcephaly syndrome",HP:0000007,Autosomal recessive inheritance,Autosomal recessive,1,Yes,12/20/2015 0:00:00,Definitive,1,"1-HP:0000252,1-HP:0001249,1-HP:0001250,1-HP:0002011,1-HP:0002187,1-HP:0002715,1-HP:0003011,1-HP:0004322,2-HP:0000478"
865,1532,HGNC:18119,AFG2A,OMIM:616577,"Neurodevelopmental disorder with hearing loss, seizures, and brain abnormalities",HP:0000007,Autosomal recessive inheritance,Autosomal recessive,1,Yes,12/22/2015 0:00:00,Definitive,1,"1-HP:0000252,1-HP:0000365,1-HP:0000707,1-HP:0001249,1-HP:0001250,1-HP:0001871,1-HP:0002011,1-HP:0002187,1-HP:0002715,1-HP:0004322,1-HP:0010864"
866,1533,HGNC:21033,HACE1,OMIM:616756,Spastic paraplegia and psychomotor retardation with or without seizures,HP:0000007,Autosomal recessive inheritance,Autosomal recessive,1,Yes,12/22/2015 0:00:00,Definitive,1,"1-HP:0000365,1-HP:0000478,1-HP:0000478,1-HP:0000707,1-HP:0000707,1-HP:0001249,1-HP:0001249,1-HP:0001250,1-HP:0001250,1-HP:0002011,1-HP:0002011,1-HP:0010864,2-HP:0000119,2-HP:0000119,2-HP:0000256,2-HP:0000256"
867,1534,HGNC:19960,KIAA0586,OMIM:616490,Joubert syndrome 23,HP:0000007,Autosomal recessive inheritance,Autosomal recessive,1,Yes,12/22/2015 0:00:00,Definitive,1,"1-HP:0000077,1-HP:0000478,1-HP:0000707,1-HP:0001249,1-HP:0001256,1-HP:0002011,1-HP:0002342"
868,1535,HGNC:25557,PRMT7,OMIM:617157,"Short stature, brachydactyly, intellectual developmental disability, and seizures",HP:0000007,Autosomal recessive inheritance,Autosomal recessive,1,Yes,12/22/2015 0:00:00,Definitive,1,"1-HP:0000077,1-HP:0000119,1-HP:0000252,1-HP:0000252,1-HP:0000365,1-HP:0000365,1-HP:0000478,1-HP:0000707,1-HP:0000924,1-HP:0001249,1-HP:0001249,1-HP:0001250,1-HP:0001256,1-HP:0001256,1-HP:0001513,1-HP:0001513,1-HP:0001999,1-HP:0001999,1-HP:0002011,1-HP:0002011,1-HP:0002342,1-HP:0002342,1-HP:0004322,1-HP:0004322,1-HP:0040064,1-HP:0040064"
869,1539,HGNC:18654,RTTN,OMIM:614833,"Microcephaly, short stature, and polymicrogyria with seizures",HP:0000007,Autosomal recessive inheritance,Autosomal recessive,1,Yes,12/22/2015 0:00:00,Definitive,1,"1-HP:0000118,1-HP:0000118,1-HP:0000252,1-HP:0000252,1-HP:0000707,1-HP:0000707,1-HP:0001249,1-HP:0001249,1-HP:0002011,1-HP:0002011,1-HP:0002342,1-HP:0002342,1-HP:0004322,1-HP:0004322,1-HP:0010864,1-HP:0010864"
870,1540,HGNC:14372,SCYL1,OMIM:616719,"Spinocerebellar ataxia, autosomal recessive 21",HP:0000007,Autosomal recessive inheritance,Autosomal recessive,1,Yes,12/22/2015 0:00:00,Definitive,1,"1-HP:0000707,1-HP:0001249,1-HP:0002011,1-HP:0003011"
871,1542,HGNC:24866,CEP104,OMIM:616781,Joubert syndrome 25,HP:0000007,Autosomal recessive inheritance,Autosomal recessive,1,Yes,12/22/2015 0:00:00,Definitive,1,"1-HP:0000707,1-HP:0000707,1-HP:0000707,1-HP:0001249,1-HP:0001249,1-HP:0001249,1-HP:0001256,1-HP:0001256,1-HP:0001256,1-HP:0002011,1-HP:0002011,1-HP:0002011,1-HP:0002342,1-HP:0002342"
872,1543,HGNC:26938,HIKESHI,OMIM:616881,"Leukodystrophy, hypomyelinating, 13",HP:0000007,Autosomal recessive inheritance,Autosomal recessive,1,Yes,12/22/2015 0:00:00,Definitive,1,"1-HP:0000252,1-HP:0000707,1-HP:0001249,1-HP:0002011,1-HP:0011420"
873,1544,HGNC:14677,DEAF1,OMIM:617171,"Neurodevelopmental disorder with hypotonia, impaired expressive language, and with or without seizures",HP:0000007,Autosomal recessive inheritance,Autosomal recessive,1,Yes,12/22/2015 0:00:00,Definitive,1,"1-HP:0000252,1-HP:0000252,1-HP:0000252,1-HP:0000707,1-HP:0000707,1-HP:0000708,1-HP:0000708,1-HP:0000708,1-HP:0001249,1-HP:0001249,1-HP:0001249,1-HP:0001250,1-HP:0001250,1-HP:0001250,1-HP:0001999,1-HP:0002011,1-HP:0002011,1-HP:0002011,1-HP:0002270,1-HP:0002270,1-HP:0002342,1-HP:0002342,1-HP:0002376,1-HP:0002376,1-HP:0002715,1-HP:0002715,1-HP:0003676,1-HP:0003676,1-HP:0010864,1-HP:0010864,1-HP:0011024,1-HP:0011024"
874,1546,HGNC:3513,EXT2,OMIM:616682,"Seizures, scoliosis, and macrocephaly syndrome",HP:0000007,Autosomal recessive inheritance,Autosomal recessive,1,Yes,12/23/2015 0:00:00,Definitive,1,"1-HP:0000077,1-HP:0000119,1-HP:0000252,1-HP:0000256,1-HP:0000924,1-HP:0001249,1-HP:0001250,1-HP:0001256,1-HP:0001574"
875,1548,HGNC:13726,KMT2C,OMIM:617768,Kleefstra syndrome 2,HP:0000006,Autosomal dominant inheritance,Autosomal dominant,1,Yes,12/23/2015 0:00:00,Definitive,1,"1-HP:0000365,1-HP:0000707,1-HP:0000707,1-HP:0000708,1-HP:0000708,1-HP:0000818,1-HP:0000924,1-HP:0000924,1-HP:0001249,1-HP:0001249,1-HP:0001250,1-HP:0001250,1-HP:0001256,1-HP:0001256,1-HP:0001574,1-HP:0001999,1-HP:0001999,1-HP:0002011,1-HP:0002342,1-HP:0002715,1-HP:0004322,1-HP:0006889,1-HP:0010864,1-HP:0011024,3-HP:0000119"
876,1550,HGNC:30939,ZFHX4,MONDO:0001071,intellectual disability,HP:0000006,Autosomal dominant inheritance,Autosomal dominant,1,Yes,12/23/2015 0:00:00,Definitive,1,"1-HP:0000202,1-HP:0000202,1-HP:0000478,1-HP:0000478,1-HP:0000478,1-HP:0000707,1-HP:0000707,1-HP:0000708,1-HP:0000708,1-HP:0001249,1-HP:0001249,1-HP:0001249,1-HP:0001256,1-HP:0001256,1-HP:0001999,1-HP:0001999,1-HP:0001999,1-HP:0002011,1-HP:0002011,1-HP:0002342,1-HP:0002342,1-HP:0004322,1-HP:0004322"
877,1559,HGNC:20967,NACC1,OMIM:617393,"Neurodevelopmental disorder with epilepsy, cataracts, feeding difficulties, and delayed brain myelination",HP:0000006,Autosomal dominant inheritance,Autosomal dominant,1,Yes,12/23/2015 0:00:00,Definitive,1,"1-HP:0000252,1-HP:0000478,1-HP:0001249,1-HP:0001250,1-HP:0002342,1-HP:0004322,1-HP:0010864"
878,1561,HGNC:19034,MAST1,OMIM:618273,Mega-corpus-callosum syndrome with cerebellar hypoplasia and cortical malformations,HP:0000006,Autosomal dominant inheritance,Autosomal dominant,1,Yes,12/23/2015 0:00:00,Definitive,1,"1-HP:0000707,1-HP:0001249,1-HP:0001256,1-HP:0001999,1-HP:0002011,1-HP:0002342"
879,1573,HGNC:2482,CSTB,OMIM:254800,"Epilepsy, progressive myoclonic 1A (Unverricht and Lundborg)",HP:0000007,Autosomal recessive inheritance,Autosomal recessive,1,Yes,12/23/2015 0:00:00,Definitive,1,"1-HP:0000252,1-HP:0000707,1-HP:0001249,1-HP:0001249,1-HP:0001250,1-HP:0002011,1-HP:0002376,1-HP:0003676"
880,1577,HGNC:2728,DDOST,OMIM:614507,"Congenital disorder of glycosylation, type Ir",HP:0000007,Autosomal recessive inheritance,Autosomal recessive,1,Yes,12/23/2015 0:00:00,Definitive,1,"1-HP:0000118,1-HP:0000118,1-HP:0000707,1-HP:0000707,1-HP:0001249,1-HP:0001249,1-HP:0001256,1-HP:0001256,1-HP:0001939,1-HP:0001939,1-HP:0001999,1-HP:0001999,1-HP:0002342,1-HP:0002342"
881,1578,HGNC:27561,TSEN54,OMIM:225753,Pontocerebellar hypoplasia type 4,HP:0000007,Autosomal recessive inheritance,Autosomal recessive,1,Yes,12/23/2015 0:00:00,Definitive,1,"1-HP:0000707,1-HP:0000924,1-HP:0001249,1-HP:0001250,1-HP:0002011,1-HP:0002342,1-HP:0010864,1-HP:0011420"
882,1581,HGNC:177,ACY1,OMIM:609924,Aminoacylase 1 deficiency,HP:0000007,Autosomal recessive inheritance,Autosomal recessive,1,Yes,12/23/2015 0:00:00,Definitive,1,"1-HP:0000707,1-HP:0001249,1-HP:0001250,1-HP:0001256,1-HP:0001939,1-HP:0002342"
883,1582,HGNC:21686,RNASET2,OMIM:612951,"Leukoencephalopathy, cystic, without megalencephaly",HP:0000007,Autosomal recessive inheritance,Autosomal recessive,1,Yes,12/23/2015 0:00:00,Definitive,1,"1-HP:0000252,1-HP:0000365,1-HP:0000707,1-HP:0001249,1-HP:0001250,1-HP:0002342,1-HP:0010864"
884,1585,HGNC:26527,HGSNAT,OMIM:252930,Mucopolysaccharidosis type IIIC (Sanfilippo C),HP:0000007,Autosomal recessive inheritance,Autosomal recessive,1,Yes,12/23/2015 0:00:00,Definitive,1,"1-HP:0000708,1-HP:0001249,1-HP:0001939,1-HP:0003676,1-HP:0011420"
885,1586,HGNC:11226,SPG11,OMIM:604360,"Spastic paraplegia 11, autosomal recessive",HP:0000007,Autosomal recessive inheritance,Autosomal recessive,1,Yes,12/23/2015 0:00:00,Definitive,1,"1-HP:0000707,1-HP:0001249,1-HP:0002011,1-HP:0003676"
886,1588,HGNC:9722,ALDH18A1,OMIM:616603,"Cutis laxa, autosomal dominant 3",HP:0000006,Autosomal dominant inheritance,Autosomal dominant,1,Yes,12/23/2015 0:00:00,Definitive,1,"1-HP:0000252,1-HP:0000478,1-HP:0001249,1-HP:0001256,1-HP:0001999,1-HP:0002342,1-HP:0004322,2-HP:0000707"
887,1589,HGNC:6901,MASP1,OMIM:257920,3MC syndrome 1,HP:0000007,Autosomal recessive inheritance,Autosomal recessive,1,Yes,12/23/2015 0:00:00,Definitive,1,"1-HP:0000077,1-HP:0000119,1-HP:0000202,1-HP:0000365,1-HP:0000478,1-HP:0000924,1-HP:0001249,1-HP:0001627,1-HP:0001999,1-HP:0004322"
888,1591,HGNC:11188,SOS2,OMIM:616559,Noonan syndrome 9,HP:0000006,Autosomal dominant inheritance,Autosomal dominant,1,Yes,12/23/2015 0:00:00,Definitive,1,"1-HP:0001249,1-HP:0001574,1-HP:0001627,1-HP:0001871,1-HP:0001999,1-HP:0004322"
889,1594,HGNC:28957,EMC1,OMIM:616875,"Cerebellar atrophy, visual impairment, and psychomotor retardation",HP:0000007,Autosomal recessive inheritance,Autosomal recessive,1,Yes,3/22/2016 0:00:00,Definitive,1,"1-HP:0000252,1-HP:0000478,1-HP:0000478,1-HP:0000707,1-HP:0000707,1-HP:0001249,1-HP:0001249,1-HP:0001256,1-HP:0001256,1-HP:0001999,1-HP:0001999,1-HP:0002011,1-HP:0002011,1-HP:0002342,1-HP:0002342,1-HP:0010864,2-HP:0000252"
890,1595,HGNC:28178,CCDC115,OMIM:616828,"Congenital disorder of glycosylation, type IIo",HP:0000007,Autosomal recessive inheritance,Autosomal recessive,1,Yes,3/22/2016 0:00:00,Definitive,1,"1-HP:0000707,1-HP:0001249,1-HP:0001256,1-HP:0001939,1-HP:0002342"
891,1596,HGNC:25439,TANGO2,OMIM:616878,"Metabolic encephalomyopathic crises, recurrent, with rhabdomyolysis, cardiac arrhythmias, and neurodegeneration",HP:0000007,Autosomal recessive inheritance,Autosomal recessive,1,Yes,3/22/2016 0:00:00,Definitive,1,"1-HP:0000707,1-HP:0000707,1-HP:0000818,1-HP:0000818,1-HP:0001249,1-HP:0001249,1-HP:0001250,1-HP:0001250,1-HP:0001256,1-HP:0001256,1-HP:0001939,1-HP:0001939,1-HP:0002011,1-HP:0002011,1-HP:0002342,1-HP:0002342,1-HP:0003011,1-HP:0003011,1-HP:0003676,1-HP:0003676"
892,1597,HGNC:2973,DNM1L,OMIM:614388_1,"Encephalopathy, lethal, due to defective mitochondrial peroxisomal fission 1",HP:0000006,Autosomal dominant inheritance,Autosomal dominant,1,Yes,3/22/2016 0:00:00,Definitive,1,"1-HP:0000478,1-HP:0000707,1-HP:0000707,1-HP:0001249,1-HP:0001249,1-HP:0001250,1-HP:0001939,1-HP:0001939,1-HP:0002011,1-HP:0002011,1-HP:0002376,1-HP:0003676,1-HP:0003676,1-HP:0011420,1-HP:0011420,1-HP:0012103,1-HP:0012103,2-HP:0000252,2-HP:0000252,2-HP:0004322,2-HP:0004322"
893,1598,HGNC:25151,ADAT3,OMIM:615286,"Neurodevelopmental disorder with brain abnormalities, poor growth, and dysmorphic facies",HP:0000007,Autosomal recessive inheritance,Autosomal recessive,1,Yes,3/22/2016 0:00:00,Definitive,1,"1-HP:0000252,1-HP:0000252,1-HP:0000478,1-HP:0000478,1-HP:0000707,1-HP:0000707,1-HP:0000708,1-HP:0001249,1-HP:0001249,1-HP:0001256,1-HP:0001256,1-HP:0001999,1-HP:0001999,1-HP:0002011,1-HP:0002011,1-HP:0002342,1-HP:0002342,1-HP:0004322,1-HP:0004322,2-HP:0000708,2-HP:0000708,2-HP:0001250,2-HP:0001250"
894,1599,HGNC:25523,CCDC88A,OMIM:617507,PEHO syndrome-like,HP:0000007,Autosomal recessive inheritance,Autosomal recessive,1,Yes,3/22/2016 0:00:00,Definitive,1,"1-HP:0000252,1-HP:0000707,1-HP:0001249,1-HP:0001250,1-HP:0001999,1-HP:0002011,1-HP:0002187,2-HP:0000478,2-HP:0000924"
895,1600,HGNC:29419,EARS2,OMIM:614924,Combined oxidative phosphorylation deficiency 12,HP:0000007,Autosomal recessive inheritance,Autosomal recessive,1,Yes,3/22/2016 0:00:00,Definitive,1,"1-HP:0000478,1-HP:0000707,1-HP:0000707,1-HP:0001249,1-HP:0001249,1-HP:0001250,1-HP:0001250,1-HP:0001939,1-HP:0001999,1-HP:0002011,1-HP:0002011,1-HP:0002376,1-HP:0012103"
896,1601,HGNC:29529,TBL1XR1,OMIM:602342,Pierpont syndrome,HP:0000006,Autosomal dominant inheritance,Autosomal dominant,1,Yes,3/22/2016 0:00:00,Definitive,1,"1-HP:0000252,1-HP:0000365,1-HP:0000478,1-HP:0000707,1-HP:0001249,1-HP:0001999,1-HP:0002342,1-HP:0004322,1-HP:0010864"
897,1602,HGNC:29010,SETD1A,OMIM:618832,"Epilepsy, early-onset, 2, with or without developmental delay",HP:0000006,Autosomal dominant inheritance,Autosomal dominant,1,Yes,3/22/2016 0:00:00,Definitive,1,"1-HP:0000478,1-HP:0000707,1-HP:0000708,1-HP:0001249,1-HP:0001250,1-HP:0001256,1-HP:0001574,1-HP:0001999,1-HP:0002011,1-HP:0002342,1-HP:0002715"
898,1603,HGNC:17097,EXOSC2,OMIM:617763,"Short stature, hearing loss, retinitis pigmentosa, and distinctive facies",HP:0000007,Autosomal recessive inheritance,Autosomal recessive,1,Yes,3/22/2016 0:00:00,Definitive,1,"1-HP:0000365,1-HP:0000478,1-HP:0000924,1-HP:0001249,1-HP:0001256,1-HP:0001999,1-HP:0002011,1-HP:0004322,2-HP:0000818,2-HP:0001574"
899,1604,HGNC:24858,MFF,OMIM:617086,Encephalopathy due to defective mitochondrial and peroxisomal fission 2,HP:0000007,Autosomal recessive inheritance,Autosomal recessive,1,Yes,3/22/2016 0:00:00,Definitive,1,"1-HP:0000252,1-HP:0000707,1-HP:0001249,1-HP:0001250,1-HP:0002011,1-HP:0003676,1-HP:0012103"
900,1605,HGNC:29068,KATNIP,OMIM:616784,Joubert syndrome 26,HP:0000007,Autosomal recessive inheritance,Autosomal recessive,1,Yes,3/22/2016 0:00:00,Definitive,1,"1-HP:0000202,1-HP:0000478,1-HP:0000707,1-HP:0000818,1-HP:0001249,1-HP:0001256,1-HP:0002011,1-HP:0002342"
901,1606,HGNC:2340,CRADD,OMIM:614499,"Intellectual developmental disorder, autosomal recessive 34, with variant lissencephaly",HP:0000007,Autosomal recessive inheritance,Autosomal recessive,1,Yes,3/22/2016 0:00:00,Definitive,1,"1-HP:0000256,1-HP:0001249,1-HP:0001250,1-HP:0002011,1-HP:0002342,1-HP:0006889"
902,1607,HGNC:25985,PIGG,OMIM:616917,"Neurodevelopmental disorder with or without hypotonia, seizures, and cerebellar atrophy",HP:0000007,Autosomal recessive inheritance,Autosomal recessive,1,Yes,3/22/2016 0:00:00,Definitive,1,"1-HP:0000478,1-HP:0000478,1-HP:0000707,1-HP:0000707,1-HP:0001249,1-HP:0001249,1-HP:0001250,1-HP:0001250,1-HP:0001256,1-HP:0001999,1-HP:0001999,1-HP:0002011,1-HP:0002011,1-HP:0002187,1-HP:0002187,1-HP:0002342,1-HP:0006889,1-HP:0010864,1-HP:0010864"
903,1608,HGNC:4651,GTF2E2,OMIM:616943,"Trichothiodystrophy 6, nonphotosensitive",HP:0000007,Autosomal recessive inheritance,Autosomal recessive,1,Yes,3/22/2016 0:00:00,Definitive,1,"1-HP:0000252,1-HP:0001249,1-HP:0001256,1-HP:0001574,1-HP:0001871,1-HP:0002342,1-HP:0004322"
904,1609,HGNC:18127,TUBGCP6,OMIM:251270,"Microcephaly and chorioretinopathy, autosomal recessive, 1",HP:0000007,Autosomal recessive inheritance,Autosomal recessive,1,Yes,3/22/2016 0:00:00,Definitive,1,"1-HP:0000252,1-HP:0000252,1-HP:0000252,1-HP:0000478,1-HP:0000478,1-HP:0000478,1-HP:0000924,1-HP:0000924,1-HP:0001249,1-HP:0001249,1-HP:0001249,1-HP:0001627,1-HP:0001627,1-HP:0001999,1-HP:0001999,1-HP:0002011,1-HP:0002011,1-HP:0002011,1-HP:0002342,1-HP:0002342,1-HP:0002342,1-HP:0004322,1-HP:0004322,1-HP:0004322,1-HP:0010864,1-HP:0010864,1-HP:0010864"
905,1610,HGNC:21701,BRAT1,OMIM:614498,"Rigidity and multifocal seizure syndrome, lethal neonatal",HP:0000007,Autosomal recessive inheritance,Autosomal recessive,1,Yes,3/22/2016 0:00:00,Definitive,1,"1-HP:0000252,1-HP:0000478,1-HP:0000707,1-HP:0000707,1-HP:0001249,1-HP:0001249,1-HP:0001250,1-HP:0001250,1-HP:0001999,1-HP:0002011,1-HP:0002187,1-HP:0002342,1-HP:0010864,1-HP:0011420,1-HP:0011420"
906,1611,HGNC:11397,PLK4,OMIM:616171,"Microcephaly and chorioretinopathy, autosomal recessive, 2",HP:0000007,Autosomal recessive inheritance,Autosomal recessive,1,Yes,3/22/2016 0:00:00,Definitive,1,"1-HP:0000252,1-HP:0000478,1-HP:0001249,1-HP:0002011,1-HP:0004322,1-HP:0010864"
907,1612,HGNC:16691,TUBGCP4,OMIM:616335,"Microcephaly and chorioretinopathy, autosomal recessive, 3",HP:0000007,Autosomal recessive inheritance,Autosomal recessive,1,Yes,3/22/2016 0:00:00,Definitive,1,"1-HP:0000478,1-HP:0001249,1-HP:0001256,1-HP:0002342,1-HP:0004322"
908,1613,HGNC:11049,SLC6A3,OMIM:613135,"Parkinsonism-dystonia, infantile, 1",HP:0000007,Autosomal recessive inheritance,Autosomal recessive,1,Yes,3/22/2016 0:00:00,Definitive,1,"1-HP:0000707,1-HP:0001249,1-HP:0003676,1-HP:0011420"
909,1614,HGNC:3010,DPP6,OMIM:616311,"Intellectual developmental disorder, autosomal dominant 33",HP:0000006,Autosomal dominant inheritance,Autosomal dominant,1,Yes,3/22/2016 0:00:00,Definitive,1,"1-HP:0000252,1-HP:0001249,1-HP:0001256,1-HP:0004322"
910,1615,HGNC:13818,SLC12A5,OMIM:616645,Developmental and epileptic encephalopathy 34,HP:0000007,Autosomal recessive inheritance,Autosomal recessive,1,Yes,3/22/2016 0:00:00,Definitive,1,"1-HP:0000252,1-HP:0000707,1-HP:0001249,1-HP:0001250,1-HP:0002011,1-HP:0002342,1-HP:0002376,1-HP:0010864"
911,1616,HGNC:6231,KCNB1,OMIM:616056,Developmental and epileptic encephalopathy 26,HP:0000006,Autosomal dominant inheritance,Autosomal dominant,1,Yes,3/22/2016 0:00:00,Definitive,1,"1-HP:0000708,1-HP:0000708,1-HP:0001249,1-HP:0001249,1-HP:0001250,1-HP:0001250,1-HP:0001256,1-HP:0001256,1-HP:0002342,1-HP:0002342"
912,1617,HGNC:6176,ITPA,OMIM:616647,Developmental and epileptic encephalopathy 35,HP:0000007,Autosomal recessive inheritance,Autosomal recessive,1,Yes,3/22/2016 0:00:00,Definitive,1,"1-HP:0000252,1-HP:0000252,1-HP:0000478,1-HP:0000707,1-HP:0000707,1-HP:0001249,1-HP:0001250,1-HP:0001250,1-HP:0001627,1-HP:0002011,1-HP:0002011,1-HP:0002342,1-HP:0002342,1-HP:0002376,1-HP:0003676,1-HP:0010864,1-HP:0010864,1-HP:0011420,1-HP:0011420,3-HP:0001249"
913,1618,HGNC:9215,POU3F2,MONDO:0001071,intellectual disability,HP:0000006,Autosomal dominant inheritance,Autosomal dominant,1,Yes,3/22/2016 0:00:00,Definitive,1,"1-HP:0000708,1-HP:0001249,1-HP:0001249,1-HP:0001256,1-HP:0001513,1-HP:0006889,2-HP:0000077,2-HP:0000818"
914,1619,HGNC:11097,SMARCA1,MONDO:0001071,intellectual disability,HP:0001417,X-linked other inheritance,X-linked,1,Yes,3/22/2016 0:00:00,Definitive,1,"1-HP:0000098,1-HP:0000256,1-HP:0000708,1-HP:0001249,1-HP:0001249,1-HP:0001250,1-HP:0001256,1-HP:0001513,1-HP:0001999,1-HP:0001999,1-HP:0002342,1-HP:0006889,1-HP:0010864,2-HP:0001548,2-HP:0002011,2-HP:0002376"
915,1620,HGNC:4851,HTT,OMIM:617435,Lopes-Maciel-Rodan syndrome,HP:0000007,Autosomal recessive inheritance,Autosomal recessive,1,Yes,3/22/2016 0:00:00,Definitive,1,"1-HP:0000707,1-HP:0000708,1-HP:0001249,1-HP:0001250,1-HP:0002342,1-HP:0002376,1-HP:0010864"
916,1622,HGNC:18756,RHOBTB2,OMIM:618004,Developmental and epileptic encephalopathy 64,HP:0000006,Autosomal dominant inheritance,Autosomal dominant,1,Yes,3/22/2016 0:00:00,Definitive,1,"1-HP:0000252,1-HP:0000252,1-HP:0000707,1-HP:0000707,1-HP:0000708,1-HP:0001249,1-HP:0001249,1-HP:0001250,1-HP:0001250,1-HP:0001256,1-HP:0002011,1-HP:0002011,1-HP:0002187,1-HP:0002342,1-HP:0002376,1-HP:0002376,1-HP:0004322,1-HP:0010864"
917,1625,HGNC:12630,USP7,OMIM:616863,Hao-Fountain syndrome,HP:0000006,Autosomal dominant inheritance,Autosomal dominant,1,Yes,3/22/2016 0:00:00,Definitive,1,"1-HP:0000119,1-HP:0000119,1-HP:0000119,1-HP:0000478,1-HP:0000478,1-HP:0000478,1-HP:0000707,1-HP:0000707,1-HP:0000707,1-HP:0000708,1-HP:0000708,1-HP:0000818,1-HP:0000818,1-HP:0000818,1-HP:0000924,1-HP:0000924,1-HP:0001249,1-HP:0001249,1-HP:0001249,1-HP:0001250,1-HP:0001250,1-HP:0001250,1-HP:0001999,1-HP:0001999,1-HP:0002011,1-HP:0002011,1-HP:0002011,1-HP:0002342,1-HP:0006889,1-HP:0011024,1-HP:0011024,2-HP:0004322"
918,1630,HGNC:30587,SNIP1,OMIM:614501,"Neurodevelopmental disorder with hypotonia, craniofacial abnormalities, and seizures",HP:0000007,Autosomal recessive inheritance,Autosomal recessive,1,Yes,3/22/2016 0:00:00,Definitive,1,"1-HP:0000118,1-HP:0000365,1-HP:0000478,1-HP:0000707,1-HP:0000708,1-HP:0000818,1-HP:0001249,1-HP:0001250,1-HP:0001627,1-HP:0001999,1-HP:0002011,1-HP:0002342,1-HP:0004322,1-HP:0010864"
919,1631,HGNC:24682,FLVCR1,OMIM:609033,Retinopathy-sensory neuropathy syndrome,HP:0000007,Autosomal recessive inheritance,Autosomal recessive,1,Yes,3/22/2016 0:00:00,Definitive,1,"1-HP:0000252,1-HP:0000252,1-HP:0000707,1-HP:0000707,1-HP:0000924,1-HP:0000924,1-HP:0001249,1-HP:0001249,1-HP:0001249,1-HP:0001250,1-HP:0001250,1-HP:0001256,1-HP:0001256,1-HP:0001871,1-HP:0001871,1-HP:0002011,1-HP:0002011,1-HP:0002187,1-HP:0002187,1-HP:0002342,1-HP:0002342,1-HP:0003676,1-HP:0003676,1-HP:0006889,1-HP:0006889,1-HP:0010864,1-HP:0010864,1-HP:0011420,1-HP:0011420"
920,1632,HGNC:12632,USP9X,OMIM:300968,"Intellectual developmental disorder, X-linked 99, syndromic, female-restricted",HP:0001423,X-linked dominant inheritance,X-linked,1,Yes,3/23/2016 0:00:00,Definitive,1,"1-HP:0000119,1-HP:0000202,1-HP:0000365,1-HP:0000478,1-HP:0000707,1-HP:0000818,1-HP:0000924,1-HP:0001249,1-HP:0001256,1-HP:0001627,1-HP:0001999,1-HP:0002011,1-HP:0002342,1-HP:0004322,1-HP:0040064,2-HP:0001250"
921,1633,HGNC:4586,GRIN2B,OMIM:616139,Developmental and epileptic encephalopathy 27,HP:0000006,Autosomal dominant inheritance,Autosomal dominant,1,Yes,3/23/2016 0:00:00,Definitive,1,"1-HP:0000707,1-HP:0000707,1-HP:0000708,1-HP:0000708,1-HP:0001249,1-HP:0001249,1-HP:0001250,1-HP:0001250,1-HP:0002011,1-HP:0002342,1-HP:0002342,1-HP:0010864,1-HP:0010864"
922,1635,HGNC:20492,COA8,OMIM:619061,"Mitochondrial complex IV deficiency, nuclear type 17",HP:0000007,Autosomal recessive inheritance,Autosomal recessive,1,Yes,3/24/2016 0:00:00,Definitive,1,"1-HP:0000707,1-HP:0001249,1-HP:0001250,1-HP:0002011,1-HP:0002376,1-HP:0012103"
923,1636,HGNC:40038,PET100,OMIM:619055,"Mitochondrial complex IV deficiency, nuclear type 12",HP:0000007,Autosomal recessive inheritance,Autosomal recessive,1,Yes,3/24/2016 0:00:00,Definitive,1,"1-HP:0001249,1-HP:0001250,1-HP:0001939,1-HP:0002011,1-HP:0003676,1-HP:0011420,1-HP:0012103"
924,1637,HGNC:20278,NUBPL,OMIM:618242,"Mitochondrial complex I deficiency, nuclear type 21",HP:0000007,Autosomal recessive inheritance,Autosomal recessive,1,Yes,3/24/2016 0:00:00,Definitive,1,"1-HP:0000707,1-HP:0001249,1-HP:0002011,1-HP:0002376,1-HP:0003676,1-HP:0012103"
925,1638,HGNC:15899,NDUFAF5,OMIM:618238,"Mitochondrial complex I deficiency, nuclear type 16",HP:0000007,Autosomal recessive inheritance,Autosomal recessive,1,Yes,3/24/2016 0:00:00,Definitive,1,"1-HP:0000707,1-HP:0001249,1-HP:0002011,1-HP:0002376,1-HP:0011420,1-HP:0012103,3-HP:0002342"
926,1640,HGNC:29160,FASTKD2,OMIM:618855,Combined oxidative phosphorylation deficiency 44,HP:0000007,Autosomal recessive inheritance,Autosomal recessive,1,Yes,3/24/2016 0:00:00,Definitive,1,"1-HP:0000707,1-HP:0001249,1-HP:0001250,1-HP:0001939,1-HP:0002011,2-HP:0003676"
927,1642,HGNC:24316,TACO1,OMIM:619052,"Mitochondrial complex IV deficiency, nuclear type 8",HP:0000007,Autosomal recessive inheritance,Autosomal recessive,1,Yes,3/24/2016 0:00:00,Definitive,1,"1-HP:0000707,1-HP:0001249,1-HP:0002011,1-HP:0002376,1-HP:0003011,1-HP:0003676,1-HP:0012103"
928,1644,HGNC:7698,NDUFB3,OMIM:618246,"Mitochondrial complex I deficiency, nuclear type 25",HP:0000007,Autosomal recessive inheritance,Autosomal recessive,1,Yes,3/24/2016 0:00:00,Definitive,1,"1-HP:0000707,1-HP:0001249,1-HP:0001939,1-HP:0003011,1-HP:0011420,1-HP:0012103"
929,1645,HGNC:28086,NDUFAF2,OMIM:618233,"Mitochondrial complex I deficiency, nuclear type 10",HP:0000007,Autosomal recessive inheritance,Autosomal recessive,1,Yes,3/24/2016 0:00:00,Definitive,1,"1-HP:0000707,1-HP:0001249,1-HP:0001250,1-HP:0002011,1-HP:0002376,1-HP:0003676,1-HP:0011420,1-HP:0012103"
930,1647,HGNC:26927,FOXRED1,OMIM:618241,"Mitochondrial complex I deficiency, nuclear type 19",HP:0000007,Autosomal recessive inheritance,Autosomal recessive,1,Yes,3/24/2016 0:00:00,Definitive,1,"1-HP:0001249,1-HP:0001250,1-HP:0003011,1-HP:0012103"
931,1649,HGNC:7717,NDUFV2,OMIM:618229,"Mitochondrial complex I deficiency, nuclear type 7",HP:0000007,Autosomal recessive inheritance,Autosomal recessive,1,Yes,3/24/2016 0:00:00,Definitive,1,"1-HP:0000252,1-HP:0000252,1-HP:0000707,1-HP:0000707,1-HP:0001249,1-HP:0001250,1-HP:0001250,1-HP:0001939,1-HP:0001939,1-HP:0002011,1-HP:0002011,1-HP:0002376,1-HP:0002376,1-HP:0003011,1-HP:0003011,1-HP:0003676,1-HP:0003676,1-HP:0011420,1-HP:0011420,1-HP:0012103,3-HP:0001249"
932,1654,HGNC:25774,TCTN2,OMIM:616654,Joubert syndrome 24,HP:0000007,Autosomal recessive inheritance,Autosomal recessive,1,Yes,3/24/2016 0:00:00,Definitive,1,"1-HP:0000707,1-HP:0001249,1-HP:0001256,1-HP:0002011,1-HP:0002342,1-HP:0040064"
933,1657,HGNC:8522,OTX2,OMIM:610125_1,"Microphthalmia, syndromic 5",HP:0000006,Autosomal dominant inheritance,Autosomal dominant,1,Yes,3/24/2016 0:00:00,Definitive,1,"1-HP:0000478,1-HP:0001249,1-HP:0001250,1-HP:0001256,1-HP:0002011,1-HP:0002342,2-HP:0000707"
934,1660,HGNC:10671,SDCCAG8,OMIM:615993,Bardet-Biedl syndrome 16,HP:0000007,Autosomal recessive inheritance,Autosomal recessive,1,Yes,3/24/2016 0:00:00,Definitive,1,"1-HP:0000077,1-HP:0000119,1-HP:0000478,1-HP:0001249,1-HP:0001256,1-HP:0001513,1-HP:0002342,1-HP:0004322"
935,1661,HGNC:15925,SAMHD1,OMIM:612952,Aicardi-Goutieres syndrome 5,HP:0000007,Autosomal recessive inheritance,Autosomal recessive,1,Yes,3/24/2016 0:00:00,Definitive,1,"1-HP:0000707,1-HP:0001249,1-HP:0001256,1-HP:0002011,1-HP:0004322,2-HP:0001574"
936,1664,HGNC:6217,KATNB1,OMIM:616212,"Lissencephaly 6, with microcephaly",HP:0000007,Autosomal recessive inheritance,Autosomal recessive,1,Yes,3/24/2016 0:00:00,Definitive,1,"1-HP:0000252,1-HP:0000707,1-HP:0001249,1-HP:0001250,1-HP:0001999,1-HP:0002011,1-HP:0010864"
937,1666,HGNC:25815,CEP63,OMIM:614728,?Seckel syndrome 6,HP:0000007,Autosomal recessive inheritance,Autosomal recessive,1,Yes,3/24/2016 0:00:00,Definitive,1,"1-HP:0000252,1-HP:0000252,1-HP:0001249,1-HP:0001249,1-HP:0001256,1-HP:0001256,1-HP:0001999,1-HP:0002342,1-HP:0002342,1-HP:0004322,1-HP:0004322,2-HP:0000708"
938,1672,HGNC:2666,DAG1,OMIM:616538,"Muscular dystrophy-dystroglycanopathy (congenital with brain and eye anomalies), type A, 9",HP:0000007,Autosomal recessive inheritance,Autosomal recessive,1,Yes,3/24/2016 0:00:00,Definitive,1,"1-HP:0000478,1-HP:0001249,1-HP:0002011,1-HP:0002342,1-HP:0003011,1-HP:0010864,1-HP:0011420"
939,1674,HGNC:14857,COG5,OMIM:613612,"Congenital disorder of glycosylation, type IIi",HP:0000007,Autosomal recessive inheritance,Autosomal recessive,1,Yes,3/24/2016 0:00:00,Definitive,1,"1-HP:0000118,1-HP:0000707,1-HP:0001249,1-HP:0002011,2-HP:0000252,2-HP:0001250,3-HP:0002342"
940,1678,HGNC:32456,ALG11,OMIM:613661,"Congenital disorder of glycosylation, type Ip",HP:0000007,Autosomal recessive inheritance,Autosomal recessive,1,Yes,3/24/2016 0:00:00,Definitive,1,"1-HP:0000707,1-HP:0001249,1-HP:0001250,1-HP:0001939,1-HP:0003011,1-HP:0010864"
941,1679,HGNC:24928,VPS37A,OMIM:614898,"Spastic paraplegia 53, autosomal recessive",HP:0000007,Autosomal recessive inheritance,Autosomal recessive,1,Yes,3/24/2016 0:00:00,Definitive,1,"1-HP:0000707,1-HP:0001249,1-HP:0001256,1-HP:0003676,2-HP:0000924,2-HP:0001574"
942,1680,HGNC:8022,NT5C2,OMIM:613162,"Spastic paraplegia 45, autosomal recessive",HP:0000007,Autosomal recessive inheritance,Autosomal recessive,1,Yes,3/24/2016 0:00:00,Definitive,1,"1-HP:0000707,1-HP:0001249,1-HP:0001256,1-HP:0002011,1-HP:0002342,2-HP:0000252"
943,1681,HGNC:20582,CYP2U1,OMIM:615030,"Spastic paraplegia 56, autosomal recessive",HP:0000007,Autosomal recessive inheritance,Autosomal recessive,1,Yes,3/24/2016 0:00:00,Definitive,1,"1-HP:0000707,1-HP:0001249,1-HP:0002011"
944,1683,HGNC:9722,ALDH18A1,OMIM:616586,"Spastic paraplegia 9B, autosomal recessive",HP:0000007,Autosomal recessive inheritance,Autosomal recessive,1,Yes,3/24/2016 0:00:00,Definitive,1,"1-HP:0000252,1-HP:0000707,1-HP:0001249,1-HP:0001256,1-HP:0002342,1-HP:0003676"
945,1684,HGNC:18986,GBA2,OMIM:614409,"Spastic paraplegia 46, autosomal recessive",HP:0000007,Autosomal recessive inheritance,Autosomal recessive,1,Yes,3/24/2016 0:00:00,Definitive,1,"1-HP:0000365,1-HP:0000478,1-HP:0000707,1-HP:0001249,1-HP:0002011,1-HP:0002376,1-HP:0003676,3-HP:0001256,3-HP:0002342"
946,1685,HGNC:6233,KCNC1,OMIM:616187,"Epilepsy, progressive myoclonic 7",HP:0000006,Autosomal dominant inheritance,Autosomal dominant,1,Yes,8/1/2016 0:00:00,Definitive,1,"1-HP:0000707,1-HP:0001249,1-HP:0001250,1-HP:0001256,1-HP:0002342,1-HP:0002376,1-HP:0003676,1-HP:0010864,2-HP:0002011"
947,1686,HGNC:7871,NONO,OMIM:300967,"Intellectual developmental disorder, X-linked syndromic 34",HP:0001417,X-linked other inheritance,X-linked,1,Yes,8/1/2016 0:00:00,Definitive,1,"1-HP:0000119,1-HP:0000119,1-HP:0000256,1-HP:0000256,1-HP:0000256,1-HP:0000365,1-HP:0000365,1-HP:0000478,1-HP:0000478,1-HP:0000707,1-HP:0000707,1-HP:0000707,1-HP:0000708,1-HP:0000708,1-HP:0000924,1-HP:0000924,1-HP:0001249,1-HP:0001249,1-HP:0001249,1-HP:0001256,1-HP:0001256,1-HP:0001256,1-HP:0001627,1-HP:0001627,1-HP:0001627,1-HP:0001999,1-HP:0001999,1-HP:0002011,1-HP:0002011,1-HP:0002011,1-HP:0002342,1-HP:0002342,1-HP:0002342,1-HP:0002715,1-HP:0002715,1-HP:0004322,1-HP:0004322,2-HP:0003011,2-HP:0003011,2-HP:0003011,3-HP:0001871,3-HP:0001871,3-HP:0011024,3-HP:0011024"
948,1687,HGNC:11183,SON,OMIM:617140,ZTTK syndrome,HP:0000006,Autosomal dominant inheritance,Autosomal dominant,1,Yes,8/1/2016 0:00:00,Definitive,1,"1-HP:0000077,1-HP:0000118,1-HP:0000119,1-HP:0000478,1-HP:0000707,1-HP:0000924,1-HP:0001249,1-HP:0001250,1-HP:0001627,1-HP:0001999,1-HP:0002011,1-HP:0004322,3-HP:0001256"
949,1688,HGNC:25784,DCAF17,OMIM:241080,Woodhouse-Sakati syndrome,HP:0000007,Autosomal recessive inheritance,Autosomal recessive,1,Yes,8/1/2016 0:00:00,Definitive,1,"1-HP:0000365,1-HP:0000365,1-HP:0000478,1-HP:0000478,1-HP:0000707,1-HP:0000707,1-HP:0000818,1-HP:0000818,1-HP:0001249,1-HP:0001249,1-HP:0001256,1-HP:0001256,1-HP:0001574,1-HP:0001574,1-HP:0002011,1-HP:0002011,1-HP:0002342,1-HP:0002342,1-HP:0002376,1-HP:0002376"
950,1689,HGNC:3705,FIBP,OMIM:617107,Thauvin-Robinet-Faivre syndrome,HP:0000007,Autosomal recessive inheritance,Autosomal recessive,1,Yes,8/1/2016 0:00:00,Definitive,1,"1-HP:0000077,1-HP:0000119,1-HP:0001249,1-HP:0001256,1-HP:0001548,1-HP:0002342,2-HP:0000478,2-HP:0002664"
951,1690,HGNC:14583,VPS11,OMIM:616683,"Leukodystrophy, hypomyelinating, 12",HP:0000007,Autosomal recessive inheritance,Autosomal recessive,1,Yes,8/1/2016 0:00:00,Definitive,1,"1-HP:0000252,1-HP:0000707,1-HP:0001249,1-HP:0002011,1-HP:0002342,1-HP:0010864"
952,1691,HGNC:4867,HERC1,OMIM:617011,"Macrocephaly, dysmorphic facies, and psychomotor retardation",HP:0000007,Autosomal recessive inheritance,Autosomal recessive,1,Yes,8/1/2016 0:00:00,Definitive,1,"1-HP:0000256,1-HP:0000707,1-HP:0001249,1-HP:0001250,1-HP:0001548,1-HP:0002011,1-HP:0010864"
953,1692,HGNC:30765,TNIK,OMIM:617028,"Intellectual developmental disorder, autosomal recessive 54",HP:0000007,Autosomal recessive inheritance,Autosomal recessive,1,Yes,8/2/2016 0:00:00,Definitive,1,"1-HP:0001249,1-HP:0001256,1-HP:0002342"
954,1693,HGNC:28369,THOC6,OMIM:613680,Beaulieu-Boycott-Innes syndrome,HP:0000007,Autosomal recessive inheritance,Autosomal recessive,1,Yes,8/2/2016 0:00:00,Definitive,1,"1-HP:0000077,1-HP:0000119,1-HP:0000202,1-HP:0000252,1-HP:0001249,1-HP:0001627,1-HP:0001999,1-HP:0002011,1-HP:0002342,1-HP:0010864"
955,1694,HGNC:2494,CTBP1,OMIM:617915,"Hypotonia, ataxia, developmental delay, and tooth enamel defect syndrome",HP:0000006,Autosomal dominant inheritance,Autosomal dominant,1,Yes,8/2/2016 0:00:00,Definitive,1,"1-HP:0000707,1-HP:0001249,1-HP:0001256,1-HP:0002011,1-HP:0002342,1-HP:0004322"
956,1695,HGNC:25461,PUS3,OMIM:617051,Neurodevelopmental disorder with microcephaly and gray sclerae,HP:0000007,Autosomal recessive inheritance,Autosomal recessive,1,Yes,8/2/2016 0:00:00,Definitive,1,"1-HP:0000252,1-HP:0000252,1-HP:0000924,1-HP:0001249,1-HP:0001249,1-HP:0001250,1-HP:0001250,1-HP:0001999,1-HP:0001999,1-HP:0002011,1-HP:0002011,1-HP:0002342,1-HP:0004322,1-HP:0004322,1-HP:0010864,4-HP:0001250"
957,1696,HGNC:25613,CWF19L1,OMIM:616127,"Spinocerebellar ataxia, autosomal recessive 17",HP:0000007,Autosomal recessive inheritance,Autosomal recessive,1,Yes,8/2/2016 0:00:00,Definitive,1,"1-HP:0000478,1-HP:0000707,1-HP:0000707,1-HP:0001249,1-HP:0001249,1-HP:0001250,1-HP:0001256,1-HP:0002011,1-HP:0002011,1-HP:0002187,1-HP:0002342,1-HP:0002376,1-HP:0006889,1-HP:0010864"
958,1697,HGNC:5330,IARS1,OMIM:617093,"Growth retardation, impaired intellectual development, hypotonia, and hepatopathy",HP:0000007,Autosomal recessive inheritance,Autosomal recessive,1,Yes,8/2/2016 0:00:00,Definitive,1,"1-HP:0000365,1-HP:0000707,1-HP:0001249,1-HP:0002342,1-HP:0004322"
959,1698,HGNC:6859,MAP3K7,OMIM:617137,Frontometaphyseal dysplasia 2,HP:0000006,Autosomal dominant inheritance,Autosomal dominant,1,Yes,8/2/2016 0:00:00,Definitive,1,"1-HP:0000202,1-HP:0000365,1-HP:0000924,1-HP:0001249,1-HP:0001999,1-HP:0040064"
960,1699,HGNC:11834,TKT,OMIM:617044,"Short stature, developmental delay, and congenital heart defects",HP:0000007,Autosomal recessive inheritance,Autosomal recessive,1,Yes,8/2/2016 0:00:00,Definitive,1,"1-HP:0000708,1-HP:0001249,1-HP:0001256,1-HP:0001627,1-HP:0002342,1-HP:0004322"
961,1700,HGNC:1362,FRRS1L,OMIM:616981,Developmental and epileptic encephalopathy 37,HP:0000007,Autosomal recessive inheritance,Autosomal recessive,1,Yes,8/2/2016 0:00:00,Definitive,1,"1-HP:0000707,1-HP:0001249,1-HP:0001250,1-HP:0002011,1-HP:0002376,1-HP:0010864"
962,1701,HGNC:29099,TELO2,OMIM:616954,You-Hoover-Fong syndrome,HP:0000007,Autosomal recessive inheritance,Autosomal recessive,1,Yes,8/2/2016 0:00:00,Definitive,1,"1-HP:0000252,1-HP:0000252,1-HP:0000365,1-HP:0000365,1-HP:0000478,1-HP:0000707,1-HP:0000707,1-HP:0000708,1-HP:0000818,1-HP:0000924,1-HP:0000924,1-HP:0001249,1-HP:0001249,1-HP:0001256,1-HP:0001574,1-HP:0001627,1-HP:0001627,1-HP:0001871,1-HP:0001999,1-HP:0002011,1-HP:0002342,1-HP:0002342,1-HP:0002715,1-HP:0010864,1-HP:0010864,1-HP:0011024,2-HP:0001250"
963,1702,HGNC:4396,GNB1,OMIM:616973,"Intellectual developmental disorder, autosomal dominant 42",HP:0000006,Autosomal dominant inheritance,Autosomal dominant,1,Yes,8/2/2016 0:00:00,Definitive,1,"1-HP:0000119,1-HP:0000256,1-HP:0000478,1-HP:0000478,1-HP:0000707,1-HP:0000707,1-HP:0000708,1-HP:0000708,1-HP:0000924,1-HP:0001249,1-HP:0001249,1-HP:0001250,1-HP:0001250,1-HP:0001256,1-HP:0001256,1-HP:0002011,1-HP:0002342,1-HP:0002342,1-HP:0004322,1-HP:0004322,1-HP:0011024"
964,1703,HGNC:6180,ITPR1,OMIM:206700_2,Gillespie syndrome,HP:0000007,Autosomal recessive inheritance,Autosomal recessive,1,Yes,8/2/2016 0:00:00,Definitive,1,"1-HP:0000478,1-HP:0000707,1-HP:0001249,1-HP:0001256,1-HP:0002011,1-HP:0002342,1-HP:0003676"
965,1705,HGNC:6180,ITPR1,OMIM:117360,"Spinocerebellar ataxia 29, congenital nonprogressive",HP:0000006,Autosomal dominant inheritance,Autosomal dominant,1,Yes,8/2/2016 0:00:00,Definitive,1,"1-HP:0000707,1-HP:0001249,1-HP:0001256,1-HP:0002011,1-HP:0002342"
966,1706,HGNC:9965,RERE,OMIM:616975,"Neurodevelopmental disorder with or without anomalies of the brain, eye, or heart",HP:0000006,Autosomal dominant inheritance,Autosomal dominant,1,Yes,8/2/2016 0:00:00,Definitive,1,"1-HP:0000119,1-HP:0000478,1-HP:0000478,1-HP:0000707,1-HP:0000708,1-HP:0000924,1-HP:0001249,1-HP:0001249,1-HP:0001256,1-HP:0001627,1-HP:0001627,1-HP:0001999,1-HP:0002011,1-HP:0002011,1-HP:0002342,1-HP:0011024,2-HP:0000098,2-HP:0000252,2-HP:0000256,2-HP:0001250,2-HP:0004322,3-HP:0000365,3-HP:0004322"
967,1707,HGNC:25763,SMG9,OMIM:616920,Heart and brain malformation syndrome,HP:0000007,Autosomal recessive inheritance,Autosomal recessive,1,Yes,8/2/2016 0:00:00,Definitive,1,"1-HP:0000478,1-HP:0000707,1-HP:0001249,1-HP:0001249,1-HP:0001627,1-HP:0001627,1-HP:0001999,1-HP:0001999,1-HP:0002011,1-HP:0002011,1-HP:0002187,1-HP:0002187,1-HP:0002342,1-HP:0010864,1-HP:0011420,1-HP:0011420"
968,1708,HGNC:19353,SIN3A,OMIM:613406,Witteveen-Kolk syndrome,HP:0000006,Autosomal dominant inheritance,Autosomal dominant,1,Yes,8/2/2016 0:00:00,Definitive,1,"1-HP:0000252,1-HP:0000707,1-HP:0000708,1-HP:0001249,1-HP:0001256,1-HP:0001999,1-HP:0002011,1-HP:0004322"
969,1709,HGNC:19237,NANS,OMIM:610442,"Spondyloepimetaphyseal dysplasia, Genevieve type",HP:0000007,Autosomal recessive inheritance,Autosomal recessive,1,Yes,8/2/2016 0:00:00,Definitive,1,"1-HP:0000478,1-HP:0000707,1-HP:0000924,1-HP:0001249,1-HP:0001250,1-HP:0001871,1-HP:0001999,1-HP:0002011,1-HP:0002342,1-HP:0002715,1-HP:0004322,1-HP:0011024"
970,1710,HGNC:1348,SAMD9,OMIM:617053,MIRAGE syndrome,HP:0000006,Autosomal dominant inheritance,Autosomal dominant,1,Yes,8/2/2016 0:00:00,Definitive,1,"1-HP:0000077,1-HP:0000119,1-HP:0000818,1-HP:0001249,1-HP:0002270,1-HP:0002715,1-HP:0011420,2-HP:0002664,3-HP:0002342"
971,1712,HGNC:29561,ARV1,OMIM:617020,Developmental and epileptic encephalopathy 38,HP:0000007,Autosomal recessive inheritance,Autosomal recessive,1,Yes,8/2/2016 0:00:00,Definitive,1,"1-HP:0000478,1-HP:0000707,1-HP:0001249,1-HP:0001250,1-HP:0002011,1-HP:0002187,1-HP:0002342,1-HP:0002376,1-HP:0010864,1-HP:0011420"
972,1713,HGNC:29853,HECW2,OMIM:617268,"Neurodevelopmental disorder with hypotonia, seizures, and absent language",HP:0000006,Autosomal dominant inheritance,Autosomal dominant,1,Yes,8/2/2016 0:00:00,Definitive,1,"1-HP:0000478,1-HP:0000707,1-HP:0000708,1-HP:0001249,1-HP:0001250,1-HP:0002011,1-HP:0002342,1-HP:0010864,1-HP:0011024"
973,1714,HGNC:1733,CDK13,OMIM:617360,"Congenital heart defects, dysmorphic facial features, and intellectual developmental disorder",HP:0000006,Autosomal dominant inheritance,Autosomal dominant,1,Yes,8/3/2016 0:00:00,Definitive,1,"1-HP:0000077,1-HP:0000077,1-HP:0000119,1-HP:0000119,1-HP:0000119,1-HP:0000478,1-HP:0000478,1-HP:0000478,1-HP:0000707,1-HP:0000707,1-HP:0000707,1-HP:0000708,1-HP:0000708,1-HP:0000924,1-HP:0000924,1-HP:0000924,1-HP:0001249,1-HP:0001249,1-HP:0001249,1-HP:0001256,1-HP:0001256,1-HP:0001256,1-HP:0001513,1-HP:0001627,1-HP:0001627,1-HP:0001627,1-HP:0001999,1-HP:0001999,1-HP:0001999,1-HP:0002011,1-HP:0002011,1-HP:0002342,1-HP:0002715,1-HP:0004322,2-HP:0000252,2-HP:0000252"
974,1716,HGNC:2457,CSNK2A1,OMIM:617062,Okur-Chung neurodevelopmental syndrome,HP:0000006,Autosomal dominant inheritance,Autosomal dominant,1,Yes,8/3/2016 0:00:00,Definitive,1,"1-HP:0000252,1-HP:0000252,1-HP:0000252,1-HP:0000707,1-HP:0000707,1-HP:0000707,1-HP:0000708,1-HP:0000708,1-HP:0000708,1-HP:0001249,1-HP:0001249,1-HP:0001249,1-HP:0001256,1-HP:0001256,1-HP:0001256,1-HP:0001999,1-HP:0001999,1-HP:0001999,1-HP:0002011,1-HP:0002011,1-HP:0002011,1-HP:0002342,1-HP:0002342,1-HP:0002342,1-HP:0002715,1-HP:0011024,1-HP:0011024,1-HP:0011024,2-HP:0002270,2-HP:0002270,2-HP:0002715,2-HP:0002715"
975,1717,HGNC:7879,CNOT3,OMIM:618672,"Intellectual developmental disorder with speech delay, autism, and dysmorphic facies",HP:0000006,Autosomal dominant inheritance,Autosomal dominant,1,Yes,8/3/2016 0:00:00,Definitive,1,"1-HP:0000252,1-HP:0000707,1-HP:0000708,1-HP:0001249,1-HP:0001256,1-HP:0001999,1-HP:0002342,2-HP:0000924"
976,1718,HGNC:7370,MSL3,OMIM:301032,Basilicata-Akhtar syndrome,HP:0001417,X-linked other inheritance,X-linked,1,Yes,8/3/2016 0:00:00,Definitive,1,"1-HP:0000256,1-HP:0000707,1-HP:0000708,1-HP:0001249,1-HP:0001256,1-HP:0001999,1-HP:0002011,1-HP:0011024,2-HP:0003676"
977,1719,HGNC:17042,PUF60,OMIM:615583,Verheij syndrome,HP:0000006,Autosomal dominant inheritance,Autosomal dominant,1,Yes,8/3/2016 0:00:00,Definitive,1,"1-HP:0000252,1-HP:0000365,1-HP:0000478,1-HP:0000924,1-HP:0001249,1-HP:0001249,1-HP:0001250,1-HP:0001256,1-HP:0001256,1-HP:0001627,1-HP:0001999,1-HP:0001999,1-HP:0002011,1-HP:0002342,1-HP:0002342,1-HP:0004322,1-HP:0004322,3-HP:0000077"
978,1720,HGNC:1919,CHD4,OMIM:617159,Sifrim-Hitz-Weiss syndrome,HP:0000006,Autosomal dominant inheritance,Autosomal dominant,1,Yes,8/3/2016 0:00:00,Definitive,1,"1-HP:0000256,1-HP:0000478,1-HP:0000818,1-HP:0000924,1-HP:0001249,1-HP:0001627,1-HP:0001999,1-HP:0002011,3-HP:0001256,3-HP:0002342"
979,1721,HGNC:10760,SET,OMIM:618106,"Intellectual developmental disorder, autosomal dominant 58",HP:0000006,Autosomal dominant inheritance,Autosomal dominant,1,Yes,8/3/2016 0:00:00,Definitive,1,"1-HP:0001249,1-HP:0001249,1-HP:0001250,1-HP:0001256,1-HP:0001256,1-HP:0001999,1-HP:0002342,1-HP:0002342"
980,1722,HGNC:24713,QRICH1,OMIM:617982,Ververi-Brady syndrome,HP:0000006,Autosomal dominant inheritance,Autosomal dominant,1,Yes,8/3/2016 0:00:00,Definitive,1,"1-HP:0000252,1-HP:0000707,1-HP:0000708,1-HP:0000708,1-HP:0000924,1-HP:0001249,1-HP:0001249,1-HP:0001249,1-HP:0001250,1-HP:0001250,1-HP:0001256,1-HP:0001256,1-HP:0001256,1-HP:0001999,1-HP:0001999,1-HP:0001999,1-HP:0002011,1-HP:0002342,1-HP:0004322,1-HP:0004322,1-HP:0004322,1-HP:0006889,4-HP:0000252,4-HP:0000924"
981,1723,HGNC:14312,CRIPT,OMIM:615789,"Rothmund-Thomson syndrome, type 3",HP:0000007,Autosomal recessive inheritance,Autosomal recessive,1,Yes,8/3/2016 0:00:00,Definitive,1,"1-HP:0000252,1-HP:0000252,1-HP:0000478,1-HP:0000924,1-HP:0000924,1-HP:0001249,1-HP:0001249,1-HP:0001256,1-HP:0001256,1-HP:0001574,1-HP:0001574,1-HP:0001871,1-HP:0001999,1-HP:0001999,1-HP:0002011,1-HP:0002011,1-HP:0002342,1-HP:0002342,1-HP:0002715,1-HP:0004322,1-HP:0004322,1-HP:0040064"
982,1724,HGNC:30172,STRADA,OMIM:611087,"Polyhydramnios, megalencephaly, and symptomatic epilepsy",HP:0000007,Autosomal recessive inheritance,Autosomal recessive,1,Yes,8/3/2016 0:00:00,Definitive,1,"1-HP:0000256,1-HP:0001249,1-HP:0001250,1-HP:0001999,1-HP:0002342,1-HP:0010864,2-HP:0001627,2-HP:0011420"
983,1725,HGNC:21406,RARS2,OMIM:611523,"Pontocerebellar hypoplasia, type 6",HP:0000007,Autosomal recessive inheritance,Autosomal recessive,1,Yes,8/3/2016 0:00:00,Definitive,1,"1-HP:0000252,1-HP:0000252,1-HP:0000707,1-HP:0000707,1-HP:0001249,1-HP:0001249,1-HP:0001250,1-HP:0001250,1-HP:0001939,1-HP:0002011,1-HP:0002011,1-HP:0002342,1-HP:0010864,1-HP:0011420,1-HP:0011420,1-HP:0012103,1-HP:0012103,3-HP:0001256,3-HP:0010864"
984,1726,HGNC:3151,ECHS1,OMIM:616277,Mitochondrial short-chain enoyl-CoA hydratase 1 deficiency,HP:0000007,Autosomal recessive inheritance,Autosomal recessive,1,Yes,8/3/2016 0:00:00,Definitive,1,"1-HP:0000707,1-HP:0001249,1-HP:0001939,1-HP:0002011,1-HP:0003676,1-HP:0012103"
985,1728,HGNC:1857,CENPF,OMIM:243605,Stromme syndrome,HP:0000007,Autosomal recessive inheritance,Autosomal recessive,1,Yes,8/3/2016 0:00:00,Definitive,1,"1-HP:0000077,1-HP:0000077,1-HP:0000118,1-HP:0000118,1-HP:0000119,1-HP:0000119,1-HP:0000252,1-HP:0000252,1-HP:0000478,1-HP:0000478,1-HP:0001249,1-HP:0001249,1-HP:0001256,1-HP:0001256,1-HP:0001627,1-HP:0002011,1-HP:0002342,1-HP:0002342,1-HP:0011420,1-HP:0011420"
986,1729,HGNC:19261,MTO1,OMIM:614702,Combined oxidative phosphorylation deficiency 10,HP:0000007,Autosomal recessive inheritance,Autosomal recessive,1,Yes,8/3/2016 0:00:00,Definitive,1,"1-HP:0000707,1-HP:0001249,1-HP:0001939,1-HP:0003011,1-HP:0003676,1-HP:0011420,2-HP:0001250,2-HP:0002011"
987,1730,HGNC:17035,EXOSC8,OMIM:616081,"Pontocerebellar hypoplasia, type 1C",HP:0000007,Autosomal recessive inheritance,Autosomal recessive,1,Yes,8/3/2016 0:00:00,Definitive,1,"1-HP:0000707,1-HP:0001249,1-HP:0002011,1-HP:0002342,1-HP:0003011,1-HP:0010864,1-HP:0011420"
988,1731,HGNC:25608,VPS53,OMIM:615851,"Pontocerebellar hypoplasia, type 2E",HP:0000007,Autosomal recessive inheritance,Autosomal recessive,1,Yes,8/3/2016 0:00:00,Definitive,1,"1-HP:0000707,1-HP:0001249,1-HP:0001250,1-HP:0002011,1-HP:0002187,1-HP:0003676"
989,1732,HGNC:28422,TSEN2,OMIM:612389,Pontocerebellar hypoplasia type 2B,HP:0000007,Autosomal recessive inheritance,Autosomal recessive,1,Yes,8/3/2016 0:00:00,Definitive,1,"1-HP:0000252,1-HP:0000707,1-HP:0001249,1-HP:0002011,1-HP:0002342,1-HP:0003676,1-HP:0010864,2-HP:0011420"
990,1733,HGNC:469,AMPD2,OMIM:615809,"Pontocerebellar hypoplasia, type 9",HP:0000007,Autosomal recessive inheritance,Autosomal recessive,1,Yes,8/3/2016 0:00:00,Definitive,1,"1-HP:0000252,1-HP:0000707,1-HP:0001249,1-HP:0002011,1-HP:0003676,1-HP:0010864,1-HP:0011420"
991,1735,HGNC:13406,PCLO,OMIM:608027,"Pontocerebellar hypoplasia, type 3",HP:0000007,Autosomal recessive inheritance,Autosomal recessive,1,Yes,8/3/2016 0:00:00,Definitive,1,"1-HP:0000252,1-HP:0000707,1-HP:0001249,1-HP:0001999,1-HP:0002011,1-HP:0002342,1-HP:0010864"
992,1736,HGNC:30605,SEPSECS,OMIM:613811,Pontocerebellar hypoplasia type 2D,HP:0000007,Autosomal recessive inheritance,Autosomal recessive,1,Yes,8/3/2016 0:00:00,Definitive,1,"1-HP:0000252,1-HP:0000252,1-HP:0000707,1-HP:0000707,1-HP:0001249,1-HP:0001249,1-HP:0001250,1-HP:0001250,1-HP:0002011,1-HP:0002011,1-HP:0002187,1-HP:0002187,1-HP:0003676,1-HP:0003676"
993,1737,HGNC:27561,TSEN54,OMIM:277470,Pontocerebellar hypoplasia type 2A,HP:0000007,Autosomal recessive inheritance,Autosomal recessive,1,Yes,8/3/2016 0:00:00,Definitive,1,"1-HP:0000252,1-HP:0000707,1-HP:0001249,1-HP:0001250,1-HP:0002011,1-HP:0002342,1-HP:0003676,1-HP:0010864"
994,1743,HGNC:6757,MAB21L1,OMIM:618479,"Cerebellar, ocular, craniofacial, and genital syndrome",HP:0000007,Autosomal recessive inheritance,Autosomal recessive,1,Yes,8/4/2016 0:00:00,Definitive,1,"1-HP:0000119,1-HP:0000252,1-HP:0000478,1-HP:0000707,1-HP:0001249,1-HP:0001256,1-HP:0001574,1-HP:0002011,1-HP:0002342"
995,1745,HGNC:33784,AGMO,MONDO:0001071,intellectual disability,HP:0000007,Autosomal recessive inheritance,Autosomal recessive,1,Yes,8/4/2016 0:00:00,Definitive,1,"1-HP:0000252,1-HP:0000708,1-HP:0000818,1-HP:0001249,1-HP:0001256,1-HP:0002342,1-HP:0004322,2-HP:0002011"
996,1748,HGNC:25507,VAC14,OMIM:617054,"Striatonigral degeneration, childhood-onset",HP:0000007,Autosomal recessive inheritance,Autosomal recessive,1,Yes,8/4/2016 0:00:00,Definitive,1,"1-HP:0000707,1-HP:0001249,1-HP:0002011,1-HP:0002376,1-HP:0003676"
997,1753,HGNC:3668,FGF12,OMIM:617166,Developmental and epileptic encephalopathy 47,HP:0000006,Autosomal dominant inheritance,Autosomal dominant,1,Yes,8/4/2016 0:00:00,Definitive,1,"1-HP:0000707,1-HP:0000707,1-HP:0000708,1-HP:0000708,1-HP:0001249,1-HP:0001249,1-HP:0001250,1-HP:0001250,1-HP:0002342,1-HP:0002342,1-HP:0010864,1-HP:0010864,2-HP:0000252,2-HP:0000252"
998,1755,HGNC:18704,NAA10,MONDO:0001071,intellectual disability,HP:0001423,X-linked dominant inheritance,X-linked,1,Yes,8/4/2016 0:00:00,Definitive,1,"1-HP:0000252,1-HP:0000252,1-HP:0000252,1-HP:0000707,1-HP:0000924,1-HP:0000924,1-HP:0000924,1-HP:0001249,1-HP:0001249,1-HP:0001249,1-HP:0001250,1-HP:0001627,1-HP:0001627,1-HP:0001627,1-HP:0001999,1-HP:0001999,1-HP:0002342,1-HP:0002342,1-HP:0004322,1-HP:0004322,1-HP:0010864,1-HP:0010864,1-HP:0010864,1-HP:0011024"
999,1756,HGNC:1985,CIT,OMIM:617090,"Microcephaly 17, primary, autosomal recessive",HP:0000007,Autosomal recessive inheritance,Autosomal recessive,1,Yes,8/4/2016 0:00:00,Definitive,1,"1-HP:0000252,1-HP:0001249,1-HP:0001256,1-HP:0001999,1-HP:0002011,2-HP:0000707,2-HP:0011420"
1000,1759,HGNC:25006,METTL5,OMIM:618665,"Intellectual developmental disorder, autosomal recessive 72",HP:0000007,Autosomal recessive inheritance,Autosomal recessive,1,Yes,8/4/2016 0:00:00,Definitive,1,"1-HP:0000252,1-HP:0000708,1-HP:0001249,1-HP:0002342,1-HP:0004322,1-HP:0010864,2-HP:0000707"
1001,1766,HGNC:4446,GPAA1,OMIM:617810,Glycosylphosphatidylinositol biosynthesis defect 15,HP:0000007,Autosomal recessive inheritance,Autosomal recessive,1,Yes,8/4/2016 0:00:00,Definitive,1,"1-HP:0000707,1-HP:0000924,1-HP:0001249,1-HP:0001250,1-HP:0001256,1-HP:0001999,1-HP:0002011"
1002,1774,HGNC:26282,CCDC82,MONDO:0001071,intellectual disability,HP:0000007,Autosomal recessive inheritance,Autosomal recessive,1,Yes,8/4/2016 0:00:00,Definitive,1,"1-HP:0000707,1-HP:0001249,1-HP:0001249,1-HP:0001250,1-HP:0002342,1-HP:0002342,1-HP:0003676,1-HP:0011420"
1003,1775,HGNC:25363,TMEM222,OMIM:619470,Neurodevelopmental disorder with motor and speech delay and behavioral abnormalities,HP:0000007,Autosomal recessive inheritance,Autosomal recessive,1,Yes,8/4/2016 0:00:00,Definitive,1,"1-HP:0000707,1-HP:0000708,1-HP:0001249,1-HP:0001250,1-HP:0001999,1-HP:0002342,1-HP:0003011,1-HP:0010864"
1004,1776,HGNC:26033,PUS7,OMIM:618342,"Intellectual developmental disorder with abnormal behavior, microcephaly, and short stature",HP:0000007,Autosomal recessive inheritance,Autosomal recessive,1,Yes,8/4/2016 0:00:00,Definitive,1,"1-HP:0000252,1-HP:0000708,1-HP:0001249,1-HP:0002342,1-HP:0004322"
1005,1781,HGNC:24128,TM2D3,MONDO:0001071,intellectual disability,HP:0000007,Autosomal recessive inheritance,Autosomal recessive,1,Yes,8/4/2016 0:00:00,Definitive,1,"1-HP:0000077,1-HP:0000119,1-HP:0000252,1-HP:0000478,1-HP:0000707,1-HP:0000708,1-HP:0001249,1-HP:0001249,1-HP:0001250,1-HP:0001627,1-HP:0001999,1-HP:0002011,1-HP:0002187,1-HP:0004322,1-HP:0010864"
1006,1788,HGNC:26690,CEP120,OMIM:617761,Joubert syndrome 31,HP:0000007,Autosomal recessive inheritance,Autosomal recessive,1,Yes,8/4/2016 0:00:00,Definitive,1,"1-HP:0000707,1-HP:0001249,1-HP:0001256,1-HP:0002011,1-HP:0002270,1-HP:0002342"
1007,1790,HGNC:14348,HTRA2,OMIM:617248,"3-methylglutaconic aciduria, type VIII",HP:0000007,Autosomal recessive inheritance,Autosomal recessive,1,Yes,8/4/2016 0:00:00,Definitive,1,"1-HP:0000252,1-HP:0000707,1-HP:0001249,1-HP:0001871,1-HP:0001939,1-HP:0002011,1-HP:0003676,1-HP:0011420"
1008,1792,HGNC:90,ACADS,OMIM:201470,"Acyl-CoA dehydrogenase, short-chain, deficiency of",HP:0000007,Autosomal recessive inheritance,Autosomal recessive,1,Yes,8/4/2016 0:00:00,Definitive,1,"1-HP:0001249,1-HP:0001250,1-HP:0001939,1-HP:0003011"
1009,1793,HGNC:18806,CAMTA1,OMIM:614756,Cerebellar dysfunction with variable cognitive and behavioral abnormalities,HP:0000006,Autosomal dominant inheritance,Autosomal dominant,1,Yes,8/5/2016 0:00:00,Definitive,1,"1-HP:0000478,1-HP:0000707,1-HP:0000707,1-HP:0000708,1-HP:0001249,1-HP:0001249,1-HP:0001256,1-HP:0001256,1-HP:0001999,1-HP:0001999,1-HP:0002011,1-HP:0002011,1-HP:0002342,1-HP:0006889,1-HP:0010864,2-HP:0000252,2-HP:0000708,2-HP:0000708,2-HP:0001250"
1010,1794,HGNC:1541,CBL,OMIM:613563,Noonan syndrome-like disorder with or without juvenile myelomonocytic leukemia,HP:0000006,Autosomal dominant inheritance,Autosomal dominant,1,Yes,8/5/2016 0:00:00,Definitive,1,"1-HP:0000924,1-HP:0001249,1-HP:0001256,1-HP:0001627,1-HP:0001999,1-HP:0002342,1-HP:0002664,1-HP:0004322"
1011,1795,HGNC:9282,PPP1CB,OMIM:617506,Noonan syndrome-like disorder with loose anagen hair 2,HP:0000006,Autosomal dominant inheritance,Autosomal dominant,1,Yes,8/5/2016 0:00:00,Definitive,1,"1-HP:0001249,1-HP:0001256,1-HP:0001574,1-HP:0001999,1-HP:0002011,1-HP:0002342,1-HP:0004322,2-HP:0000256"
1012,1796,HGNC:10940,SLC1A2,OMIM:617105,Developmental and epileptic encephalopathy 41,HP:0000006,Autosomal dominant inheritance,Autosomal dominant,1,Yes,8/5/2016 0:00:00,Definitive,1,"1-HP:0000707,1-HP:0001249,1-HP:0001250,1-HP:0002011,1-HP:0010864"
1013,1800,HGNC:10663,NEMF,OMIM:619099,Intellectual developmental disorder with speech delay and axonal peripheral neuropathy,HP:0000007,Autosomal recessive inheritance,Autosomal recessive,1,Yes,8/5/2016 0:00:00,Definitive,1,"1-HP:0000478,1-HP:0000707,1-HP:0001249,1-HP:0001256,2-HP:0002011,2-HP:0004322"
1014,1802,HGNC:567,AP3B2,OMIM:617276,Developmental and epileptic encephalopathy 48,HP:0000007,Autosomal recessive inheritance,Autosomal recessive,1,Yes,8/5/2016 0:00:00,Definitive,1,"1-HP:0000252,1-HP:0000252,1-HP:0000707,1-HP:0000707,1-HP:0000708,1-HP:0000708,1-HP:0001249,1-HP:0001249,1-HP:0001250,1-HP:0001250,1-HP:0002011,1-HP:0002187,1-HP:0010864,1-HP:0010864"
1015,1803,HGNC:23109,FAT4,OMIM:615546,Van Maldergem syndrome 2,HP:0000007,Autosomal recessive inheritance,Autosomal recessive,1,Yes,8/5/2016 0:00:00,Definitive,1,"1-HP:0000077,1-HP:0000119,1-HP:0000365,1-HP:0000924,1-HP:0001249,1-HP:0001256,1-HP:0001999,1-HP:0002011,1-HP:0002342,1-HP:0004322,1-HP:0040064"
1016,1804,HGNC:23109,FAT4,OMIM:616006,Hennekam lymphangiectasia-lymphedema syndrome 2,HP:0000007,Autosomal recessive inheritance,Autosomal recessive,1,Yes,8/5/2016 0:00:00,Definitive,1,"1-HP:0000118,1-HP:0001249,1-HP:0001256,1-HP:0001999,1-HP:0002342"
1017,1805,HGNC:13681,DCHS1,OMIM:601390,Van Maldergem syndrome 1,HP:0000007,Autosomal recessive inheritance,Autosomal recessive,1,Yes,8/5/2016 0:00:00,Definitive,1,"1-HP:0000119,1-HP:0000365,1-HP:0000924,1-HP:0001249,1-HP:0001256,1-HP:0001999,1-HP:0002011,1-HP:0002342,1-HP:0040064,2-HP:0004322"
1018,1814,HGNC:1750,CDH11,OMIM:211380,Elsahy-Waters syndrome,HP:0000007,Autosomal recessive inheritance,Autosomal recessive,1,Yes,8/5/2016 0:00:00,Definitive,1,"1-HP:0000119,1-HP:0000478,1-HP:0000924,1-HP:0001249,1-HP:0001256,1-HP:0001999,1-HP:0002342"
1019,1823,HGNC:12347,TRRAP,OMIM:618454,Developmental delay with or without dysmorphic facies and autism,HP:0000006,Autosomal dominant inheritance,Autosomal dominant,1,Yes,8/5/2016 0:00:00,Definitive,1,"1-HP:0000077,1-HP:0000118,1-HP:0000119,1-HP:0000708,1-HP:0001249,1-HP:0001250,1-HP:0001256,1-HP:0001627,1-HP:0001999,1-HP:0002342"
1020,1829,HGNC:11200,SOX4,OMIM:618506,Coffin-Siris syndrome 10,HP:0000006,Autosomal dominant inheritance,Autosomal dominant,1,Yes,8/5/2016 0:00:00,Definitive,1,"1-HP:0000252,1-HP:0000478,1-HP:0000478,1-HP:0000707,1-HP:0000708,1-HP:0000924,1-HP:0000924,1-HP:0000924,1-HP:0001249,1-HP:0001249,1-HP:0001249,1-HP:0001256,1-HP:0001256,1-HP:0001256,1-HP:0001627,1-HP:0001627,1-HP:0001999,1-HP:0001999,1-HP:0001999,1-HP:0002011,1-HP:0002342,1-HP:0002342,1-HP:0002342,1-HP:0003011,1-HP:0006889,1-HP:0010864,1-HP:0011024,1-HP:0040064"
1021,1830,HGNC:10911,SLC12A2,OMIM:619083,Delpire-McNeill syndrome,HP:0000006,Autosomal dominant inheritance,Autosomal dominant,1,Yes,8/5/2016 0:00:00,Definitive,1,"1-HP:0000365,1-HP:0000708,1-HP:0001249,1-HP:0001256"
1022,1832,HGNC:29187,SETD1B,OMIM:619000,Intellectual developmental disorder with seizures and language delay,HP:0000006,Autosomal dominant inheritance,Autosomal dominant,1,Yes,8/5/2016 0:00:00,Definitive,1,"1-HP:0000478,1-HP:0000478,1-HP:0000707,1-HP:0000707,1-HP:0000708,1-HP:0000708,1-HP:0001249,1-HP:0001249,1-HP:0001250,1-HP:0001250,1-HP:0001256,1-HP:0001256,1-HP:0001574,1-HP:0001574,1-HP:0002376,1-HP:0002376,1-HP:0011024,1-HP:0011024"
1023,1833,HGNC:10739,SEMA6B,OMIM:618876,"Epilepsy, progressive myoclonic, 11",HP:0000006,Autosomal dominant inheritance,Autosomal dominant,1,Yes,8/5/2016 0:00:00,Definitive,1,"1-HP:0000707,1-HP:0000707,1-HP:0000708,1-HP:0001249,1-HP:0001249,1-HP:0001250,1-HP:0001250,1-HP:0001256,1-HP:0001999,1-HP:0002187,1-HP:0002342,1-HP:0002342,1-HP:0002376,1-HP:0003676,1-HP:0010864,1-HP:0010864,2-HP:0000252,2-HP:0002011,2-HP:0002011,2-HP:0002376,2-HP:0003676,3-HP:0000924"
1024,1841,HGNC:6866,MAP4K4,MONDO:0001071,intellectual disability,HP:0000006,Autosomal dominant inheritance,Autosomal dominant,1,Yes,8/5/2016 0:00:00,Definitive,1,"1-HP:0000077,1-HP:0000707,1-HP:0000708,1-HP:0000924,1-HP:0001249,1-HP:0001249,1-HP:0001250,1-HP:0001627,1-HP:0001999,1-HP:0002011,1-HP:0004322,1-HP:0040064"
1025,1847,HGNC:4922,HK1,OMIM:618547,Neurodevelopmental disorder with visual defects and brain anomalies,HP:0000006,Autosomal dominant inheritance,Autosomal dominant,1,Yes,8/5/2016 0:00:00,Definitive,1,"1-HP:0000252,1-HP:0000478,1-HP:0000478,1-HP:0000478,1-HP:0000707,1-HP:0000707,1-HP:0000707,1-HP:0000924,1-HP:0001249,1-HP:0001249,1-HP:0001249,1-HP:0001250,1-HP:0001250,1-HP:0001256,1-HP:0001256,1-HP:0001256,1-HP:0001939,1-HP:0001939,1-HP:0001999,1-HP:0001999,1-HP:0002011,1-HP:0002011,1-HP:0002011,1-HP:0002270,1-HP:0002270,1-HP:0002342,1-HP:0002342,1-HP:0002342,1-HP:0010864,1-HP:0010864,1-HP:0012103,2-HP:0000252,2-HP:0000252"
1026,1848,HGNC:13590,FBXO11,OMIM:618089,Intellectual developmental disorder with dysmorphic facies and behavioral abnormalities,HP:0000006,Autosomal dominant inheritance,Autosomal dominant,1,Yes,8/5/2016 0:00:00,Definitive,1,"1-HP:0000252,1-HP:0000478,1-HP:0000707,1-HP:0000708,1-HP:0000708,1-HP:0000924,1-HP:0001249,1-HP:0001249,1-HP:0001250,1-HP:0001513,1-HP:0001999,1-HP:0001999,1-HP:0002011,1-HP:0002715,1-HP:0004322,1-HP:0004322,3-HP:0001256"
1027,1850,HGNC:3581,BPTF,OMIM:617755,Neurodevelopmental disorder with dysmorphic facies and distal limb anomalies,HP:0000006,Autosomal dominant inheritance,Autosomal dominant,1,Yes,8/5/2016 0:00:00,Definitive,1,"1-HP:0000252,1-HP:0000252,1-HP:0000478,1-HP:0000478,1-HP:0000924,1-HP:0000924,1-HP:0001249,1-HP:0001249,1-HP:0001250,1-HP:0001250,1-HP:0001999,1-HP:0001999,1-HP:0002011,1-HP:0002011,1-HP:0004322,1-HP:0004322,3-HP:0001256,3-HP:0001256"
1028,1851,HGNC:14255,BRPF1,OMIM:617333,Intellectual developmental disorder with dysmorphic facies and ptosis,HP:0000006,Autosomal dominant inheritance,Autosomal dominant,1,Yes,8/5/2016 0:00:00,Definitive,1,"1-HP:0000478,1-HP:0000708,1-HP:0000924,1-HP:0001249,1-HP:0001249,1-HP:0001250,1-HP:0001256,1-HP:0001256,1-HP:0001999,1-HP:0001999,1-HP:0002011,1-HP:0002011,1-HP:0002342,1-HP:0006889,1-HP:0011024,2-HP:0000252,2-HP:0001250,2-HP:0001513"
1029,1856,HGNC:1918,CHD3,OMIM:618205,Snijders Blok-Campeau syndrome,HP:0000006,Autosomal dominant inheritance,Autosomal dominant,1,Yes,8/5/2016 0:00:00,Definitive,1,"1-HP:0000256,1-HP:0000256,1-HP:0000256,1-HP:0000478,1-HP:0000707,1-HP:0000707,1-HP:0000707,1-HP:0000708,1-HP:0000708,1-HP:0001249,1-HP:0001249,1-HP:0001249,1-HP:0001256,1-HP:0001999,1-HP:0001999,1-HP:0002011,1-HP:0002011,1-HP:0002011,1-HP:0002342,1-HP:0006889,3-HP:0006889,3-HP:0006889,3-HP:0006889"
1030,1858,HGNC:2092,CLTC,OMIM:617854,"Intellectual developmental disorder, autosomal dominant 56",HP:0000006,Autosomal dominant inheritance,Autosomal dominant,1,Yes,8/5/2016 0:00:00,Definitive,1,"1-HP:0000478,1-HP:0000707,1-HP:0000708,1-HP:0001249,1-HP:0001250,1-HP:0001256,1-HP:0002011,1-HP:0011024"
1031,1864,HGNC:19087,EBF3,OMIM:617330,"Hypotonia, ataxia, and delayed development syndrome",HP:0000006,Autosomal dominant inheritance,Autosomal dominant,1,Yes,8/5/2016 0:00:00,Definitive,1,"1-HP:0000707,1-HP:0000707,1-HP:0000708,1-HP:0001249,1-HP:0001249,1-HP:0001250,1-HP:0001256,1-HP:0001256,1-HP:0001999,1-HP:0002011,1-HP:0002011,1-HP:0002342,1-HP:0002342,2-HP:0000119,4-HP:0000119,4-HP:0001250"
1032,1867,HGNC:17075,TAB2,OMIM:614980,"Congenital heart defects, nonsyndromic, 2",HP:0000006,Autosomal dominant inheritance,Autosomal dominant,1,Yes,8/8/2016 0:00:00,Definitive,1,"1-HP:0000365,1-HP:0000478,1-HP:0000478,1-HP:0000924,1-HP:0000924,1-HP:0001249,1-HP:0001574,1-HP:0001574,1-HP:0001627,1-HP:0001627,1-HP:0001999,1-HP:0001999,1-HP:0004322,1-HP:0004322,2-HP:0001249"
1033,1868,HGNC:18243,RCBTB1,OMIM:617175,Retinal dystrophy with or without extraocular anomalies,HP:0000007,Autosomal recessive inheritance,Autosomal recessive,1,Yes,8/8/2016 0:00:00,Definitive,1,"1-HP:0000478,1-HP:0000818,1-HP:0001249"
1034,1869,HGNC:2903,DLG4,OMIM:618793,"Intellectual developmental disorder, autosomal dominant 62",HP:0000006,Autosomal dominant inheritance,Autosomal dominant,1,Yes,8/8/2016 0:00:00,Definitive,1,"1-HP:0000707,1-HP:0000707,1-HP:0000707,1-HP:0000708,1-HP:0000708,1-HP:0000708,1-HP:0000924,1-HP:0000924,1-HP:0000924,1-HP:0001249,1-HP:0001249,1-HP:0001249,1-HP:0001250,1-HP:0001250,1-HP:0001250,1-HP:0001256,1-HP:0001256,1-HP:0001256,1-HP:0001999,1-HP:0001999,1-HP:0001999,1-HP:0002011,1-HP:0002011,1-HP:0002011,1-HP:0002342,1-HP:0002342,1-HP:0002376,1-HP:0002376,1-HP:0002376,1-HP:0010864,1-HP:0010864"
1035,1873,HGNC:4341,GLUL,OMIM:610015,"Glutamine deficiency, congenital",HP:0000007,Autosomal recessive inheritance,Autosomal recessive,1,Yes,11/24/2016 0:00:00,Definitive,1,"1-HP:0000707,1-HP:0001249,1-HP:0001250,1-HP:0001939,1-HP:0002011,1-HP:0011420,4-HP:0010864"
1036,1874,HGNC:19344,DENND5A,OMIM:617281,Developmental and epileptic encephalopathy 49,HP:0000007,Autosomal recessive inheritance,Autosomal recessive,1,Yes,11/24/2016 0:00:00,Definitive,1,"1-HP:0000252,1-HP:0000707,1-HP:0000707,1-HP:0001249,1-HP:0001249,1-HP:0001250,1-HP:0001250,1-HP:0002011,1-HP:0002011,1-HP:0002187,1-HP:0002342,1-HP:0002342,1-HP:0010864,1-HP:0010864"
1037,1876,HGNC:15840,KMT2B,OMIM:617284,"Dystonia 28, childhood-onset",HP:0000006,Autosomal dominant inheritance,Autosomal dominant,1,Yes,11/24/2016 0:00:00,Definitive,1,"1-HP:0000707,1-HP:0000818,1-HP:0001249,1-HP:0001256,1-HP:0001999,1-HP:0002011,1-HP:0003676,2-HP:0000252,2-HP:0004322"
1038,1877,HGNC:11056,SLC6A9,OMIM:617301,Glycine encephalopathy with normal serum glycine,HP:0000007,Autosomal recessive inheritance,Autosomal recessive,1,Yes,11/24/2016 0:00:00,Definitive,1,"1-HP:0000707,1-HP:0000924,1-HP:0001249,1-HP:0001939,1-HP:0001999,1-HP:0011420,3-HP:0010864"
1039,1878,HGNC:26899,TMTC3,OMIM:617255,Lissencephaly 8,HP:0000007,Autosomal recessive inheritance,Autosomal recessive,1,Yes,11/24/2016 0:00:00,Definitive,1,"1-HP:0000707,1-HP:0001249,1-HP:0001250,1-HP:0002011,1-HP:0002342,1-HP:0010864,2-HP:0000252,2-HP:0000478,2-HP:0000708,2-HP:0003011"
1040,1879,HGNC:23805,ASXL2,OMIM:617190,Shashi-Pena syndrome,HP:0000006,Autosomal dominant inheritance,Autosomal dominant,1,Yes,11/24/2016 0:00:00,Definitive,1,"1-HP:0000256,1-HP:0000256,1-HP:0000365,1-HP:0000478,1-HP:0000707,1-HP:0000707,1-HP:0000708,1-HP:0000708,1-HP:0000924,1-HP:0000924,1-HP:0001249,1-HP:0001249,1-HP:0001250,1-HP:0001250,1-HP:0001256,1-HP:0001548,1-HP:0001574,1-HP:0001574,1-HP:0001627,1-HP:0001627,1-HP:0001999,1-HP:0001999,1-HP:0002270,1-HP:0011024"
1041,1880,HGNC:11581,TBCD,OMIM:617193,"Encephalopathy, progressive, early-onset, with brain atrophy and thin corpus callosum",HP:0000007,Autosomal recessive inheritance,Autosomal recessive,1,Yes,11/24/2016 0:00:00,Definitive,1,"1-HP:0000252,1-HP:0000707,1-HP:0001249,1-HP:0001250,1-HP:0002011,1-HP:0003676,1-HP:0004322,1-HP:0011420,3-HP:0002187"
1042,1881,HGNC:11582,TBCE,OMIM:617207,"Encephalopathy, progressive, with amyotrophy and optic atrophy",HP:0000007,Autosomal recessive inheritance,Autosomal recessive,1,Yes,11/24/2016 0:00:00,Definitive,1,"1-HP:0000707,1-HP:0001249,1-HP:0002011,1-HP:0003011,1-HP:0003676,3-HP:0001256,3-HP:0010864"
1043,1882,HGNC:25567,ATAD3A,OMIM:617183_1,Harel-Yoon syndrome,HP:0000006,Autosomal dominant inheritance,Autosomal dominant,1,Yes,11/24/2016 0:00:00,Definitive,1,"1-HP:0000478,1-HP:0000707,1-HP:0000924,1-HP:0001249,1-HP:0001999,1-HP:0003011,1-HP:0010864,2-HP:0012103"
1044,1883,HGNC:25567,ATAD3A,OMIM:617183_2,Harel-Yoon syndrome,HP:0000007,Autosomal recessive inheritance,Autosomal recessive,1,Yes,11/24/2016 0:00:00,Definitive,1,"1-HP:0000478,1-HP:0000478,1-HP:0000478,1-HP:0000707,1-HP:0000707,1-HP:0000707,1-HP:0001249,1-HP:0001249,1-HP:0001249,1-HP:0001250,1-HP:0001250,1-HP:0001256,1-HP:0001256,1-HP:0001256,1-HP:0001999,1-HP:0001999,1-HP:0001999,1-HP:0002011,1-HP:0002011,1-HP:0002011,2-HP:0001250,2-HP:0002376,2-HP:0002376"
1045,1884,HGNC:4588,GRIN2D,OMIM:617162,Developmental and epileptic encephalopathy 46,HP:0000006,Autosomal dominant inheritance,Autosomal dominant,1,Yes,11/24/2016 0:00:00,Definitive,1,"1-HP:0000707,1-HP:0000707,1-HP:0000708,1-HP:0001249,1-HP:0001249,1-HP:0001250,1-HP:0001250,1-HP:0001256,1-HP:0002011,1-HP:0002187,1-HP:0002342,1-HP:0002342,1-HP:0010864,1-HP:0010864,1-HP:0011024,2-HP:0000252"
1046,1885,HGNC:15505,MBOAT7,OMIM:617188,"Intellectual developmental disorder, autosomal recessive 57",HP:0000007,Autosomal recessive inheritance,Autosomal recessive,1,Yes,11/24/2016 0:00:00,Definitive,1,"1-HP:0000252,1-HP:0000252,1-HP:0000707,1-HP:0000707,1-HP:0000708,1-HP:0000708,1-HP:0001249,1-HP:0001249,1-HP:0001250,1-HP:0001250,1-HP:0002342,1-HP:0004322,1-HP:0010864,1-HP:0010864,2-HP:0002011,2-HP:0002011"
1047,1886,HGNC:18453,NAXE,OMIM:617186,"Encephalopathy, progressive, early-onset, with brain edema and/or leukoencephalopathy",HP:0000007,Autosomal recessive inheritance,Autosomal recessive,1,Yes,11/24/2016 0:00:00,Definitive,1,"1-HP:0000707,1-HP:0001249,1-HP:0001250,1-HP:0002011,1-HP:0002376,1-HP:0003676,1-HP:0011420,2-HP:0001574,2-HP:0001939"
1048,1887,HGNC:4401,GNB5,OMIM:617173,"Lodder-Merla syndrome, type 1, with impaired intellectual development and cardiac arrhythmia",HP:0000007,Autosomal recessive inheritance,Autosomal recessive,1,Yes,11/24/2016 0:00:00,Definitive,1,"1-HP:0000478,1-HP:0000707,1-HP:0001249,1-HP:0001250,1-HP:0002270,1-HP:0010864"
1049,1888,HGNC:4401,GNB5,OMIM:617182,"Lodder-Merla syndrome, type 2, with developmental delay and with or without cardiac arrhythmia",HP:0000007,Autosomal recessive inheritance,Autosomal recessive,1,Yes,11/24/2016 0:00:00,Definitive,1,"1-HP:0000708,1-HP:0001249,1-HP:0001256,1-HP:0002270"
1050,1889,HGNC:23230,UBA5,OMIM:617132,Developmental and epileptic encephalopathy 44,HP:0000007,Autosomal recessive inheritance,Autosomal recessive,1,Yes,11/24/2016 0:00:00,Definitive,1,"1-HP:0000707,1-HP:0001249,1-HP:0001250,1-HP:0002011,1-HP:0010864,1-HP:0011420"
1051,1891,HGNC:5042,HNRNPH2,OMIM:300986,"Intellectual developmental disorder, X-linked syndromic, Bain type",HP:0001417,X-linked other inheritance,X-linked,1,Yes,11/24/2016 0:00:00,Definitive,1,"1-HP:0000252,1-HP:0000252,1-HP:0000478,1-HP:0000478,1-HP:0000707,1-HP:0000707,1-HP:0000708,1-HP:0000708,1-HP:0000924,1-HP:0000924,1-HP:0001249,1-HP:0001249,1-HP:0001250,1-HP:0001250,1-HP:0002342,1-HP:0002342,1-HP:0002376,1-HP:0002376,1-HP:0004322,1-HP:0004322,1-HP:0010864,1-HP:0010864"
1052,1892,HGNC:3444,ERF,OMIM:600775,Craniosynostosis 4,HP:0000006,Autosomal dominant inheritance,Autosomal dominant,1,Yes,11/24/2016 0:00:00,Definitive,1,"1-HP:0000708,1-HP:0000924,1-HP:0000924,1-HP:0001249,1-HP:0001249,1-HP:0006889,3-HP:0001249"
1053,1894,HGNC:8960,PIGC,OMIM:617816,Glycosylphosphatidylinositol biosynthesis defect 16,HP:0000007,Autosomal recessive inheritance,Autosomal recessive,1,Yes,11/24/2016 0:00:00,Definitive,1,"1-HP:0001249,1-HP:0001250,1-HP:0010864"
1054,1906,HGNC:4082,GABRB2,OMIM:617829,Developmental and epileptic encephalopathy 92,HP:0000006,Autosomal dominant inheritance,Autosomal dominant,1,Yes,11/24/2016 0:00:00,Definitive,1,"1-HP:0000252,1-HP:0000252,1-HP:0000707,1-HP:0000707,1-HP:0000708,1-HP:0001249,1-HP:0001249,1-HP:0001250,1-HP:0001250,1-HP:0001256,1-HP:0001256,1-HP:0002342,1-HP:0002342,1-HP:0010864,1-HP:0011420"
1055,1909,HGNC:3188,EED,OMIM:617561,Cohen-Gibson syndrome,HP:0000006,Autosomal dominant inheritance,Autosomal dominant,1,Yes,11/25/2016 0:00:00,Definitive,1,"1-HP:0000118,1-HP:0000119,1-HP:0000256,1-HP:0000365,1-HP:0000478,1-HP:0000707,1-HP:0000924,1-HP:0001249,1-HP:0001256,1-HP:0001548,1-HP:0001999,1-HP:0002342,2-HP:0000708,2-HP:0001627"
1056,1910,HGNC:23656,TIMM50,OMIM:617698,"3-methylglutaconic aciduria, type IX",HP:0000007,Autosomal recessive inheritance,Autosomal recessive,1,Yes,11/25/2016 0:00:00,Definitive,1,"1-HP:0000252,1-HP:0000707,1-HP:0000707,1-HP:0000708,1-HP:0000708,1-HP:0001249,1-HP:0001249,1-HP:0001250,1-HP:0001250,1-HP:0001939,1-HP:0001939,1-HP:0002011,1-HP:0002011,1-HP:0002342,1-HP:0010864,1-HP:0010864"
1057,1911,HGNC:33702,MICOS13,OMIM:618329,Combined oxidative phosphorylation deficiency 37,HP:0000007,Autosomal recessive inheritance,Autosomal recessive,1,Yes,11/25/2016 0:00:00,Definitive,1,"1-HP:0000252,1-HP:0000707,1-HP:0001249,1-HP:0001939,1-HP:0002011,1-HP:0003676,1-HP:0011420"
1058,1912,HGNC:4087,GABRG2,OMIM:618396,Developmental and epileptic encephalopathy 74,HP:0000006,Autosomal dominant inheritance,Autosomal dominant,1,Yes,11/25/2016 0:00:00,Definitive,1,"1-HP:0000707,1-HP:0001249,1-HP:0001249,1-HP:0001250,1-HP:0001250,1-HP:0001256,1-HP:0002187,1-HP:0002342,1-HP:0002342,1-HP:0006889,1-HP:0010864,1-HP:0010864"
1059,1915,HGNC:23625,RUSC2,OMIM:617773,"Intellectual developmental disorder, autosomal recessive 61",HP:0000007,Autosomal recessive inheritance,Autosomal recessive,1,Yes,11/25/2016 0:00:00,Definitive,1,"1-HP:0000252,1-HP:0000708,1-HP:0001249,1-HP:0001250,1-HP:0001999,1-HP:0010864"
1060,1916,HGNC:13533,ATP8A2,OMIM:615268,"Cerebellar ataxia, impaired intellectual development, and dysequilibrium syndrome 4",HP:0000007,Autosomal recessive inheritance,Autosomal recessive,1,Yes,11/25/2016 0:00:00,Definitive,1,"1-HP:0000478,1-HP:0000478,1-HP:0000707,1-HP:0000707,1-HP:0001249,1-HP:0001249,1-HP:0001256,1-HP:0001256,1-HP:0002011,1-HP:0002011,1-HP:0002342,1-HP:0002342,2-HP:0000252,2-HP:0000252,2-HP:0004322,2-HP:0004322"
1061,1917,HGNC:14198,ELAC2,OMIM:615440,Combined oxidative phosphorylation deficiency 17,HP:0000007,Autosomal recessive inheritance,Autosomal recessive,1,Yes,11/25/2016 0:00:00,Definitive,1,"1-HP:0000252,1-HP:0001249,1-HP:0001939,1-HP:0002342,1-HP:0003011,1-HP:0003676,1-HP:0010864,2-HP:0011420"
1062,1929,HGNC:17399,ARHGAP32,MONDO:0001071,intellectual disability,HP:0000006,Autosomal dominant inheritance,Autosomal dominant,1,Yes,11/25/2016 0:00:00,Definitive,1,"1-HP:0000708,1-HP:0001249,1-HP:0002342"
1063,1930,HGNC:7672,NCOR1,MONDO:0005258,autism spectrum disorder,HP:0000006,Autosomal dominant inheritance,Autosomal dominant,1,Yes,11/25/2016 0:00:00,Definitive,1,"1-HP:0000708,1-HP:0001249,1-HP:0001256,1-HP:0002342,2-HP:0000924"
1064,1931,HGNC:34016,RNU4ATAC,OMIM:210710,"Microcephalic osteodysplastic primordial dwarfism, type I",HP:0000007,Autosomal recessive inheritance,Autosomal recessive,1,Yes,11/28/2016 0:00:00,Definitive,1,"1-HP:0000252,1-HP:0000707,1-HP:0000924,1-HP:0001249,1-HP:0001256,1-HP:0001574,1-HP:0002011,1-HP:0002342,1-HP:0004322,1-HP:0011420"
1065,1932,HGNC:34016,RNU4ATAC,OMIM:616651,Roifman syndrome,HP:0000007,Autosomal recessive inheritance,Autosomal recessive,1,Yes,11/28/2016 0:00:00,Definitive,1,"1-HP:0000252,1-HP:0000707,1-HP:0000924,1-HP:0001249,1-HP:0001256,1-HP:0001574,1-HP:0001999,1-HP:0002342,1-HP:0002715,1-HP:0004322"
1066,1933,HGNC:5028,HNMT,OMIM:616739,"Intellectual developmental disorder, autosomal recessive 51",HP:0000007,Autosomal recessive inheritance,Autosomal recessive,1,Yes,11/28/2016 0:00:00,Definitive,1,"1-HP:0001249,1-HP:0002342,2-HP:0002376,2-HP:0004322"
1067,1934,HGNC:4137,GAN,OMIM:256850,Giant axonal neuropathy-1,HP:0000007,Autosomal recessive inheritance,Autosomal recessive,1,Yes,11/28/2016 0:00:00,Definitive,1,"1-HP:0000707,1-HP:0001249,1-HP:0001250,1-HP:0002011,1-HP:0003676,1-HP:0011420"
1068,1939,HGNC:29508,KIDINS220,OMIM:617296,"Spastic paraplegia, intellectual disability, nystagmus, and obesity",HP:0000006,Autosomal dominant inheritance,Autosomal dominant,1,Yes,3/7/2017 0:00:00,Definitive,1,"1-HP:0000478,1-HP:0000478,1-HP:0000478,1-HP:0000707,1-HP:0000707,1-HP:0000707,1-HP:0000924,1-HP:0001249,1-HP:0001249,1-HP:0001249,1-HP:0001256,1-HP:0001256,1-HP:0001513,1-HP:0001513,1-HP:0001513,1-HP:0001999,1-HP:0002011,1-HP:0002342,1-HP:0002342"
1069,1940,HGNC:30782,NAA15,OMIM:617787,"Intellectual developmental disorder, autosomal dominant 50, with behavioral abnormalities",HP:0000006,Autosomal dominant inheritance,Autosomal dominant,1,Yes,3/7/2017 0:00:00,Definitive,1,"1-HP:0000708,1-HP:0000708,1-HP:0000924,1-HP:0000924,1-HP:0001249,1-HP:0001249,1-HP:0001250,1-HP:0001256,1-HP:0001256,1-HP:0001627,1-HP:0002342,1-HP:0010864,2-HP:0001250,2-HP:0001250,2-HP:0001627,2-HP:0001627"
1070,1949,HGNC:3211,EEF1D,MONDO:0001071,intellectual disability,HP:0000007,Autosomal recessive inheritance,Autosomal recessive,1,Yes,3/7/2017 0:00:00,Definitive,1,"1-HP:0000252,1-HP:0000707,1-HP:0001249,1-HP:0001249,1-HP:0001249,1-HP:0001250,1-HP:0001250,1-HP:0001256,1-HP:0001256,1-HP:0002011,1-HP:0002342,1-HP:0002342,1-HP:0004322,1-HP:0010864"
1071,1952,HGNC:4124,GALNT2,OMIM:618885,"Congenital disorder of glycosylation, type IIt",HP:0000007,Autosomal recessive inheritance,Autosomal recessive,1,Yes,3/7/2017 0:00:00,Definitive,1,"1-HP:0000478,1-HP:0000707,1-HP:0000708,1-HP:0001249,1-HP:0001250,1-HP:0001871,1-HP:0001999,1-HP:0002011,1-HP:0004322,1-HP:0010864,1-HP:0011024,2-HP:0000252"
1072,1955,HGNC:4599,GRM7,OMIM:618922,"Neurodevelopmental disorder with seizures, hypotonia, and brain abnormalities",HP:0000007,Autosomal recessive inheritance,Autosomal recessive,1,Yes,3/7/2017 0:00:00,Definitive,1,"1-HP:0000252,1-HP:0000252,1-HP:0000707,1-HP:0000707,1-HP:0001249,1-HP:0001249,1-HP:0001250,1-HP:0001250,1-HP:0001999,1-HP:0001999,1-HP:0002011,1-HP:0002011,1-HP:0002187,1-HP:0002187,1-HP:0002342,1-HP:0002715,1-HP:0004322,1-HP:0004322,1-HP:0010864,1-HP:0010864,2-HP:0000818,2-HP:0000818"
1073,1959,HGNC:18798,SLC44A1,OMIM:618868,"Neurodegeneration, childhood-onset, with ataxia, tremor, optic atrophy, and cognitive decline",HP:0000007,Autosomal recessive inheritance,Autosomal recessive,1,Yes,3/8/2017 0:00:00,Definitive,1,"1-HP:0000707,1-HP:0001249,1-HP:0002376,1-HP:0003676,3-HP:0001256"
1074,1963,HGNC:28983,TMEM94,OMIM:618316,Intellectual developmental disorder with cardiac defects and dysmorphic facies,HP:0000007,Autosomal recessive inheritance,Autosomal recessive,1,Yes,3/8/2017 0:00:00,Definitive,1,"1-HP:0000256,1-HP:0000478,1-HP:0000924,1-HP:0001249,1-HP:0001256,1-HP:0001548,1-HP:0001627,1-HP:0001999,1-HP:0002342,2-HP:0002011"
1075,1965,HGNC:4666,GTF3C3,MONDO:0001071,intellectual disability,HP:0000007,Autosomal recessive inheritance,Autosomal recessive,1,Yes,3/8/2017 0:00:00,Definitive,1,"1-HP:0000252,1-HP:0000707,1-HP:0001249,1-HP:0001249,1-HP:0001250,1-HP:0001256,1-HP:0001999,1-HP:0001999,1-HP:0002011,1-HP:0002342,1-HP:0010864,1-HP:0011024"
1076,1986,HGNC:26933,SPOUT1,MONDO:0001071,intellectual disability,HP:0000007,Autosomal recessive inheritance,Autosomal recessive,1,Yes,3/8/2017 0:00:00,Definitive,1,"1-HP:0000252,1-HP:0000252,1-HP:0000478,1-HP:0000478,1-HP:0000707,1-HP:0000707,1-HP:0000708,1-HP:0000708,1-HP:0001249,1-HP:0001249,1-HP:0001249,1-HP:0001250,1-HP:0001250,1-HP:0001256,1-HP:0001256,1-HP:0001999,1-HP:0001999,1-HP:0002011,1-HP:0002011,1-HP:0002342,1-HP:0002342,1-HP:0004322,1-HP:0004322,1-HP:0006889,1-HP:0006889,1-HP:0010864,1-HP:0010864"
1077,1994,HGNC:4908,HIBCH,OMIM:250620,3-hydroxyisobutryl-CoA hydrolase deficiency,HP:0000007,Autosomal recessive inheritance,Autosomal recessive,1,Yes,3/8/2017 0:00:00,Definitive,1,"1-HP:0000707,1-HP:0001249,1-HP:0001939,1-HP:0003676,2-HP:0001250,2-HP:0011420"
1078,1997,HGNC:26053,THG1L,OMIM:618800,"Spinocerebellar ataxia, autosomal recessive 28",HP:0000007,Autosomal recessive inheritance,Autosomal recessive,1,Yes,3/8/2017 0:00:00,Definitive,1,"1-HP:0000707,1-HP:0001249,1-HP:0001256,1-HP:0002011,2-HP:0001250"
1079,2003,HGNC:12730,WARS2,OMIM:617710,"Neurodevelopmental disorder, mitochondrial, with abnormal movements and lactic acidosis, with or without seizures",HP:0000007,Autosomal recessive inheritance,Autosomal recessive,1,Yes,3/8/2017 0:00:00,Definitive,1,"1-HP:0000707,1-HP:0001249,1-HP:0001250,1-HP:0001256,1-HP:0001939,1-HP:0002011,1-HP:0002342,1-HP:0011420,1-HP:0012103"
1080,2004,HGNC:20286,TRIT1,OMIM:617873,Combined oxidative phosphorylation deficiency 35,HP:0000007,Autosomal recessive inheritance,Autosomal recessive,1,Yes,3/8/2017 0:00:00,Definitive,1,"1-HP:0000252,1-HP:0000252,1-HP:0000707,1-HP:0001249,1-HP:0001249,1-HP:0001250,1-HP:0001250,1-HP:0001256,1-HP:0001256,1-HP:0001627,1-HP:0002011,1-HP:0002187,1-HP:0002342,1-HP:0002342,1-HP:0010864,1-HP:0012103,2-HP:0000365,2-HP:0000478,2-HP:0011420"
1081,2005,HGNC:9479,LONP1,OMIM:600373,CODAS syndrome,HP:0000007,Autosomal recessive inheritance,Autosomal recessive,1,Yes,3/8/2017 0:00:00,Definitive,1,"1-HP:0000365,1-HP:0000478,1-HP:0000924,1-HP:0001249,1-HP:0001256,1-HP:0001999,1-HP:0002342,1-HP:0004322,2-HP:0002011,2-HP:0002376,2-HP:0003676,2-HP:0012103,3-HP:0010864"
1082,2006,HGNC:30563,PARS2,OMIM:618437,Developmental and epileptic encephalopathy 75,HP:0000007,Autosomal recessive inheritance,Autosomal recessive,1,Yes,3/8/2017 0:00:00,Definitive,1,"1-HP:0000252,1-HP:0000252,1-HP:0000478,1-HP:0000707,1-HP:0000707,1-HP:0000707,1-HP:0001249,1-HP:0001249,1-HP:0001249,1-HP:0001250,1-HP:0001250,1-HP:0001250,1-HP:0001627,1-HP:0002011,1-HP:0002187,1-HP:0002376,1-HP:0002376,1-HP:0002376,1-HP:0003011,1-HP:0003676,1-HP:0003676,1-HP:0004322,1-HP:0010864,1-HP:0012103,2-HP:0011420"
1083,2009,HGNC:10586,SCN1B,OMIM:617350,Developmental and epileptic encephalopathy 52,HP:0000007,Autosomal recessive inheritance,Autosomal recessive,1,Yes,3/8/2017 0:00:00,Definitive,1,"1-HP:0000924,1-HP:0001249,1-HP:0001250,1-HP:0002011,1-HP:0002342,1-HP:0010864,1-HP:0011420,2-HP:0000252"
1084,2017,HGNC:33882,INPP5K,OMIM:617404,"Muscular dystrophy, congenital, with cataracts and intellectual disability",HP:0000007,Autosomal recessive inheritance,Autosomal recessive,1,Yes,3/8/2017 0:00:00,Definitive,1,"1-HP:0000252,1-HP:0000478,1-HP:0001249,1-HP:0001250,1-HP:0001256,1-HP:0003011,1-HP:0004322"
1085,2018,HGNC:9557,PSMD12,OMIM:617516,Stankiewicz-Isidor syndrome,HP:0000006,Autosomal dominant inheritance,Autosomal dominant,1,Yes,3/8/2017 0:00:00,Definitive,1,"1-HP:0000077,1-HP:0000077,1-HP:0000119,1-HP:0000119,1-HP:0000365,1-HP:0000478,1-HP:0000478,1-HP:0000708,1-HP:0000708,1-HP:0000924,1-HP:0001249,1-HP:0001249,1-HP:0001256,1-HP:0001256,1-HP:0001627,1-HP:0001627,1-HP:0001999,1-HP:0002342,1-HP:0002342,2-HP:0000707,2-HP:0001250,4-HP:0000707,4-HP:0001250"
1086,2019,HGNC:3518,EXTL3,OMIM:617425,Immunoskeletal dysplasia with neurodevelopmental abnormalities,HP:0000007,Autosomal recessive inheritance,Autosomal recessive,1,Yes,3/8/2017 0:00:00,Definitive,1,"1-HP:0000077,1-HP:0000924,1-HP:0001249,1-HP:0001256,1-HP:0001999,1-HP:0002342,1-HP:0002715,1-HP:0004322"
1087,2020,HGNC:28908,DNAJC12,OMIM:617384,"Hyperphenylalaninemia, mild, non-BH4-deficient",HP:0000007,Autosomal recessive inheritance,Autosomal recessive,1,Yes,3/8/2017 0:00:00,Definitive,1,"1-HP:0000707,1-HP:0001249,1-HP:0001939,1-HP:0003676"
1088,2021,HGNC:6971,MDH2,OMIM:617339,Developmental and epileptic encephalopathy 51,HP:0000007,Autosomal recessive inheritance,Autosomal recessive,1,Yes,3/8/2017 0:00:00,Definitive,1,"1-HP:0000707,1-HP:0001249,1-HP:0001250,1-HP:0001256,1-HP:0001939,1-HP:0002011,1-HP:0002342,1-HP:0004322"
1089,2023,HGNC:9457,PLPBP,OMIM:617290,"Epilepsy, early-onset, 1, vitamin B6-dependent",HP:0000007,Autosomal recessive inheritance,Autosomal recessive,1,Yes,3/9/2017 0:00:00,Definitive,1,"1-HP:0000252,1-HP:0000252,1-HP:0001249,1-HP:0001249,1-HP:0001250,1-HP:0001250,1-HP:0001256,1-HP:0001256,1-HP:0002011,1-HP:0002011,1-HP:0002342,1-HP:0002342"
1090,2024,HGNC:2993,DONSON,OMIM:617604,"Microcephaly, short stature, and limb abnormalities",HP:0000007,Autosomal recessive inheritance,Autosomal recessive,1,Yes,3/9/2017 0:00:00,Definitive,1,"1-HP:0000252,1-HP:0001249,1-HP:0001256,1-HP:0002011,1-HP:0004322"
1091,2025,HGNC:15954,TOE1,OMIM:614969,"Pontocerebellar hypoplasia, type 7",HP:0000007,Autosomal recessive inheritance,Autosomal recessive,1,Yes,3/9/2017 0:00:00,Definitive,1,"1-HP:0000119,1-HP:0000252,1-HP:0000252,1-HP:0000707,1-HP:0000707,1-HP:0000818,1-HP:0001249,1-HP:0001249,1-HP:0001256,1-HP:0002011,1-HP:0002011,1-HP:0002342,3-HP:0001999"
1092,2026,HGNC:2201,COL3A1,OMIM:618343,Polymicrogyria with or without vascular-type EDS,HP:0000007,Autosomal recessive inheritance,Autosomal recessive,1,Yes,3/9/2017 0:00:00,Definitive,1,"1-HP:0000924,1-HP:0001249,1-HP:0001249,1-HP:0001250,1-HP:0001250,1-HP:0001256,1-HP:0001256,1-HP:0001574,1-HP:0002011,1-HP:0002011,1-HP:0002342,1-HP:0002342,1-HP:0006889,1-HP:0011420"
1093,2031,HGNC:18037,ARID2,OMIM:617808,Coffin-Siris syndrome 6,HP:0000006,Autosomal dominant inheritance,Autosomal dominant,1,Yes,3/9/2017 0:00:00,Definitive,1,"1-HP:0000478,1-HP:0000478,1-HP:0000708,1-HP:0000708,1-HP:0000708,1-HP:0000924,1-HP:0000924,1-HP:0000924,1-HP:0001249,1-HP:0001249,1-HP:0001249,1-HP:0001256,1-HP:0001256,1-HP:0001256,1-HP:0001999,1-HP:0001999,1-HP:0001999,1-HP:0002011,1-HP:0002011,1-HP:0002342,1-HP:0002342,1-HP:0002342,1-HP:0004322,1-HP:0004322,1-HP:0004322,1-HP:0010864,1-HP:0010864,1-HP:0011024,1-HP:0011024,1-HP:0011024,2-HP:0002011,2-HP:0002011,2-HP:0002270,2-HP:0002270,2-HP:0002270"
1094,2032,HGNC:20862,SLC39A8,OMIM:616721,"Congenital disorder of glycosylation, type IIn",HP:0000007,Autosomal recessive inheritance,Autosomal recessive,1,Yes,3/9/2017 0:00:00,Definitive,1,"1-HP:0000478,1-HP:0000707,1-HP:0001249,1-HP:0001939,1-HP:0002011,1-HP:0002342,1-HP:0004322,1-HP:0010864"
1095,2035,HGNC:1460,CAMK2A,OMIM:617798,"Intellectual developmental disorder, autosomal dominant 53",HP:0000006,Autosomal dominant inheritance,Autosomal dominant,1,Yes,3/9/2017 0:00:00,Definitive,1,"1-HP:0000707,1-HP:0000708,1-HP:0001249,1-HP:0001256,1-HP:0001999,2-HP:0001250"
1096,2038,HGNC:29666,MTFMT,OMIM:614947,Combined oxidative phosphorylation deficiency 15,HP:0000007,Autosomal recessive inheritance,Autosomal recessive,1,Yes,3/9/2017 0:00:00,Definitive,1,"1-HP:0000252,1-HP:0000707,1-HP:0001249,1-HP:0001256,1-HP:0001939,1-HP:0002011,1-HP:0002342,1-HP:0012103"
1097,2039,HGNC:30764,TRAIP,OMIM:616777,Seckel syndrome 9,HP:0000007,Autosomal recessive inheritance,Autosomal recessive,1,Yes,3/9/2017 0:00:00,Definitive,1,"1-HP:0000252,1-HP:0001249,1-HP:0001256,1-HP:0001999,1-HP:0002011,1-HP:0004322,2-HP:0011420"
1098,2040,HGNC:13780,GFM1,OMIM:609060,Combined oxidative phosphorylation deficiency 1,HP:0000007,Autosomal recessive inheritance,Autosomal recessive,1,Yes,3/9/2017 0:00:00,Definitive,1,"1-HP:0000707,1-HP:0000708,1-HP:0001249,1-HP:0001249,1-HP:0001250,1-HP:0002011,1-HP:0002187,1-HP:0002376,1-HP:0003676,1-HP:0010864,1-HP:0011024,1-HP:0011420,1-HP:0012103"
1099,2041,HGNC:20778,TUBB,OMIM:615771,"Cortical dysplasia, complex, with other brain malformations 6",HP:0000006,Autosomal dominant inheritance,Autosomal dominant,1,Yes,3/9/2017 0:00:00,Definitive,1,"1-HP:0000252,1-HP:0001249,1-HP:0002011,1-HP:0002342,1-HP:0010864"
1100,2044,HGNC:7648,NBEA,OMIM:619157,Neurodevelopmental disorder with or without early-onset generalized epilepsy,HP:0000006,Autosomal dominant inheritance,Autosomal dominant,1,Yes,3/9/2017 0:00:00,Definitive,1,"1-HP:0000707,1-HP:0000708,1-HP:0001249,1-HP:0001250,1-HP:0002342"
1101,2047,HGNC:12933,ZNF148,OMIM:617260,"Global developmental delay, absent or hypoplastic corpus callosum, and dysmorphic facies",HP:0000006,Autosomal dominant inheritance,Autosomal dominant,1,Yes,8/6/2017 0:00:00,Definitive,1,"1-HP:0000077,1-HP:0000119,1-HP:0000252,1-HP:0000252,1-HP:0000707,1-HP:0000708,1-HP:0000924,1-HP:0001249,1-HP:0001249,1-HP:0001574,1-HP:0001627,1-HP:0001871,1-HP:0001999,1-HP:0001999,1-HP:0002011,1-HP:0002011,1-HP:0002342,1-HP:0002715,1-HP:0004322,1-HP:0004322,1-HP:0040064,2-HP:0000365,3-HP:0001250"
1102,2048,HGNC:9043,PLAA,OMIM:617527,"Neurodevelopmental disorder with progressive microcephaly, spasticity, and brain anomalies",HP:0000007,Autosomal recessive inheritance,Autosomal recessive,1,Yes,8/6/2017 0:00:00,Definitive,1,"1-HP:0000252,1-HP:0000252,1-HP:0000707,1-HP:0000707,1-HP:0001249,1-HP:0001249,1-HP:0001250,1-HP:0001250,1-HP:0001999,1-HP:0001999,1-HP:0002011,1-HP:0002011,1-HP:0002187,1-HP:0002187,1-HP:0003676,1-HP:0003676,1-HP:0011420,1-HP:0011420,2-HP:0000924,2-HP:0000924"
1103,2049,HGNC:17939,SLC45A1,OMIM:617532,Intellectual developmental disorder with neuropsychiatric features,HP:0000007,Autosomal recessive inheritance,Autosomal recessive,1,Yes,8/6/2017 0:00:00,Definitive,1,"1-HP:0000708,1-HP:0000708,1-HP:0001249,1-HP:0001249,1-HP:0001250,1-HP:0001250,1-HP:0001256,1-HP:0001999,1-HP:0002342,1-HP:0002342"
1104,2050,HGNC:6299,KCNQ5,OMIM:617601,"Intellectual developmental disorder, autosomal dominant 46",HP:0000006,Autosomal dominant inheritance,Autosomal dominant,1,Yes,8/6/2017 0:00:00,Definitive,1,"1-HP:0000707,1-HP:0000707,1-HP:0000707,1-HP:0001249,1-HP:0001249,1-HP:0001249,1-HP:0001250,1-HP:0001250,1-HP:0001250,1-HP:0001256,1-HP:0001256,1-HP:0001256,1-HP:0002342,1-HP:0006889"
1105,2051,HGNC:24281,OTUD6B,OMIM:617452,"Intellectual developmental disorder with dysmorphic facies, seizures, and distal limb anomalies",HP:0000007,Autosomal recessive inheritance,Autosomal recessive,1,Yes,8/6/2017 0:00:00,Definitive,1,"1-HP:0000077,1-HP:0000252,1-HP:0000252,1-HP:0000252,1-HP:0000707,1-HP:0000707,1-HP:0000707,1-HP:0000708,1-HP:0000708,1-HP:0000708,1-HP:0000924,1-HP:0000924,1-HP:0000924,1-HP:0001249,1-HP:0001249,1-HP:0001249,1-HP:0001250,1-HP:0001250,1-HP:0001250,1-HP:0001256,1-HP:0001256,1-HP:0001627,1-HP:0001999,1-HP:0001999,1-HP:0001999,1-HP:0002011,1-HP:0002011,1-HP:0002011,1-HP:0002342,1-HP:0002342,1-HP:0004322,1-HP:0004322,1-HP:0004322,1-HP:0010864,1-HP:0010864,1-HP:0040064,3-HP:0001256,3-HP:0001256,3-HP:0001256"
1106,2052,HGNC:13420,PRUNE1,OMIM:617481,"Neurodevelopmental disorder with microcephaly, hypotonia, and variable brain anomalies",HP:0000007,Autosomal recessive inheritance,Autosomal recessive,1,Yes,8/6/2017 0:00:00,Definitive,1,"1-HP:0000252,1-HP:0000252,1-HP:0000707,1-HP:0000707,1-HP:0001249,1-HP:0001249,1-HP:0001250,1-HP:0001250,1-HP:0001999,1-HP:0002011,1-HP:0002011,1-HP:0002342,1-HP:0002342,1-HP:0003676,1-HP:0004322,1-HP:0004322,1-HP:0010864,1-HP:0010864"
1107,2053,HGNC:8011,CNTNAP1,OMIM:616286,Lethal congenital contracture syndrome 7,HP:0000007,Autosomal recessive inheritance,Autosomal recessive,1,Yes,8/6/2017 0:00:00,Definitive,1,"1-HP:0000707,1-HP:0000924,1-HP:0001249,1-HP:0001250,1-HP:0002011,1-HP:0010864,1-HP:0011420"
1108,2058,HGNC:20772,TUBB3,OMIM:614039,"Cortical dysplasia, complex, with other brain malformations 1",HP:0000006,Autosomal dominant inheritance,Autosomal dominant,1,Yes,8/7/2017 0:00:00,Definitive,1,"1-HP:0000478,1-HP:0000707,1-HP:0001249,1-HP:0002011,2-HP:0000252,2-HP:0001250,3-HP:0001256"
1109,2060,HGNC:1424,CAD,OMIM:616457,Developmental and epileptic encephalopathy 50,HP:0000007,Autosomal recessive inheritance,Autosomal recessive,1,Yes,8/7/2017 0:00:00,Definitive,1,"1-HP:0000707,1-HP:0001249,1-HP:0001250,1-HP:0001871,1-HP:0001939,1-HP:0002376,1-HP:0003676,1-HP:0011420,3-HP:0001256"
1110,2064,HGNC:24555,INTS1,OMIM:618571,"Neurodevelopmental disorder with cataracts, poor growth, and dysmorphic facies",HP:0000007,Autosomal recessive inheritance,Autosomal recessive,1,Yes,8/7/2017 0:00:00,Definitive,1,"1-HP:0000077,1-HP:0000119,1-HP:0000478,1-HP:0000707,1-HP:0000708,1-HP:0000924,1-HP:0001249,1-HP:0001999,1-HP:0002342,1-HP:0010864"
1111,2065,HGNC:6256,KCNJ10,OMIM:612780,SESAME syndrome,HP:0000007,Autosomal recessive inheritance,Autosomal recessive,1,Yes,8/7/2017 0:00:00,Definitive,1,"1-HP:0000077,1-HP:0000365,1-HP:0000365,1-HP:0000707,1-HP:0000707,1-HP:0001249,1-HP:0001249,1-HP:0001250,1-HP:0001250,1-HP:0001256,1-HP:0001256,1-HP:0002011,1-HP:0002011,1-HP:0002342,1-HP:0002342,1-HP:0006889,1-HP:0010864"
1112,2067,HGNC:1329,SLC30A9,OMIM:617595,Birk-Landau-Perez syndrome,HP:0000007,Autosomal recessive inheritance,Autosomal recessive,1,Yes,8/7/2017 0:00:00,Definitive,1,"1-HP:0000077,1-HP:0000707,1-HP:0001249,1-HP:0001249,1-HP:0002187,4-HP:0002376,4-HP:0003676"
1113,2069,HGNC:8966,PIGL,OMIM:280000,CHIME syndrome,HP:0000007,Autosomal recessive inheritance,Autosomal recessive,1,Yes,8/7/2017 0:00:00,Definitive,1,"1-HP:0000478,1-HP:0000478,1-HP:0001249,1-HP:0001249,1-HP:0001250,1-HP:0001250,1-HP:0001256,1-HP:0001256,1-HP:0001574,1-HP:0001574,1-HP:0001999,1-HP:0002342,1-HP:0002342"
1114,2075,HGNC:23066,TRAPPC6B,OMIM:617862,"Neurodevelopmental disorder with microcephaly, epilepsy, and brain atrophy",HP:0000007,Autosomal recessive inheritance,Autosomal recessive,1,Yes,8/7/2017 0:00:00,Definitive,1,"1-HP:0000252,1-HP:0000252,1-HP:0000707,1-HP:0000707,1-HP:0000708,1-HP:0000708,1-HP:0001249,1-HP:0001249,1-HP:0001250,1-HP:0001250,1-HP:0001999,1-HP:0002011,1-HP:0002342,1-HP:0010864,1-HP:0010864"
1115,2076,HGNC:1161,CEP55,OMIM:236500,"Multinucleated neurons, anhydramnios, renal dysplasia, cerebellar hypoplasia, and hydranencephaly",HP:0000007,Autosomal recessive inheritance,Autosomal recessive,1,Yes,8/7/2017 0:00:00,Definitive,1,"1-HP:0000252,1-HP:0000478,1-HP:0000708,1-HP:0001249,1-HP:0002011,1-HP:0002342,1-HP:0010864,1-HP:0011420,1-HP:0040064"
1116,2080,HGNC:11276,SPTBN2,OMIM:615386,"Spinocerebellar ataxia, autosomal recessive 14",HP:0000007,Autosomal recessive inheritance,Autosomal recessive,1,Yes,8/7/2017 0:00:00,Definitive,1,"1-HP:0000707,1-HP:0001249,1-HP:0001256,1-HP:0002342,1-HP:0003676,2-HP:0000708"
1117,2082,HGNC:8127,OGT,OMIM:300997,"Intellectual developmental disorder, X-linked 106",HP:0001417,X-linked other inheritance,X-linked,1,Yes,8/7/2017 0:00:00,Definitive,1,"1-HP:0000119,1-HP:0000119,1-HP:0000252,1-HP:0000478,1-HP:0000707,1-HP:0000707,1-HP:0000708,1-HP:0000924,1-HP:0001249,1-HP:0001249,1-HP:0001256,1-HP:0001256,1-HP:0001999,1-HP:0002011,1-HP:0002342,1-HP:0002342,1-HP:0004322,1-HP:0010864,2-HP:0000252,2-HP:0000365"
1118,2084,HGNC:28128,TMEM107,OMIM:617563,Orofaciodigital syndrome XVI,HP:0000007,Autosomal recessive inheritance,Autosomal recessive,1,Yes,8/7/2017 0:00:00,Definitive,1,"1-HP:0000478,1-HP:0000707,1-HP:0001249,1-HP:0001256,1-HP:0001999,1-HP:0002011,1-HP:0002342,1-HP:0040064"
1119,2088,HGNC:4718,H1-4,OMIM:617537,Rahman syndrome,HP:0000006,Autosomal dominant inheritance,Autosomal dominant,1,Yes,8/7/2017 0:00:00,Definitive,1,"1-HP:0000256,1-HP:0000256,1-HP:0001249,1-HP:0001249,1-HP:0001256,1-HP:0001256,1-HP:0001548,1-HP:0001548,1-HP:0001999,1-HP:0002342,1-HP:0002342"
1120,2089,HGNC:20730,ARMC9,OMIM:617622,Joubert syndrome 30,HP:0000007,Autosomal recessive inheritance,Autosomal recessive,1,Yes,8/7/2017 0:00:00,Definitive,1,"1-HP:0000478,1-HP:0000707,1-HP:0001249,1-HP:0001256,1-HP:0002011,1-HP:0002342,1-HP:0040064"
1121,2090,HGNC:21208,WDR26,OMIM:617616,Skraban-Deardorff syndrome,HP:0000006,Autosomal dominant inheritance,Autosomal dominant,1,Yes,8/7/2017 0:00:00,Definitive,1,"1-HP:0000707,1-HP:0000708,1-HP:0001249,1-HP:0001250,1-HP:0001256,1-HP:0001999,1-HP:0002011,1-HP:0002342"
1122,2091,HGNC:12852,YWHAG,OMIM:617665,Developmental and epileptic encephalopathy 56,HP:0000006,Autosomal dominant inheritance,Autosomal dominant,1,Yes,8/7/2017 0:00:00,Definitive,1,"1-HP:0000707,1-HP:0000707,1-HP:0000707,1-HP:0000707,1-HP:0000708,1-HP:0000708,1-HP:0000708,1-HP:0000708,1-HP:0001249,1-HP:0001249,1-HP:0001249,1-HP:0001249,1-HP:0001250,1-HP:0001250,1-HP:0001250,1-HP:0001250,1-HP:0001256,1-HP:0001256,1-HP:0001256,1-HP:0001256,1-HP:0001999,1-HP:0001999,1-HP:0002342,1-HP:0002342,1-HP:0002342,1-HP:0002342,1-HP:0010864,1-HP:0010864,2-HP:0002011,2-HP:0002011"
1123,2092,HGNC:24284,TRAPPC12,OMIM:617669,"Encephalopathy, progressive, early-onset, with brain atrophy and spasticity",HP:0000007,Autosomal recessive inheritance,Autosomal recessive,1,Yes,8/7/2017 0:00:00,Definitive,1,"1-HP:0000365,1-HP:0000707,1-HP:0001249,1-HP:0001250,1-HP:0002011,1-HP:0002376,1-HP:0003676,1-HP:0010864"
1124,2093,HGNC:12511,UBTF,OMIM:617672,"Neurodegeneration, childhood-onset, with brain atrophy",HP:0000006,Autosomal dominant inheritance,Autosomal dominant,1,Yes,8/7/2017 0:00:00,Definitive,1,"1-HP:0000707,1-HP:0000707,1-HP:0000707,1-HP:0001249,1-HP:0001249,1-HP:0001249,1-HP:0001250,1-HP:0001250,1-HP:0001250,1-HP:0002011,1-HP:0002011,1-HP:0002011,1-HP:0002376,1-HP:0002376,1-HP:0002376,1-HP:0003676,1-HP:0003676,1-HP:0003676,3-HP:0002187,3-HP:0002187,3-HP:0002187"
1125,2094,HGNC:16618,MRPS34,OMIM:617664,Combined oxidative phosphorylation deficiency 32,HP:0000007,Autosomal recessive inheritance,Autosomal recessive,1,Yes,8/7/2017 0:00:00,Definitive,1,"1-HP:0000252,1-HP:0001249,1-HP:0001939,1-HP:0001999,1-HP:0002376"
1126,2095,HGNC:37216,LIPT2,OMIM:617668,"Encephalopathy, neonatal severe, with lactic acidosis and brain abnormalities",HP:0000007,Autosomal recessive inheritance,Autosomal recessive,1,Yes,8/7/2017 0:00:00,Definitive,1,"1-HP:0000707,1-HP:0001249,1-HP:0001249,1-HP:0001939,1-HP:0001939,1-HP:0002011,1-HP:0002011,1-HP:0011420,1-HP:0011420,2-HP:0001250,2-HP:0001250"
1127,2096,HGNC:9208,POR,OMIM:201750,Antley-Bixler syndrome with genital anomalies and disordered steroidogenesis,HP:0000007,Autosomal recessive inheritance,Autosomal recessive,1,Yes,8/7/2017 0:00:00,Definitive,1,"1-HP:0000365,1-HP:0000818,1-HP:0000924,1-HP:0001249"
1128,2097,HGNC:8657,PCDH12,OMIM:251280,Diencephalic-mesencephalic junction dysplasia syndrome 1,HP:0000007,Autosomal recessive inheritance,Autosomal recessive,1,Yes,8/7/2017 0:00:00,Definitive,1,"1-HP:0000252,1-HP:0001249,1-HP:0001250,1-HP:0002011,1-HP:0002342,1-HP:0010864"
1129,2098,HGNC:19321,NKX6-2,OMIM:617560,"Spastic ataxia 8, autosomal recessive, with hypomyelinating leukodystrophy",HP:0000007,Autosomal recessive inheritance,Autosomal recessive,1,Yes,8/7/2017 0:00:00,Definitive,1,"1-HP:0000707,1-HP:0001249,1-HP:0001250,1-HP:0002011,1-HP:0002342,1-HP:0010864"
1130,2099,HGNC:11503,SYNJ1,OMIM:617389,Developmental and epileptic encephalopathy 53,HP:0000007,Autosomal recessive inheritance,Autosomal recessive,1,Yes,8/7/2017 0:00:00,Definitive,1,"1-HP:0000707,1-HP:0000707,1-HP:0001249,1-HP:0001249,1-HP:0001250,1-HP:0001250,1-HP:0002187,1-HP:0002342,1-HP:0002342,1-HP:0003676,1-HP:0003676,1-HP:0010864,1-HP:0010864,1-HP:0011420,1-HP:0011420,2-HP:0012103,2-HP:0012103"
1131,2100,HGNC:3046,PIGP,OMIM:617599,Developmental and epileptic encephalopathy 55,HP:0000007,Autosomal recessive inheritance,Autosomal recessive,1,Yes,8/7/2017 0:00:00,Definitive,1,"1-HP:0000252,1-HP:0000707,1-HP:0000707,1-HP:0001249,1-HP:0001249,1-HP:0001250,1-HP:0001250,1-HP:0002011,1-HP:0002187,1-HP:0002342,1-HP:0010864,1-HP:0011420,2-HP:0000256,2-HP:0001627,2-HP:0011420,2-HP:0011420"
1132,2102,HGNC:10982,SLC25A12,OMIM:612949,Developmental and epileptic encephalopathy 39,HP:0000007,Autosomal recessive inheritance,Autosomal recessive,1,Yes,8/7/2017 0:00:00,Definitive,1,"1-HP:0000707,1-HP:0001249,1-HP:0001250,1-HP:0002011,1-HP:0002342,1-HP:0010864"
1133,2103,HGNC:8740,CHMP1A,OMIM:614961,"Pontocerebellar hypoplasia, type 8",HP:0000007,Autosomal recessive inheritance,Autosomal recessive,1,Yes,8/7/2017 0:00:00,Definitive,1,"1-HP:0000252,1-HP:0000478,1-HP:0000707,1-HP:0001249,1-HP:0001256,1-HP:0002011,1-HP:0002342,1-HP:0004322"
1134,2110,HGNC:25622,TBC1D23,OMIM:617695,"Pontocerebellar hypoplasia, type 11",HP:0000007,Autosomal recessive inheritance,Autosomal recessive,1,Yes,8/7/2017 0:00:00,Definitive,1,"1-HP:0000252,1-HP:0000252,1-HP:0000707,1-HP:0000707,1-HP:0000708,1-HP:0000708,1-HP:0001249,1-HP:0001249,1-HP:0001256,1-HP:0002011,1-HP:0002011,1-HP:0002342,1-HP:0010864,1-HP:0010864"
1135,2111,HGNC:16740,ZBTB11,OMIM:618383,"Intellectual developmental disorder, autosomal recessive 69",HP:0000007,Autosomal recessive inheritance,Autosomal recessive,1,Yes,8/7/2017 0:00:00,Definitive,1,"1-HP:0000252,1-HP:0000252,1-HP:0000252,1-HP:0000478,1-HP:0000707,1-HP:0000707,1-HP:0000707,1-HP:0000707,1-HP:0001249,1-HP:0001249,1-HP:0001249,1-HP:0001249,1-HP:0001256,1-HP:0001256,1-HP:0001256,1-HP:0002011,1-HP:0002011,1-HP:0002011,1-HP:0002187,1-HP:0002342,1-HP:0002342,1-HP:0002342,1-HP:0002342,1-HP:0002376,1-HP:0002376,1-HP:0002376,1-HP:0003676,1-HP:0003676,1-HP:0010864,2-HP:0000708,2-HP:0000708,2-HP:0002011,2-HP:0002011,2-HP:0002011"
1136,2130,HGNC:327,AGPS,OMIM:600121,"Rhizomelic chondrodysplasia punctata, type 3",HP:0000007,Autosomal recessive inheritance,Autosomal recessive,1,Yes,11/27/2017 0:00:00,Definitive,1,"1-HP:0000252,1-HP:0000252,1-HP:0000478,1-HP:0000478,1-HP:0000924,1-HP:0000924,1-HP:0001249,1-HP:0001249,1-HP:0001250,1-HP:0001256,1-HP:0001939,1-HP:0001999,1-HP:0001999,1-HP:0002011,1-HP:0002342,1-HP:0004322,1-HP:0004322,2-HP:0001250,3-HP:0001939"
1137,2131,HGNC:877,ALDH7A1,OMIM:266100,"Epilepsy, early-onset, 4, vitamin B6-dependent",HP:0000007,Autosomal recessive inheritance,Autosomal recessive,1,Yes,11/27/2017 0:00:00,Definitive,1,"1-HP:0001249,1-HP:0001250,1-HP:0001256,1-HP:0001939,1-HP:0002011,1-HP:0002342"
1138,2132,HGNC:719,ARSL,OMIM:302950,"Chondrodysplasia punctata, X-linked recessive",HP:0001417,X-linked other inheritance,X-linked,1,Yes,11/27/2017 0:00:00,Definitive,1,"1-HP:0000365,1-HP:0000707,1-HP:0000924,1-HP:0001249,1-HP:0001939,1-HP:0004322"
1139,2133,HGNC:1583,CCND2,OMIM:615938,Megalencephaly-polymicrogyria-polydactyly-hydrocephalus syndrome 3,HP:0000006,Autosomal dominant inheritance,Autosomal dominant,1,Yes,11/27/2017 0:00:00,Definitive,1,"1-HP:0000256,1-HP:0001249,1-HP:0002011,1-HP:0002342,1-HP:0010864,1-HP:0040064"
1140,2135,HGNC:30794,CEP57,OMIM:614114,Mosaic variegated aneuploidy syndrome 2,HP:0000007,Autosomal recessive inheritance,Autosomal recessive,1,Yes,11/27/2017 0:00:00,Definitive,1,"1-HP:0000252,1-HP:0000818,1-HP:0000924,1-HP:0001249,1-HP:0001627,1-HP:0001999,1-HP:0004322,4-HP:0001256"
1141,2136,HGNC:103,CNNM2,OMIM:616418_1,"Hypomagnesemia, seizures, and impaired intellectual development 1",HP:0000006,Autosomal dominant inheritance,Autosomal dominant,1,Yes,11/27/2017 0:00:00,Definitive,1,"1-HP:0000708,1-HP:0001249,1-HP:0001249,1-HP:0001250,1-HP:0001250,1-HP:0001939,1-HP:0001939,1-HP:0002342"
1142,2142,HGNC:3133,EBP,OMIM:300960,MEND syndrome,HP:0001419,X-linked recessive inheritance,X-linked,1,Yes,11/27/2017 0:00:00,Definitive,1,"1-HP:0000478,1-HP:0000708,1-HP:0000924,1-HP:0001249,1-HP:0001256,1-HP:0001574,1-HP:0001939,1-HP:0002342,1-HP:0004322,1-HP:0040064"
1143,2144,HGNC:26922,ERCC6L2,OMIM:615715,Bone marrow failure syndrome 2,HP:0000007,Autosomal recessive inheritance,Autosomal recessive,1,Yes,11/27/2017 0:00:00,Definitive,1,"1-HP:0000252,1-HP:0001249,1-HP:0001256,1-HP:0001871,1-HP:0002342"
1144,2146,HGNC:4115,GALC,OMIM:245200,Krabbe disease,HP:0000007,Autosomal recessive inheritance,Autosomal recessive,1,Yes,11/27/2017 0:00:00,Definitive,1,"1-HP:0000478,1-HP:0000707,1-HP:0001249,1-HP:0001939,1-HP:0002011,1-HP:0002376,1-HP:0003676,1-HP:0011420"
1145,2148,HGNC:29670,GNPTAB,OMIM:252500,Mucolipidosis II alpha/beta,HP:0000007,Autosomal recessive inheritance,Autosomal recessive,1,Yes,11/27/2017 0:00:00,Definitive,1,"1-HP:0000924,1-HP:0001249,1-HP:0001256,1-HP:0001627,1-HP:0001939,1-HP:0001999,1-HP:0002342,1-HP:0004322"
1146,2149,HGNC:29670,GNPTAB,OMIM:252600,Mucolipidosis III alpha/beta,HP:0000007,Autosomal recessive inheritance,Autosomal recessive,1,Yes,11/27/2017 0:00:00,Definitive,1,"1-HP:0000924,1-HP:0001249,1-HP:0001256,1-HP:0001627,1-HP:0001939,1-HP:0001999,1-HP:0002342,1-HP:0004322"
1147,2150,HGNC:23026,GNPTG,OMIM:252605,Mucolipidosis III gamma,HP:0000007,Autosomal recessive inheritance,Autosomal recessive,1,Yes,11/27/2017 0:00:00,Definitive,1,"1-HP:0000924,1-HP:0001249,1-HP:0001256,1-HP:0001939,1-HP:0002342"
1148,2151,HGNC:14880,GTPBP3,OMIM:616198,Combined oxidative phosphorylation deficiency 23,HP:0000007,Autosomal recessive inheritance,Autosomal recessive,1,Yes,11/27/2017 0:00:00,Definitive,1,"1-HP:0000707,1-HP:0000707,1-HP:0001249,1-HP:0001249,1-HP:0001250,1-HP:0001627,1-HP:0001939,1-HP:0001939,1-HP:0002011,1-HP:0002011,1-HP:0003011,1-HP:0003011,1-HP:0011420,1-HP:0011420,2-HP:0001250,2-HP:0001250"
1149,2152,HGNC:5213,HSD17B4,OMIM:233400,Perrault syndrome 1,HP:0000007,Autosomal recessive inheritance,Autosomal recessive,1,Yes,11/27/2017 0:00:00,Definitive,1,"1-HP:0000365,1-HP:0000707,1-HP:0000818,1-HP:0001249,1-HP:0002376,1-HP:0003676"
1150,2153,HGNC:5213,HSD17B4,OMIM:261515,D-bifunctional protein deficiency,HP:0000007,Autosomal recessive inheritance,Autosomal recessive,1,Yes,11/27/2017 0:00:00,Definitive,1,"1-HP:0000077,1-HP:0000119,1-HP:0000256,1-HP:0000707,1-HP:0000924,1-HP:0001249,1-HP:0001250,1-HP:0001999,1-HP:0002011,1-HP:0011420"
1151,2157,HGNC:5383,IDH2,OMIM:613657,D-2-hydroxyglutaric aciduria 2,HP:0000006,Autosomal dominant inheritance,Autosomal dominant,1,Yes,11/27/2017 0:00:00,Definitive,1,"1-HP:0000707,1-HP:0001249,1-HP:0001250,1-HP:0001256,1-HP:0001939,1-HP:0002342,1-HP:0003011"
1152,2158,HGNC:14361,IRX5,OMIM:611174,Hamamy syndrome,HP:0000007,Autosomal recessive inheritance,Autosomal recessive,1,Yes,11/27/2017 0:00:00,Definitive,1,"1-HP:0000924,1-HP:0000924,1-HP:0001249,1-HP:0001249,1-HP:0001256,1-HP:0001256,1-HP:0001627,1-HP:0001627,1-HP:0001871,1-HP:0001871,1-HP:0001999,1-HP:0001999,1-HP:0002342,1-HP:0002342"
1153,2159,HGNC:6186,IVD,OMIM:243500,Isovaleric acidemia,HP:0000007,Autosomal recessive inheritance,Autosomal recessive,1,Yes,11/27/2017 0:00:00,Definitive,1,"1-HP:0001249,1-HP:0001939,1-HP:0004322"
1154,2162,HGNC:10545,MSMO1,OMIM:616834,"Microcephaly, congenital cataract, and psoriasiform dermatitis",HP:0000007,Autosomal recessive inheritance,Autosomal recessive,1,Yes,11/27/2017 0:00:00,Definitive,1,"1-HP:0000252,1-HP:0000252,1-HP:0000478,1-HP:0000478,1-HP:0000924,1-HP:0000924,1-HP:0001249,1-HP:0001249,1-HP:0001249,1-HP:0001939,1-HP:0001939,1-HP:0002011,1-HP:0002011"
1155,2163,HGNC:17646,NGLY1,OMIM:615273,Congenital disorder of deglycosylation 1,HP:0000007,Autosomal recessive inheritance,Autosomal recessive,1,Yes,11/27/2017 0:00:00,Definitive,1,"1-HP:0000252,1-HP:0000478,1-HP:0000707,1-HP:0001249,1-HP:0001250,1-HP:0001256,1-HP:0001939,1-HP:0002011,1-HP:0002270,1-HP:0002342,1-HP:0011024"
1156,2166,HGNC:7989,NRAS,OMIM:613224,Noonan syndrome 6,HP:0000006,Autosomal dominant inheritance,Autosomal dominant,1,Yes,11/27/2017 0:00:00,Definitive,1,"1-HP:0000924,1-HP:0001249,1-HP:0001574,1-HP:0001627,1-HP:0004322,4-HP:0006889"
1157,2168,HGNC:12831,XRCC4,OMIM:616541,"Short stature, microcephaly, and endocrine dysfunction",HP:0000007,Autosomal recessive inheritance,Autosomal recessive,1,Yes,11/30/2017 0:00:00,Definitive,1,"1-HP:0000252,1-HP:0000707,1-HP:0000818,1-HP:0001249,1-HP:0001871,1-HP:0001999,1-HP:0002664,1-HP:0003676,1-HP:0004322"
1158,2176,HGNC:12367,TSFM,OMIM:610505,Combined oxidative phosphorylation deficiency 3,HP:0000007,Autosomal recessive inheritance,Autosomal recessive,1,Yes,11/30/2017 0:00:00,Definitive,1,"1-HP:0000707,1-HP:0001249,1-HP:0001939,1-HP:0002376,1-HP:0003011,1-HP:0011420,2-HP:0002011"
1159,2177,HGNC:26050,TMEM70,OMIM:614052,"Mitochondrial complex V (ATP synthase) deficiency, nuclear type 2",HP:0000007,Autosomal recessive inheritance,Autosomal recessive,1,Yes,11/30/2017 0:00:00,Definitive,1,"1-HP:0000252,1-HP:0000707,1-HP:0001249,1-HP:0001256,1-HP:0001939,1-HP:0001999,1-HP:0002342,1-HP:0003011,1-HP:0004322,1-HP:0012103,2-HP:0002011"
1160,2178,HGNC:25018,TMEM216,OMIM:608091,Joubert syndrome 2,HP:0000007,Autosomal recessive inheritance,Autosomal recessive,1,Yes,11/30/2017 0:00:00,Definitive,1,"1-HP:0000077,1-HP:0000119,1-HP:0000707,1-HP:0001249,1-HP:0001256,1-HP:0001999,1-HP:0002011,1-HP:0002342,1-HP:0004322,1-HP:0040064"
1161,2181,HGNC:11796,THRA,OMIM:614450,"Hypothyroidism, congenital, nongoitrous, 6",HP:0000006,Autosomal dominant inheritance,Autosomal dominant,1,Yes,11/30/2017 0:00:00,Definitive,1,"1-HP:0000818,1-HP:0001249,1-HP:0001256,1-HP:0001999,1-HP:0002270,1-HP:0002342,1-HP:0004322,1-HP:0011024"
1162,2182,HGNC:18539,STX1B,OMIM:616172,"Generalized epilepsy with febrile seizures plus, type 9",HP:0000006,Autosomal dominant inheritance,Autosomal dominant,1,Yes,11/30/2017 0:00:00,Definitive,1,"1-HP:0001249,1-HP:0001250,1-HP:0001256"
1163,2183,HGNC:11257,SPR,OMIM:612716_2,"Dystonia, dopa-responsive, due to sepiapterin reductase deficiency",HP:0000007,Autosomal recessive inheritance,Autosomal recessive,1,Yes,11/30/2017 0:00:00,Definitive,1,"1-HP:0000707,1-HP:0001249,1-HP:0001256,1-HP:0002342"
1164,2184,HGNC:11153,SNRPB,OMIM:117650,Cerebrocostomandibular syndrome,HP:0000006,Autosomal dominant inheritance,Autosomal dominant,1,Yes,11/30/2017 0:00:00,Definitive,1,"1-HP:0000077,1-HP:0000119,1-HP:0000202,1-HP:0000252,1-HP:0000924,1-HP:0001249,1-HP:0001627,1-HP:0004322"
1165,2185,HGNC:30521,SLC46A1,OMIM:229050,"Folate malabsorption, hereditary",HP:0000007,Autosomal recessive inheritance,Autosomal recessive,1,Yes,11/30/2017 0:00:00,Definitive,1,"1-HP:0000707,1-HP:0001249,1-HP:0001250,1-HP:0001871,1-HP:0002715"
1166,2186,HGNC:10817,SGPL1,OMIM:617575,RENI syndrome,HP:0000007,Autosomal recessive inheritance,Autosomal recessive,1,Yes,11/30/2017 0:00:00,Definitive,1,"1-HP:0000077,1-HP:0000119,1-HP:0000365,1-HP:0000707,1-HP:0000818,1-HP:0001249,1-HP:0001250,1-HP:0001574,1-HP:0002376,1-HP:0002715,1-HP:0003676"
1167,2187,HGNC:33867,SDHAF1,OMIM:619166,"Mitochondrial complex II deficiency, nuclear type 2",HP:0000007,Autosomal recessive inheritance,Autosomal recessive,1,Yes,11/30/2017 0:00:00,Definitive,1,"1-HP:0000077,1-HP:0000119,1-HP:0000478,1-HP:0000707,1-HP:0001249,1-HP:0001939,1-HP:0002376,1-HP:0003011,1-HP:0011420,1-HP:0012103"
1168,2188,HGNC:15888,RTEL1,OMIM:615190_4,"Dyskeratosis congenita, autosomal recessive 5",HP:0000007,Autosomal recessive inheritance,Autosomal recessive,1,Yes,11/30/2017 0:00:00,Definitive,1,"1-HP:0000252,1-HP:0001249,1-HP:0001256,1-HP:0001574,1-HP:0001871,1-HP:0002011,1-HP:0002342,1-HP:0002715,1-HP:0004322,1-HP:0011420"
1169,2191,HGNC:14263,RAB23,OMIM:201000,Carpenter syndrome,HP:0000007,Autosomal recessive inheritance,Autosomal recessive,1,Yes,11/30/2017 0:00:00,Definitive,1,"1-HP:0000119,1-HP:0000365,1-HP:0000924,1-HP:0001249,1-HP:0001627,1-HP:0002011,1-HP:0004322,1-HP:0040064"
1170,2194,HGNC:9577,PSPH,OMIM:614023,Phosphoserine phosphatase deficiency,HP:0000007,Autosomal recessive inheritance,Autosomal recessive,1,Yes,11/30/2017 0:00:00,Definitive,1,"1-HP:0000707,1-HP:0000707,1-HP:0001249,1-HP:0001249,1-HP:0001250,1-HP:0001250,1-HP:0001939,1-HP:0001939,1-HP:0002187,1-HP:0002187,1-HP:0002342,1-HP:0002342,1-HP:0004322,1-HP:0010864"
1171,2195,HGNC:9761,RAB11B,OMIM:617807,"Neurodevelopmental disorder with ataxic gait, absent speech, and decreased cortical white matter",HP:0000006,Autosomal dominant inheritance,Autosomal dominant,1,Yes,11/30/2017 0:00:00,Definitive,1,"1-HP:0000252,1-HP:0000252,1-HP:0000478,1-HP:0000707,1-HP:0000707,1-HP:0001249,1-HP:0001249,1-HP:0001250,1-HP:0001250,1-HP:0002011,1-HP:0002011,1-HP:0002342,1-HP:0010864,1-HP:0010864"
1172,2196,HGNC:1461,CAMK2B,OMIM:617799,"Intellectual developmental disorder, autosomal dominant 54",HP:0000006,Autosomal dominant inheritance,Autosomal dominant,1,Yes,11/30/2017 0:00:00,Definitive,1,"1-HP:0000707,1-HP:0000708,1-HP:0001249,1-HP:0001256,1-HP:0004322,1-HP:0011024,2-HP:0000252,2-HP:0001250"
1173,2197,HGNC:16716,DHX30,OMIM:617804,Neurodevelopmental disorder with variable motor and speech impairment,HP:0000006,Autosomal dominant inheritance,Autosomal dominant,1,Yes,11/30/2017 0:00:00,Definitive,1,"1-HP:0000252,1-HP:0000707,1-HP:0000708,1-HP:0001249,1-HP:0001250,1-HP:0001256,1-HP:0002011,1-HP:0002342"
1174,2198,HGNC:8032,NTRK2,OMIM:613886,"Obesity, hyperphagia, and developmental delay",HP:0000006,Autosomal dominant inheritance,Autosomal dominant,1,Yes,11/30/2017 0:00:00,Definitive,1,"1-HP:0000707,1-HP:0001249,1-HP:0001249,1-HP:0001250,1-HP:0001256,1-HP:0001513,1-HP:0002011,1-HP:0002342,1-HP:0002342,1-HP:0010864,2-HP:0001250"
1175,2199,HGNC:20603,DHDDS,OMIM:617836,Developmental delay and seizures with or without movement abnormalities,HP:0000006,Autosomal dominant inheritance,Autosomal dominant,1,Yes,11/30/2017 0:00:00,Definitive,1,"1-HP:0000707,1-HP:0000708,1-HP:0001249,1-HP:0001250,1-HP:0001256,1-HP:0002376,1-HP:0003676"
1176,2202,HGNC:21042,NUS1,OMIM:617831,"Intellectual developmental disorder, autosomal dominant 55, with seizures",HP:0000006,Autosomal dominant inheritance,Autosomal dominant,1,Yes,11/30/2017 0:00:00,Definitive,1,"1-HP:0000707,1-HP:0000707,1-HP:0001249,1-HP:0001249,1-HP:0001250,1-HP:0001250,1-HP:0001256,1-HP:0001256,2-HP:0002376,2-HP:0002376,2-HP:0003676,2-HP:0003676"
1177,2203,HGNC:9760,RAB11A,MONDO:0001071,intellectual disability,HP:0000006,Autosomal dominant inheritance,Autosomal dominant,1,Yes,11/30/2017 0:00:00,Definitive,1,"1-HP:0000252,1-HP:0000252,1-HP:0000478,1-HP:0000707,1-HP:0000708,1-HP:0000708,1-HP:0001249,1-HP:0001249,1-HP:0001999,1-HP:0002011,1-HP:0002342,1-HP:0002342,1-HP:0010864,1-HP:0010864,2-HP:0001250"
1178,2204,HGNC:16466,SUFU,OMIM:617757,Joubert syndrome 32,HP:0000007,Autosomal recessive inheritance,Autosomal recessive,1,Yes,11/30/2017 0:00:00,Definitive,1,"1-HP:0000256,1-HP:0000707,1-HP:0001249,1-HP:0001256,1-HP:0001999,1-HP:0002011,1-HP:0002342,1-HP:0040064"
1179,2208,HGNC:9314,PPP3CA,OMIM:617711,Developmental and epileptic encephalopathy 91,HP:0000006,Autosomal dominant inheritance,Autosomal dominant,1,Yes,11/30/2017 0:00:00,Definitive,1,"1-HP:0000707,1-HP:0000707,1-HP:0000707,1-HP:0000708,1-HP:0000708,1-HP:0001249,1-HP:0001249,1-HP:0001249,1-HP:0001250,1-HP:0001250,1-HP:0001250,1-HP:0001999,1-HP:0001999,1-HP:0001999,1-HP:0002011,1-HP:0002011,1-HP:0002011,1-HP:0002187,1-HP:0002376,1-HP:0002376,1-HP:0002376,1-HP:0003676,1-HP:0003676,1-HP:0010864,1-HP:0010864,1-HP:0010864"
1180,2210,HGNC:9801,RAC1,OMIM:617751,"Intellectual developmental disorder, autosomal dominant 48",HP:0000006,Autosomal dominant inheritance,Autosomal dominant,1,Yes,11/30/2017 0:00:00,Definitive,1,"1-HP:0000707,1-HP:0000707,1-HP:0000707,1-HP:0000708,1-HP:0000708,1-HP:0000708,1-HP:0000924,1-HP:0000924,1-HP:0001249,1-HP:0001249,1-HP:0001249,1-HP:0001250,1-HP:0001250,1-HP:0001627,1-HP:0001627,1-HP:0001999,1-HP:0001999,1-HP:0002011,1-HP:0002011,1-HP:0002011,1-HP:0002342,1-HP:0002342,1-HP:0002342,1-HP:0010864,1-HP:0010864,1-HP:0010864,2-HP:0000256,2-HP:0000256,4-HP:0000256,4-HP:0000256,4-HP:0001250,4-HP:0001250"
1181,2212,HGNC:1770,CDK10,OMIM:617694,Al Kaissi syndrome,HP:0000007,Autosomal recessive inheritance,Autosomal recessive,1,Yes,11/30/2017 0:00:00,Definitive,1,"1-HP:0000252,1-HP:0000707,1-HP:0000924,1-HP:0001249,1-HP:0001999,1-HP:0002342,1-HP:0004322,1-HP:0010864,2-HP:0001627,2-HP:0002011"
1182,2213,HGNC:160,ACTL6B,OMIM:618470,Intellectual developmental disorder with severe speech and ambulation defects,HP:0000006,Autosomal dominant inheritance,Autosomal dominant,1,Yes,12/1/2017 0:00:00,Definitive,1,"1-HP:0000252,1-HP:0000707,1-HP:0000707,1-HP:0000708,1-HP:0000708,1-HP:0001249,1-HP:0001249,1-HP:0001256,1-HP:0001999,1-HP:0001999,1-HP:0002011,1-HP:0002187,1-HP:0002342,1-HP:0002342,1-HP:0010864"
1183,2214,HGNC:23794,PACS2,OMIM:618067,Developmental and epileptic encephalopathy 66,HP:0000006,Autosomal dominant inheritance,Autosomal dominant,1,Yes,12/1/2017 0:00:00,Definitive,1,"1-HP:0000478,1-HP:0000708,1-HP:0001249,1-HP:0001250,1-HP:0001256,1-HP:0001999,1-HP:0002011,1-HP:0002342,2-HP:0001871"
1184,2216,HGNC:26058,LAGE3,OMIM:301006,"Galloway-Mowat syndrome 2, X-linked",HP:0001417,X-linked other inheritance,X-linked,1,Yes,12/1/2017 0:00:00,Definitive,1,"1-HP:0000119,1-HP:0000252,1-HP:0000707,1-HP:0001249,1-HP:0001250,1-HP:0001256,1-HP:0001999,1-HP:0002011,1-HP:0002342,1-HP:0004322"
1185,2217,HGNC:28209,CEP19,OMIM:615703,Morbid obesity and spermatogenic failure,HP:0000007,Autosomal recessive inheritance,Autosomal recessive,1,Yes,12/1/2017 0:00:00,Definitive,1,"1-HP:0000077,1-HP:0000119,1-HP:0000478,1-HP:0000924,1-HP:0001249,1-HP:0001513,1-HP:0040064"
1186,2222,HGNC:19181,KIF14,OMIM:617914,"Microcephaly 20, primary, autosomal recessive",HP:0000007,Autosomal recessive inheritance,Autosomal recessive,1,Yes,12/1/2017 0:00:00,Definitive,1,"1-HP:0000252,1-HP:0001249,1-HP:0002011,1-HP:0002342,1-HP:0010864"
1187,2226,HGNC:18866,KCNT2,OMIM:617771,Developmental and epileptic encephalopathy 57,HP:0000006,Autosomal dominant inheritance,Autosomal dominant,1,Yes,12/1/2017 0:00:00,Definitive,1,"1-HP:0000707,1-HP:0001249,1-HP:0001249,1-HP:0001250,1-HP:0001250,1-HP:0001256,1-HP:0001256,1-HP:0001574,1-HP:0001999,1-HP:0001999,1-HP:0002011,1-HP:0002187,1-HP:0002342,1-HP:0002342,1-HP:0010864"
1188,2227,HGNC:20597,UFM1,OMIM:617899,"Leukodystrophy, hypomyelinating, 14",HP:0000007,Autosomal recessive inheritance,Autosomal recessive,1,Yes,12/1/2017 0:00:00,Definitive,1,"1-HP:0000252,1-HP:0000707,1-HP:0001249,1-HP:0001250,1-HP:0002011,1-HP:0002342,1-HP:0004322,1-HP:0010864,1-HP:0011420"
1189,2232,HGNC:14025,SLC5A7,OMIM:617143,"Myasthenic syndrome, congenital, 20, presynaptic",HP:0000007,Autosomal recessive inheritance,Autosomal recessive,1,Yes,12/1/2017 0:00:00,Definitive,1,"1-HP:0000478,1-HP:0000707,1-HP:0000707,1-HP:0000708,1-HP:0000924,1-HP:0000924,1-HP:0001249,1-HP:0001249,1-HP:0002270,1-HP:0002270,1-HP:0003011,1-HP:0011420,1-HP:0011420,3-HP:0001250"
1190,2235,HGNC:18647,RTN4IP1,OMIM:616732,"Optic atrophy 10 with or without ataxia, impaired intellectual development and seizures",HP:0000007,Autosomal recessive inheritance,Autosomal recessive,1,Yes,12/1/2017 0:00:00,Definitive,1,"1-HP:0000365,1-HP:0000365,1-HP:0000478,1-HP:0000478,1-HP:0000707,1-HP:0000707,1-HP:0001249,1-HP:0001249,1-HP:0001939,1-HP:0001939,1-HP:0002376,1-HP:0002376,1-HP:0003676,1-HP:0003676,1-HP:0004322,1-HP:0004322,1-HP:0011420,1-HP:0011420"
1191,2239,HGNC:21839,KPNA7,MONDO:0001071,intellectual disability,HP:0000007,Autosomal recessive inheritance,Autosomal recessive,1,Yes,12/2/2017 0:00:00,Definitive,1,"1-HP:0001249,1-HP:0001250,1-HP:0002342,2-HP:0000252,2-HP:0002011,2-HP:0004322"
1192,2242,HGNC:16912,EMG1,OMIM:211180,Bowen-Conradi syndrome,HP:0000007,Autosomal recessive inheritance,Autosomal recessive,1,Yes,12/2/2017 0:00:00,Definitive,1,"1-HP:0000252,1-HP:0000924,1-HP:0001249,1-HP:0001999,1-HP:0003676,1-HP:0004322,1-HP:0011420"
1193,2255,HGNC:13890,ITCH,OMIM:613385,"Autoimmune disease, multisystem, with facial dysmorphism",HP:0000007,Autosomal recessive inheritance,Autosomal recessive,1,Yes,12/2/2017 0:00:00,Definitive,1,"1-HP:0000924,1-HP:0001249,1-HP:0001256,1-HP:0001999,1-HP:0002342,1-HP:0002715,1-HP:0004322"
1194,2256,HGNC:17296,RRM2B,OMIM:612075_1,Mitochondrial DNA depletion syndrome 8A (encephalomyopathic type with renal tubulopathy),HP:0000007,Autosomal recessive inheritance,Autosomal recessive,1,Yes,12/2/2017 0:00:00,Definitive,1,"1-HP:0000077,1-HP:0000119,1-HP:0000365,1-HP:0000478,1-HP:0000707,1-HP:0001249,1-HP:0001250,1-HP:0001871,1-HP:0001939,1-HP:0002011,1-HP:0003011,1-HP:0004322,1-HP:0011024,1-HP:0011420,1-HP:0012103"
1195,2258,HGNC:2896,DLAT,OMIM:245348,Pyruvate dehydrogenase E2 deficiency,HP:0000007,Autosomal recessive inheritance,Autosomal recessive,1,Yes,12/2/2017 0:00:00,Definitive,1,"1-HP:0000707,1-HP:0001249,1-HP:0001256,1-HP:0001939,1-HP:0002342"
1196,2259,HGNC:11105,SMARCC2,OMIM:618362,Coffin-Siris syndrome 8,HP:0000006,Autosomal dominant inheritance,Autosomal dominant,1,Yes,12/2/2017 0:00:00,Definitive,1,"1-HP:0000119,1-HP:0000252,1-HP:0000478,1-HP:0000707,1-HP:0000707,1-HP:0000708,1-HP:0000708,1-HP:0000924,1-HP:0000924,1-HP:0001249,1-HP:0001249,1-HP:0001250,1-HP:0001256,1-HP:0001256,1-HP:0001999,1-HP:0001999,1-HP:0002011,1-HP:0002011,1-HP:0002342,1-HP:0004322,1-HP:0004322,1-HP:0010864,2-HP:0000252"
1197,2260,HGNC:25186,TMEM240,OMIM:607454,Spinocerebellar ataxia 21,HP:0000006,Autosomal dominant inheritance,Autosomal dominant,1,Yes,12/2/2017 0:00:00,Definitive,1,"1-HP:0000707,1-HP:0000708,1-HP:0001249,1-HP:0003676,3-HP:0001256,3-HP:0010864"
1198,2261,HGNC:11551,BRF1,OMIM:616202,Cerebellofaciodental syndrome,HP:0000007,Autosomal recessive inheritance,Autosomal recessive,1,Yes,12/2/2017 0:00:00,Definitive,1,"1-HP:0000252,1-HP:0001249,1-HP:0001256,1-HP:0001999,1-HP:0002011,1-HP:0002342"
1199,2264,HGNC:1160,TWNK,OMIM:271245,Mitochondrial DNA depletion syndrome 7 (hepatocerebral type),HP:0000007,Autosomal recessive inheritance,Autosomal recessive,1,Yes,12/2/2017 0:00:00,Definitive,1,"1-HP:0000365,1-HP:0000707,1-HP:0000708,1-HP:0001249,1-HP:0001250,1-HP:0002376,1-HP:0003676,3-HP:0001256,3-HP:0002342"
1200,2265,HGNC:15807,ZNF335,OMIM:615095,"Microcephaly 10, primary, autosomal recessive",HP:0000007,Autosomal recessive inheritance,Autosomal recessive,1,Yes,12/2/2017 0:00:00,Definitive,1,"1-HP:0000252,1-HP:0000252,1-HP:0000252,1-HP:0000707,1-HP:0001249,1-HP:0001249,1-HP:0001249,1-HP:0001256,1-HP:0001256,1-HP:0002011,1-HP:0002342,1-HP:0002342,1-HP:0010864,2-HP:0001250,2-HP:0002011,2-HP:0002011,2-HP:0011420,2-HP:0011420,4-HP:0001250,4-HP:0001250,4-HP:0002011,4-HP:0002011,4-HP:0002376,4-HP:0002376,4-HP:0011420,4-HP:0011420"
1201,2267,HGNC:19189,DOCK6,OMIM:614219,Adams-Oliver syndrome 2,HP:0000007,Autosomal recessive inheritance,Autosomal recessive,1,Yes,12/2/2017 0:00:00,Definitive,1,"1-HP:0000707,1-HP:0000707,1-HP:0001249,1-HP:0001249,1-HP:0001250,1-HP:0001250,1-HP:0001574,1-HP:0001574,1-HP:0002011,1-HP:0002011,1-HP:0040064,1-HP:0040064,4-HP:0001256,4-HP:0010864"
1202,2268,HGNC:28033,CCDC174,OMIM:616816,"Hypotonia, infantile, with psychomotor retardation",HP:0000007,Autosomal recessive inheritance,Autosomal recessive,1,Yes,12/2/2017 0:00:00,Definitive,1,"1-HP:0000707,1-HP:0001249,1-HP:0011420"
1203,2273,HGNC:5724,RBPJ,OMIM:614814,Adams-Oliver syndrome 3,HP:0000006,Autosomal dominant inheritance,Autosomal dominant,1,Yes,12/3/2017 0:00:00,Definitive,1,"1-HP:0000252,1-HP:0001249,1-HP:0001574,1-HP:0040064,4-HP:0001256,4-HP:0006889"
1204,2276,HGNC:16429,LIAS,OMIM:614462,"Hyperglycinemia, lactic acidosis, and seizures",HP:0000007,Autosomal recessive inheritance,Autosomal recessive,1,Yes,12/3/2017 0:00:00,Definitive,1,"1-HP:0000252,1-HP:0000707,1-HP:0000707,1-HP:0001249,1-HP:0001249,1-HP:0001250,1-HP:0001250,1-HP:0001939,1-HP:0001939,1-HP:0002011,1-HP:0002011,1-HP:0003676,1-HP:0011024,1-HP:0011420,1-HP:0011420,2-HP:0003011"
1205,2277,HGNC:4576,GRID2,OMIM:616204,"Spinocerebellar ataxia, autosomal recessive 18",HP:0000007,Autosomal recessive inheritance,Autosomal recessive,1,Yes,12/3/2017 0:00:00,Definitive,1,"1-HP:0000707,1-HP:0000707,1-HP:0001249,1-HP:0001249,1-HP:0001256,1-HP:0001256,1-HP:0002011,1-HP:0002011,1-HP:0002342,1-HP:0002342,1-HP:0003676,1-HP:0003676,4-HP:0000252,4-HP:0001574"
1206,2280,HGNC:11448,SUCLA2,OMIM:612073,Mitochondrial DNA depletion syndrome 5 (encephalomyopathic with or without methylmalonic aciduria),HP:0000007,Autosomal recessive inheritance,Autosomal recessive,1,Yes,12/3/2017 0:00:00,Definitive,1,"1-HP:0000252,1-HP:0000365,1-HP:0000707,1-HP:0000924,1-HP:0001249,1-HP:0001939,1-HP:0002376,1-HP:0003676,1-HP:0004322,1-HP:0011420,1-HP:0012103"
1207,2282,HGNC:4572,GRIA2,OMIM:618917,Neurodevelopmental disorder with language impairment and behavioral abnormalities,HP:0000006,Autosomal dominant inheritance,Autosomal dominant,1,Yes,12/3/2017 0:00:00,Definitive,1,"1-HP:0000707,1-HP:0000707,1-HP:0000707,1-HP:0000708,1-HP:0000708,1-HP:0000708,1-HP:0001249,1-HP:0001249,1-HP:0001249,1-HP:0001250,1-HP:0001250,1-HP:0001250,1-HP:0001256,1-HP:0001256,1-HP:0001256,1-HP:0002011,1-HP:0002011,1-HP:0002187,1-HP:0002342,1-HP:0002342,1-HP:0002342,1-HP:0002376,1-HP:0002376,1-HP:0002376,1-HP:0003676,1-HP:0003676,1-HP:0010864,1-HP:0010864,1-HP:0010864,2-HP:0000252,2-HP:0000252,2-HP:0000252,2-HP:0002011"
1208,2289,HGNC:9216,POU3F3,OMIM:618604,Snijders Blok-Fisher syndrome,HP:0000006,Autosomal dominant inheritance,Autosomal dominant,1,Yes,12/3/2017 0:00:00,Definitive,1,"1-HP:0000478,1-HP:0000478,1-HP:0000707,1-HP:0000707,1-HP:0000708,1-HP:0000708,1-HP:0000924,1-HP:0001249,1-HP:0001249,1-HP:0001250,1-HP:0001256,1-HP:0001256,1-HP:0001999,1-HP:0001999,1-HP:0002011,1-HP:0002011,1-HP:0002342,1-HP:0002342,1-HP:0010864,2-HP:0001250,2-HP:0001250,3-HP:0000365"
1209,2292,HGNC:18531,LRRC7,MONDO:0001071,intellectual disability,HP:0000006,Autosomal dominant inheritance,Autosomal dominant,1,Yes,12/3/2017 0:00:00,Definitive,1,"1-HP:0000708,1-HP:0001249,1-HP:0001249,1-HP:0001513,2-HP:0001250,2-HP:0002011"
1210,2295,HGNC:11355,STAG2,OMIM:301022,Mullegama-Klein-Martinez syndrome,HP:0001417,X-linked other inheritance,X-linked,1,Yes,2/24/2018 0:00:00,Definitive,1,"1-HP:0000202,1-HP:0000252,1-HP:0000708,1-HP:0000924,1-HP:0001249,1-HP:0001256,1-HP:0001999,1-HP:0004322,2-HP:0001627"
1211,2296,HGNC:9964,DPF2,OMIM:618027,Coffin-Siris syndrome 7,HP:0000006,Autosomal dominant inheritance,Autosomal dominant,1,Yes,2/24/2018 0:00:00,Definitive,1,"1-HP:0000708,1-HP:0000924,1-HP:0001249,1-HP:0001256,1-HP:0001627,1-HP:0001999,1-HP:0002270,1-HP:0004322,1-HP:0011024"
1212,2298,HGNC:7703,NDUFB8,OMIM:618252,"Mitochondrial complex I deficiency, nuclear type 32",HP:0000007,Autosomal recessive inheritance,Autosomal recessive,1,Yes,2/24/2018 0:00:00,Definitive,1,"1-HP:0000707,1-HP:0001249,1-HP:0001939,1-HP:0002011,1-HP:0003011,1-HP:0003676,1-HP:0004322,1-HP:0011420,1-HP:0012103"
1213,2300,HGNC:11968,CNPY3,OMIM:617929,Developmental and epileptic encephalopathy 60,HP:0000007,Autosomal recessive inheritance,Autosomal recessive,1,Yes,2/24/2018 0:00:00,Definitive,1,"1-HP:0000707,1-HP:0001249,1-HP:0001250,1-HP:0002011,1-HP:0002342,1-HP:0010864"
1214,2301,HGNC:1736,CDC42,OMIM:616737,Takenouchi-Kosaki syndrome,HP:0000006,Autosomal dominant inheritance,Autosomal dominant,1,Yes,2/24/2018 0:00:00,Definitive,1,"1-HP:0000252,1-HP:0000707,1-HP:0000818,1-HP:0001249,1-HP:0001250,1-HP:0001627,1-HP:0001871,1-HP:0001999,1-HP:0002011,1-HP:0002342,1-HP:0002715,1-HP:0004322,1-HP:0010864"
1215,2302,HGNC:4019,FUT8,OMIM:618005,Congenital disorder of glycosylation with defective fucosylation 1,HP:0000007,Autosomal recessive inheritance,Autosomal recessive,1,Yes,2/24/2018 0:00:00,Definitive,1,"1-HP:0000252,1-HP:0000707,1-HP:0000924,1-HP:0001249,1-HP:0001250,1-HP:0001999,1-HP:0002342,1-HP:0004322,1-HP:0010864"
1216,2303,HGNC:18039,KDM5B,OMIM:618109,"Intellectual developmental disorder, autosomal recessive 65",HP:0000007,Autosomal recessive inheritance,Autosomal recessive,1,Yes,2/24/2018 0:00:00,Definitive,1,"1-HP:0000478,1-HP:0000707,1-HP:0000708,1-HP:0000708,1-HP:0001249,1-HP:0001249,1-HP:0001999,1-HP:0001999,1-HP:0002011,1-HP:0002342,1-HP:0004322,1-HP:0010864"
1217,2304,HGNC:132,ACTB,MONDO:0001071,intellectual disability,HP:0000006,Autosomal dominant inheritance,Autosomal dominant,1,Yes,2/24/2018 0:00:00,Definitive,1,"1-HP:0000077,1-HP:0000119,1-HP:0000252,1-HP:0001249,1-HP:0001256,1-HP:0001627,1-HP:0001999,1-HP:0002342,1-HP:0004322"
1218,2305,HGNC:4574,GRIA4,OMIM:617864,Neurodevelopmental disorder with or without seizures and gait abnormalities,HP:0000006,Autosomal dominant inheritance,Autosomal dominant,1,Yes,2/24/2018 0:00:00,Definitive,1,"1-HP:0000707,1-HP:0000708,1-HP:0001249,1-HP:0001250,1-HP:0001256"
1219,2306,HGNC:29316,ZSWIM6,OMIM:617865,"Neurodevelopmental disorder with movement abnormalities, abnormal gait, and autistic features",HP:0000006,Autosomal dominant inheritance,Autosomal dominant,1,Yes,2/24/2018 0:00:00,Definitive,1,"1-HP:0000707,1-HP:0000708,1-HP:0001249,1-HP:0001250,1-HP:0001999,1-HP:0002187,1-HP:0002376,1-HP:0003676,1-HP:0010864"
1220,2308,HGNC:29678,MSTO1,OMIM:617675_2,"Myopathy, mitochondrial, and ataxia",HP:0000007,Autosomal recessive inheritance,Autosomal recessive,1,Yes,2/24/2018 0:00:00,Definitive,1,"1-HP:0000707,1-HP:0001249,1-HP:0001256,1-HP:0002011,1-HP:0003011"
1221,2309,HGNC:4076,GABRA2,OMIM:618557,Developmental and epileptic encephalopathy 78,HP:0000006,Autosomal dominant inheritance,Autosomal dominant,1,Yes,2/24/2018 0:00:00,Definitive,1,"1-HP:0000707,1-HP:0001249,1-HP:0001250,1-HP:0002187,1-HP:0002342,2-HP:0000252,2-HP:0002011"
1222,2310,HGNC:21642,VARS2,OMIM:615917,Combined oxidative phosphorylation deficiency 20,HP:0000007,Autosomal recessive inheritance,Autosomal recessive,1,Yes,2/24/2018 0:00:00,Definitive,1,"1-HP:0000252,1-HP:0000707,1-HP:0001249,1-HP:0001250,1-HP:0002011,1-HP:0004322"
1223,2312,HGNC:14957,PUM1,OMIM:617931,Spinocerebellar ataxia 47,HP:0000006,Autosomal dominant inheritance,Autosomal dominant,1,Yes,2/26/2018 0:00:00,Definitive,1,"1-HP:0000707,1-HP:0001249,1-HP:0001250,1-HP:0001256,1-HP:0002342"
1224,2315,HGNC:13575,BRD4,MONDO:0001071,intellectual disability,HP:0000006,Autosomal dominant inheritance,Autosomal dominant,1,Yes,2/26/2018 0:00:00,Definitive,1,"1-HP:0000252,1-HP:0001249,1-HP:0001256,1-HP:0001627,1-HP:0001999,1-HP:0002342"
1225,2316,HGNC:6742,LZTR1,OMIM:605275,Noonan syndrome 2,HP:0000007,Autosomal recessive inheritance,Autosomal recessive,1,Yes,2/26/2018 0:00:00,Definitive,1,"1-HP:0000924,1-HP:0001249,1-HP:0001256,1-HP:0001627,1-HP:0001999,1-HP:0002342,1-HP:0004322"
1226,2321,HGNC:12757,WDR5,MONDO:0001071,intellectual disability,HP:0000006,Autosomal dominant inheritance,Autosomal dominant,1,Yes,2/26/2018 0:00:00,Definitive,1,"1-HP:0000708,1-HP:0000924,1-HP:0001249,1-HP:0001249,1-HP:0001250,1-HP:0001256,1-HP:0002342,1-HP:0006889,2-HP:0000256,2-HP:0001548,2-HP:0001627,3-HP:0002011,3-HP:0002715"
1227,2323,HGNC:19274,TTC5,OMIM:619244,Neurodevelopmental disorder with cerebral atrophy and variable facial dysmorphism,HP:0000007,Autosomal recessive inheritance,Autosomal recessive,1,Yes,2/26/2018 0:00:00,Definitive,1,"1-HP:0000119,1-HP:0000252,1-HP:0000252,1-HP:0000707,1-HP:0000707,1-HP:0000708,1-HP:0000708,1-HP:0001249,1-HP:0001249,1-HP:0001256,1-HP:0001999,1-HP:0001999,1-HP:0002011,1-HP:0002011,1-HP:0002342,1-HP:0002342,1-HP:0004322,1-HP:0010864,1-HP:0010864,2-HP:0004322,2-HP:0004322,3-HP:0001250"
1228,2324,HGNC:25905,RNFT2,MONDO:0001071,intellectual disability,HP:0000007,Autosomal recessive inheritance,Autosomal recessive,1,Yes,2/26/2018 0:00:00,Definitive,1,"1-HP:0001249,1-HP:0001256,2-HP:0000708"
1229,2325,HGNC:6150,ITGAV,MONDO:0001071,intellectual disability,HP:0000007,Autosomal recessive inheritance,Autosomal recessive,1,Yes,2/26/2018 0:00:00,Definitive,1,"1-HP:0001249,1-HP:0001249,1-HP:0001256,2-HP:0000252,2-HP:0000252,2-HP:0002011,2-HP:0002715,2-HP:0011024"
1230,2327,HGNC:32,ABCA2,OMIM:618808,Intellectual developmental disorder with poor growth and with or without seizures or ataxia,HP:0000007,Autosomal recessive inheritance,Autosomal recessive,1,Yes,2/26/2018 0:00:00,Definitive,1,"1-HP:0000252,1-HP:0000252,1-HP:0000707,1-HP:0000708,1-HP:0001249,1-HP:0001249,1-HP:0001250,1-HP:0001250,1-HP:0001256,1-HP:0001256,1-HP:0002342,1-HP:0002342,1-HP:0006889,2-HP:0004322,2-HP:0004322"
1231,2338,HGNC:1780,CDK9,MONDO:0001071,intellectual disability,HP:0000007,Autosomal recessive inheritance,Autosomal recessive,1,Yes,2/26/2018 0:00:00,Definitive,1,"1-HP:0000118,1-HP:0000119,1-HP:0000924,1-HP:0001249,1-HP:0001250,1-HP:0001627,1-HP:0002011,1-HP:0002342,1-HP:0004322,2-HP:0000478"
1232,2341,HGNC:2510,CTNNA2,OMIM:618174,"Cortical dysplasia, complex, with other brain malformations 9",HP:0000007,Autosomal recessive inheritance,Autosomal recessive,1,Yes,2/26/2018 0:00:00,Definitive,1,"1-HP:0000252,1-HP:0000707,1-HP:0000708,1-HP:0001249,1-HP:0001250,1-HP:0002011,1-HP:0002342,1-HP:0010864"
1233,2346,HGNC:24662,EXOSC5,OMIM:619576,"Cerebellar ataxia, brain abnormalities, and cardiac conduction defects",HP:0000007,Autosomal recessive inheritance,Autosomal recessive,1,Yes,2/26/2018 0:00:00,Definitive,1,"1-HP:0000478,1-HP:0000707,1-HP:0001249,1-HP:0001256,1-HP:0002011,1-HP:0002342"
1234,2365,HGNC:6766,MADD,OMIM:619004,DEEAH syndrome,HP:0000007,Autosomal recessive inheritance,Autosomal recessive,1,Yes,2/26/2018 0:00:00,Definitive,1,"1-HP:0000119,1-HP:0000119,1-HP:0000365,1-HP:0000365,1-HP:0000478,1-HP:0000478,1-HP:0000707,1-HP:0000707,1-HP:0000924,1-HP:0000924,1-HP:0001249,1-HP:0001249,1-HP:0001250,1-HP:0001250,1-HP:0001871,1-HP:0001871,1-HP:0001999,1-HP:0001999,1-HP:0002011,1-HP:0002011,1-HP:0002187,1-HP:0002187,1-HP:0002270,1-HP:0002270,1-HP:0004322,1-HP:0004322,1-HP:0010864,1-HP:0010864,1-HP:0011420,1-HP:0011420,2-HP:0000818,2-HP:0000818"
1235,2368,HGNC:34410,NEURL4,MONDO:0001071,intellectual disability,HP:0000007,Autosomal recessive inheritance,Autosomal recessive,1,Yes,2/26/2018 0:00:00,Definitive,1,"1-HP:0000252,1-HP:0001249,1-HP:0002342"
1236,2370,HGNC:24731,NHLRC2,OMIM:618278,FINCA syndrome,HP:0000007,Autosomal recessive inheritance,Autosomal recessive,1,Yes,2/27/2018 0:00:00,Definitive,1,"1-HP:0000118,1-HP:0000252,1-HP:0000478,1-HP:0000478,1-HP:0000707,1-HP:0001249,1-HP:0001249,1-HP:0001250,1-HP:0001250,1-HP:0001871,1-HP:0001871,1-HP:0002011,1-HP:0002187,1-HP:0002342,1-HP:0002376,1-HP:0002715,1-HP:0002715,1-HP:0003676,1-HP:0003676,1-HP:0004322,1-HP:0004322,1-HP:0010864,1-HP:0011024,1-HP:0011420,1-HP:0011420,2-HP:0001627,3-HP:0002342,3-HP:0002342"
1237,2373,HGNC:14288,NTNG2,OMIM:618718,"Neurodevelopmental disorder with behavioral abnormalities, absent speech, and hypotonia",HP:0000007,Autosomal recessive inheritance,Autosomal recessive,1,Yes,2/27/2018 0:00:00,Definitive,1,"1-HP:0000707,1-HP:0000708,1-HP:0001249,1-HP:0001256,1-HP:0001999,1-HP:0002342,2-HP:0000252,2-HP:0000478,2-HP:0001250,2-HP:0002011"
1238,2374,HGNC:25402,OTUD5,OMIM:301056,"Multiple congenital anomalies-neurodevelopmental syndrome, X-linked",HP:0001417,X-linked other inheritance,X-linked,1,Yes,2/27/2018 0:00:00,Definitive,1,"1-HP:0000077,1-HP:0000119,1-HP:0000252,1-HP:0000707,1-HP:0000924,1-HP:0001249,1-HP:0001256,1-HP:0001627,1-HP:0001999,1-HP:0002011,1-HP:0004322,1-HP:0011420,1-HP:0040064"
1239,2379,HGNC:9173,POLA1,OMIM:301030,Van Esch-O'Driscoll syndrome,HP:0001417,X-linked other inheritance,X-linked,1,Yes,2/27/2018 0:00:00,Definitive,1,"1-HP:0000252,1-HP:0000708,1-HP:0000818,1-HP:0001249,1-HP:0001256,1-HP:0002011,1-HP:0004322"
1240,2385,HGNC:25403,SASS6,OMIM:616402,"Microcephaly 14, primary, autosomal recessive",HP:0000007,Autosomal recessive inheritance,Autosomal recessive,1,Yes,2/27/2018 0:00:00,Definitive,1,"1-HP:0000708,1-HP:0001249,1-HP:0010864,2-HP:0000252,2-HP:0001250,2-HP:0002011"
1241,2402,HGNC:12840,YARS1,OMIM:619418,"Infantile-onset multisystem neurologic, endocrine, and pancreatic disease 2",HP:0000007,Autosomal recessive inheritance,Autosomal recessive,1,Yes,2/27/2018 0:00:00,Definitive,1,"1-HP:0000118,1-HP:0000252,1-HP:0000365,1-HP:0000478,1-HP:0000707,1-HP:0000818,1-HP:0001249,1-HP:0001256,1-HP:0001871,1-HP:0001939,1-HP:0002011,1-HP:0002342,1-HP:0004322,1-HP:0011420"
1242,2409,HGNC:15646,KLHL7,OMIM:617055,PERCHING syndrome,HP:0000007,Autosomal recessive inheritance,Autosomal recessive,1,Yes,6/12/2018 0:00:00,Definitive,1,"1-HP:0000252,1-HP:0000478,1-HP:0000707,1-HP:0000924,1-HP:0001249,1-HP:0001999,1-HP:0002270,1-HP:0003011,1-HP:0011420,2-HP:0000119,2-HP:0001250,2-HP:0001627"
1243,2413,HGNC:10590,SCN3A,OMIM:617935,"Epilepsy, familial focal, with variable foci 4",HP:0000006,Autosomal dominant inheritance,Autosomal dominant,1,Yes,6/12/2018 0:00:00,Definitive,1,"1-HP:0001249,1-HP:0001249,1-HP:0001249,1-HP:0001250,1-HP:0001250,1-HP:0001250,1-HP:0001256,1-HP:0001256,1-HP:0001256,1-HP:0002342,1-HP:0002342,1-HP:0002342,1-HP:0006889,1-HP:0006889"
1244,2414,HGNC:10590,SCN3A,OMIM:617938,Developmental and epileptic encephalopathy 62,HP:0000006,Autosomal dominant inheritance,Autosomal dominant,1,Yes,6/12/2018 0:00:00,Definitive,1,"1-HP:0000252,1-HP:0000252,1-HP:0000252,1-HP:0000707,1-HP:0000707,1-HP:0000707,1-HP:0001249,1-HP:0001249,1-HP:0001249,1-HP:0001250,1-HP:0001250,1-HP:0001250,1-HP:0002011,1-HP:0002011,1-HP:0002011,1-HP:0002187,1-HP:0002187,1-HP:0002187,1-HP:0010864,1-HP:0010864,1-HP:0010864"
1245,2415,HGNC:4670,GTPBP2,OMIM:617988,Jaberi-Elahi syndrome,HP:0000007,Autosomal recessive inheritance,Autosomal recessive,1,Yes,6/12/2018 0:00:00,Definitive,1,"1-HP:0000252,1-HP:0000252,1-HP:0000252,1-HP:0000478,1-HP:0000478,1-HP:0000478,1-HP:0000707,1-HP:0000707,1-HP:0000707,1-HP:0000708,1-HP:0000708,1-HP:0000708,1-HP:0000924,1-HP:0000924,1-HP:0000924,1-HP:0001249,1-HP:0001249,1-HP:0001249,1-HP:0001250,1-HP:0001250,1-HP:0001250,1-HP:0002011,1-HP:0002011,1-HP:0002011,1-HP:0002342,1-HP:0002342"
1246,2417,HGNC:13760,CYFIP2,OMIM:618008,Developmental and epileptic encephalopathy 65,HP:0000006,Autosomal dominant inheritance,Autosomal dominant,1,Yes,6/12/2018 0:00:00,Definitive,1,"1-HP:0000252,1-HP:0000707,1-HP:0000708,1-HP:0001249,1-HP:0001250,1-HP:0002011,1-HP:0010864"
1247,2422,HGNC:14896,SPTBN4,OMIM:617519,"Neurodevelopmental disorder with hypotonia, neuropathy, and deafness",HP:0000007,Autosomal recessive inheritance,Autosomal recessive,1,Yes,6/12/2018 0:00:00,Definitive,1,"1-HP:0000365,1-HP:0000707,1-HP:0001249,1-HP:0002342,1-HP:0003011,1-HP:0010864"
1248,2423,HGNC:9137,EXOSC9,OMIM:618065,"Pontocerebellar hypoplasia, type 1D",HP:0000007,Autosomal recessive inheritance,Autosomal recessive,1,Yes,6/12/2018 0:00:00,Definitive,1,"1-HP:0000707,1-HP:0001249,1-HP:0002011,1-HP:0003011,1-HP:0003676,1-HP:0011420"
1249,2424,HGNC:10258,RORA,OMIM:618060,Intellectual developmental disorder with or without epilepsy or cerebellar ataxia,HP:0000006,Autosomal dominant inheritance,Autosomal dominant,1,Yes,6/12/2018 0:00:00,Definitive,1,"1-HP:0000478,1-HP:0000707,1-HP:0000707,1-HP:0000708,1-HP:0000708,1-HP:0001249,1-HP:0001249,1-HP:0001250,1-HP:0001250,1-HP:0001256,1-HP:0001256,1-HP:0002011,1-HP:0002011,1-HP:0002342,1-HP:0002342,1-HP:0006889,3-HP:0001999"
1250,2425,HGNC:9119,PMPCB,OMIM:617954,Multiple mitochondrial dysfunctions syndrome 6,HP:0000007,Autosomal recessive inheritance,Autosomal recessive,1,Yes,6/12/2018 0:00:00,Definitive,1,"1-HP:0000252,1-HP:0000478,1-HP:0000707,1-HP:0001249,1-HP:0001250,1-HP:0001939,1-HP:0002376,1-HP:0003676,1-HP:0011420,1-HP:0012103"
1251,2426,HGNC:3418,EPRS1,OMIM:617951,"Leukodystrophy, hypomyelinating, 15",HP:0000007,Autosomal recessive inheritance,Autosomal recessive,1,Yes,6/12/2018 0:00:00,Definitive,1,"1-HP:0000252,1-HP:0000252,1-HP:0000478,1-HP:0000478,1-HP:0000707,1-HP:0000707,1-HP:0001249,1-HP:0001249,1-HP:0002011,1-HP:0002011,1-HP:0003676,1-HP:0003676"
1252,2428,HGNC:22474,MED13,OMIM:618009,"Intellectual developmental disorder, autosomal dominant 61",HP:0000006,Autosomal dominant inheritance,Autosomal dominant,1,Yes,6/12/2018 0:00:00,Definitive,1,"1-HP:0000478,1-HP:0000478,1-HP:0000707,1-HP:0000708,1-HP:0000708,1-HP:0001249,1-HP:0001249,1-HP:0001256,1-HP:0001256,1-HP:0001627,1-HP:0001999,1-HP:0001999,1-HP:0002011,1-HP:0002342,1-HP:0002342,1-HP:0006889,1-HP:0010864,2-HP:0001250,3-HP:0000252"
1253,2429,HGNC:20609,AIMP2,OMIM:618006,"Leukodystrophy, hypomyelinating, 17",HP:0000007,Autosomal recessive inheritance,Autosomal recessive,1,Yes,6/12/2018 0:00:00,Definitive,1,"1-HP:0000252,1-HP:0000252,1-HP:0000707,1-HP:0000707,1-HP:0000924,1-HP:0000924,1-HP:0001249,1-HP:0001249,1-HP:0001250,1-HP:0001250,1-HP:0001999,1-HP:0002011,1-HP:0002011,1-HP:0002342,1-HP:0002342,1-HP:0004322,1-HP:0004322,1-HP:0010864,1-HP:0010864,1-HP:0011420,1-HP:0011420"
1254,2432,HGNC:245,ADD3,OMIM:617008,"Cerebral palsy, spastic quadriplegic, 3",HP:0000007,Autosomal recessive inheritance,Autosomal recessive,1,Yes,6/12/2018 0:00:00,Definitive,1,"1-HP:0000252,1-HP:0000478,1-HP:0000707,1-HP:0000924,1-HP:0001249,1-HP:0001256,1-HP:0002011,1-HP:0002342"
1255,2437,HGNC:26941,UFC1,OMIM:618076,Neurodevelopmental disorder with spasticity and poor growth,HP:0000007,Autosomal recessive inheritance,Autosomal recessive,1,Yes,6/12/2018 0:00:00,Definitive,1,"1-HP:0000252,1-HP:0001249,1-HP:0001250,1-HP:0002011,1-HP:0002342,1-HP:0004322,1-HP:0010864"
1256,2438,HGNC:6836,MAP1B,OMIM:618918,Periventricular nodular heterotopia 9,HP:0000006,Autosomal dominant inheritance,Autosomal dominant,1,Yes,6/12/2018 0:00:00,Definitive,1,"1-HP:0001249,1-HP:0001250,1-HP:0001256,1-HP:0002011,1-HP:0002342"
1257,2439,HGNC:11597,TBX2,OMIM:618223,Vertebral anomalies and variable endocrine and T-cell dysfunction,HP:0000006,Autosomal dominant inheritance,Autosomal dominant,1,Yes,6/12/2018 0:00:00,Definitive,1,"1-HP:0000818,1-HP:0000924,1-HP:0001249,1-HP:0001627,1-HP:0001999,1-HP:0002715,2-HP:0004322"
1258,2440,HGNC:8964,PIGH,OMIM:618010,Glycosylphosphatidylinositol biosynthesis defect 17,HP:0000007,Autosomal recessive inheritance,Autosomal recessive,1,Yes,6/12/2018 0:00:00,Definitive,1,"1-HP:0000252,1-HP:0000708,1-HP:0001249,1-HP:0001250,1-HP:0001256,1-HP:0001999"
1259,2450,HGNC:2309,CPLX1,OMIM:617976,Developmental and epileptic encephalopathy 63,HP:0000007,Autosomal recessive inheritance,Autosomal recessive,1,Yes,6/14/2018 0:00:00,Definitive,1,"1-HP:0001249,1-HP:0001250,1-HP:0001256,1-HP:0002342"
1260,2451,HGNC:28213,PIGY,OMIM:616809,Hyperphosphatasia with impaired intellectual development syndrome 6,HP:0000007,Autosomal recessive inheritance,Autosomal recessive,1,Yes,6/14/2018 0:00:00,Definitive,1,"1-HP:0000252,1-HP:0001249,1-HP:0001250,1-HP:0001256,1-HP:0002342,1-HP:0011420"
1261,2452,HGNC:23213,PIGW,OMIM:616025,Glycosylphosphatidylinositol biosynthesis defect 11,HP:0000007,Autosomal recessive inheritance,Autosomal recessive,1,Yes,6/14/2018 0:00:00,Definitive,1,"1-HP:0001249,1-HP:0001250,1-HP:0002342,1-HP:0010864,2-HP:0001939"
1262,2455,HGNC:20194,POLR1C,OMIM:616494,"Leukodystrophy, hypomyelinating, 11",HP:0000007,Autosomal recessive inheritance,Autosomal recessive,1,Yes,6/14/2018 0:00:00,Definitive,1,"1-HP:0000707,1-HP:0001249,1-HP:0001256,1-HP:0002011,1-HP:0002342,2-HP:0000818,2-HP:0004322"
1263,2456,HGNC:22407,TMEM106B,OMIM:617964,"Leukodystrophy, hypomyelinating, 16",HP:0000006,Autosomal dominant inheritance,Autosomal dominant,1,Yes,6/14/2018 0:00:00,Definitive,1,"1-HP:0001249,1-HP:0002011,1-HP:0002342"
1264,2461,HGNC:14282,IRF2BPL,OMIM:618088,"Neurodevelopmental disorder with regression, abnormal movements, loss of speech, and seizures",HP:0000006,Autosomal dominant inheritance,Autosomal dominant,1,Yes,9/25/2018 0:00:00,Definitive,1,"1-HP:0000478,1-HP:0000478,1-HP:0000478,1-HP:0000707,1-HP:0000707,1-HP:0000707,1-HP:0000707,1-HP:0000708,1-HP:0001249,1-HP:0001249,1-HP:0001249,1-HP:0001249,1-HP:0001250,1-HP:0001250,1-HP:0001250,1-HP:0001250,1-HP:0001256,1-HP:0002011,1-HP:0002011,1-HP:0002011,1-HP:0002011,1-HP:0002187,1-HP:0002187,1-HP:0002187,1-HP:0002342,1-HP:0002342,1-HP:0002342,1-HP:0002376,1-HP:0002376,1-HP:0002376,1-HP:0002376,1-HP:0003676,1-HP:0003676,1-HP:0003676,1-HP:0003676,1-HP:0006889,1-HP:0010864,1-HP:0010864,1-HP:0010864,1-HP:0011024,3-HP:0000478,3-HP:0000478,3-HP:0000478"
1265,2462,HGNC:11992,TOP3A,OMIM:618097,"Microcephaly, growth restriction, and increased sister chromatid exchange 2",HP:0000007,Autosomal recessive inheritance,Autosomal recessive,1,Yes,9/25/2018 0:00:00,Definitive,1,"1-HP:0000252,1-HP:0001249,1-HP:0001574,1-HP:0001999,1-HP:0003011,1-HP:0004322,2-HP:0002715"
1266,2464,HGNC:21304,ADPRS,OMIM:618170,"Neurodegeneration, childhood-onset, stress-induced, with variable ataxia and seizures",HP:0000007,Autosomal recessive inheritance,Autosomal recessive,1,Yes,9/25/2018 0:00:00,Definitive,1,"1-HP:0000707,1-HP:0000707,1-HP:0001249,1-HP:0001249,1-HP:0001250,1-HP:0001250,1-HP:0002011,1-HP:0002011,1-HP:0002376,1-HP:0002376,1-HP:0003676,1-HP:0003676,1-HP:0011420,1-HP:0011420"
1267,2465,HGNC:21610,LNPK,OMIM:618090,Neurodevelopmental disorder with epilepsy and hypoplasia of the corpus callosum,HP:0000007,Autosomal recessive inheritance,Autosomal recessive,1,Yes,9/25/2018 0:00:00,Definitive,1,"1-HP:0000478,1-HP:0000707,1-HP:0000707,1-HP:0000707,1-HP:0001249,1-HP:0001249,1-HP:0001249,1-HP:0001250,1-HP:0001250,1-HP:0001250,1-HP:0002011,1-HP:0002011,1-HP:0002011,1-HP:0002187,1-HP:0002187,1-HP:0002342,1-HP:0002342,1-HP:0002342,1-HP:0002376,1-HP:0010864,1-HP:0010864,1-HP:0010864,2-HP:0002376,2-HP:0002376"
1268,2466,HGNC:20456,TRAF7,OMIM:618164,"Cardiac, facial, and digital anomalies with developmental delay",HP:0000006,Autosomal dominant inheritance,Autosomal dominant,1,Yes,9/25/2018 0:00:00,Definitive,1,"1-HP:0000119,1-HP:0000252,1-HP:0000365,1-HP:0000478,1-HP:0000708,1-HP:0000924,1-HP:0000924,1-HP:0001249,1-HP:0001249,1-HP:0001250,1-HP:0001256,1-HP:0001627,1-HP:0001627,1-HP:0001999,1-HP:0001999,1-HP:0002011,1-HP:0002011,1-HP:0002342,1-HP:0004322,1-HP:0004322,1-HP:0040064,1-HP:0040064,2-HP:0001250,2-HP:0001250,3-HP:0000252"
1269,2467,HGNC:12732,WASF1,OMIM:618707,Neurodevelopmental disorder with absent language and variable seizures,HP:0000006,Autosomal dominant inheritance,Autosomal dominant,1,Yes,9/25/2018 0:00:00,Definitive,1,"1-HP:0000708,1-HP:0001249,1-HP:0001250,1-HP:0002187,1-HP:0002342"
1270,2468,HGNC:3629,FDFT1,OMIM:618156,Squalene synthase deficiency,HP:0000007,Autosomal recessive inheritance,Autosomal recessive,1,Yes,9/25/2018 0:00:00,Definitive,1,"1-HP:0000119,1-HP:0000924,1-HP:0001249,1-HP:0001250,1-HP:0001574,1-HP:0001939,1-HP:0001999,1-HP:0002011,1-HP:0002342,1-HP:0010864,2-HP:0000252"
1271,2470,HGNC:30260,PNPO,OMIM:610090,Pyridoxamine 5'-phosphate oxidase deficiency,HP:0000007,Autosomal recessive inheritance,Autosomal recessive,1,Yes,9/25/2018 0:00:00,Definitive,1,"1-HP:0000707,1-HP:0000707,1-HP:0001249,1-HP:0001249,1-HP:0001250,1-HP:0001250,1-HP:0001939,1-HP:0001939,1-HP:0003676,1-HP:0003676,1-HP:0011420,1-HP:0011420"
1272,2472,HGNC:12756,WDR4,OMIM:618347,Galloway-Mowat syndrome 6,HP:0000007,Autosomal recessive inheritance,Autosomal recessive,1,Yes,9/25/2018 0:00:00,Definitive,1,"1-HP:0000252,1-HP:0001249,1-HP:0001256,1-HP:0002342,1-HP:0004322,1-HP:0010864,2-HP:0000119,2-HP:0001250,2-HP:0002011"
1273,2474,HGNC:2557,CUX1,OMIM:618330,Global developmental delay with or without impaired intellectual development,HP:0000006,Autosomal dominant inheritance,Autosomal dominant,1,Yes,9/25/2018 0:00:00,Definitive,1,"1-HP:0000119,1-HP:0000708,1-HP:0001249,1-HP:0001249,1-HP:0001250,1-HP:0001256,1-HP:0001627,1-HP:0001999,1-HP:0002011,1-HP:0002342,1-HP:0006889,1-HP:0010864,2-HP:0000119,2-HP:0000256,2-HP:0000924,2-HP:0000924,2-HP:0001627,2-HP:0001627,2-HP:0004322,2-HP:0004322,3-HP:0000708,3-HP:0001256,3-HP:0001256,3-HP:0002342,3-HP:0002342"
1274,2475,HGNC:13222,BCL11B,OMIM:618092,"Intellectual developmental disorder with dysmorphic facies, speech delay, and T-cell abnormalities",HP:0000006,Autosomal dominant inheritance,Autosomal dominant,1,Yes,9/25/2018 0:00:00,Definitive,1,"1-HP:0000478,1-HP:0000478,1-HP:0000708,1-HP:0000708,1-HP:0000924,1-HP:0001249,1-HP:0001249,1-HP:0001249,1-HP:0001256,1-HP:0001256,1-HP:0001256,1-HP:0001999,1-HP:0001999,1-HP:0001999,1-HP:0002342,1-HP:0002342,1-HP:0002342,1-HP:0002715,1-HP:0002715,1-HP:0002715,1-HP:0006889,1-HP:0006889,2-HP:0000708,2-HP:0000708,2-HP:0000708"
1275,2477,HGNC:12766,NSD2,MONDO:0001071,intellectual disability,HP:0000006,Autosomal dominant inheritance,Autosomal dominant,1,Yes,9/25/2018 0:00:00,Definitive,1,"1-HP:0000119,1-HP:0000252,1-HP:0000478,1-HP:0000708,1-HP:0000924,1-HP:0001249,1-HP:0001249,1-HP:0001256,1-HP:0001627,1-HP:0001999,1-HP:0001999,1-HP:0002342,1-HP:0004322,1-HP:0040064"
1276,2479,HGNC:30887,TRAPPC2L,OMIM:618331,"Encephalopathy, progressive, early-onset, with episodic rhabdomyolysis",HP:0000007,Autosomal recessive inheritance,Autosomal recessive,1,Yes,9/25/2018 0:00:00,Definitive,1,"1-HP:0001249,1-HP:0001249,1-HP:0001256,1-HP:0001256,1-HP:0003011,2-HP:0000707,2-HP:0000707,2-HP:0001250,2-HP:0001250,2-HP:0002376,2-HP:0002376,2-HP:0003676,2-HP:0003676"
1277,2482,HGNC:11301,SRP54,OMIM:618752,"Neutropenia, severe congenital, 8, autosomal dominant",HP:0000006,Autosomal dominant inheritance,Autosomal dominant,1,Yes,9/26/2018 0:00:00,Definitive,1,"1-HP:0001249,1-HP:0001871,1-HP:0002715,2-HP:0004322"
1278,2488,HGNC:6218,KCNA1,MONDO:0100062,developmental and epileptic encephalopathy,HP:0000006,Autosomal dominant inheritance,Autosomal dominant,1,Yes,9/26/2018 0:00:00,Definitive,1,"1-HP:0000707,1-HP:0001249,1-HP:0001249,1-HP:0001250,1-HP:0001250,1-HP:0001256,1-HP:0002342,1-HP:0002342,1-HP:0010864,1-HP:0010864"
1279,2490,HGNC:28380,SLC25A42,OMIM:618416,"Metabolic crises, recurrent, with variable encephalomyopathic features and neurologic regression",HP:0000007,Autosomal recessive inheritance,Autosomal recessive,1,Yes,9/26/2018 0:00:00,Definitive,1,"1-HP:0000707,1-HP:0001249,1-HP:0001939,1-HP:0002011,1-HP:0002376,1-HP:0003011,1-HP:0012103,2-HP:0001250"
1280,2491,HGNC:25695,CARS2,OMIM:616672,Combined oxidative phosphorylation deficiency 27,HP:0000007,Autosomal recessive inheritance,Autosomal recessive,1,Yes,9/26/2018 0:00:00,Definitive,1,"1-HP:0000707,1-HP:0000707,1-HP:0001249,1-HP:0001249,1-HP:0001250,1-HP:0001250,1-HP:0001939,1-HP:0002011,1-HP:0002011,1-HP:0002376,1-HP:0002376,1-HP:0003676,1-HP:0011420,1-HP:0011420,1-HP:0012103,1-HP:0012103"
1281,2492,HGNC:17768,TDP2,OMIM:616949,"Spinocerebellar ataxia, autosomal recessive 23",HP:0000007,Autosomal recessive inheritance,Autosomal recessive,1,Yes,9/26/2018 0:00:00,Definitive,1,"1-HP:0000252,1-HP:0000252,1-HP:0000707,1-HP:0000707,1-HP:0000708,1-HP:0000708,1-HP:0001249,1-HP:0001249,1-HP:0001250,1-HP:0001250,1-HP:0001256,1-HP:0001256,1-HP:0001999,1-HP:0001999,1-HP:0002011,1-HP:0002011,1-HP:0002342,1-HP:0002342,1-HP:0003676,1-HP:0003676,1-HP:0004322,1-HP:0004322,1-HP:0011024,1-HP:0011024"
1282,2493,HGNC:24969,NPRL2,OMIM:617116,"Epilepsy, familial focal, with variable foci 2",HP:0000006,Autosomal dominant inheritance,Autosomal dominant,1,Yes,9/27/2018 0:00:00,Definitive,1,"1-HP:0001249,1-HP:0001250,1-HP:0001256,1-HP:0002011,1-HP:0002342"
1283,2496,HGNC:28313,TET3,OMIM:618798_2,Beck-Fahrner syndrome,HP:0000007,Autosomal recessive inheritance,Autosomal recessive,1,Yes,9/27/2018 0:00:00,Definitive,1,"1-HP:0001249,1-HP:0001249,1-HP:0001250,1-HP:0001250,1-HP:0001256,1-HP:0001256,1-HP:0002342,1-HP:0002342"
1284,2501,HGNC:16902,BCKDK,OMIM:614923,Branched-chain keto acid dehydrogenase kinase deficiency,HP:0000007,Autosomal recessive inheritance,Autosomal recessive,1,Yes,9/27/2018 0:00:00,Definitive,1,"1-HP:0000252,1-HP:0000252,1-HP:0000707,1-HP:0000708,1-HP:0000708,1-HP:0000708,1-HP:0001249,1-HP:0001249,1-HP:0001249,1-HP:0001250,1-HP:0001250,1-HP:0001250,1-HP:0001939,1-HP:0001939,1-HP:0001999,1-HP:0002342,1-HP:0002342,1-HP:0002342,1-HP:0002376,1-HP:0010864,2-HP:0000252,2-HP:0000252,2-HP:0001574"
1285,2504,HGNC:20340,PRICKLE2,MONDO:0005258,autism spectrum disorder,HP:0000006,Autosomal dominant inheritance,Autosomal dominant,1,Yes,9/28/2018 0:00:00,Definitive,1,"1-HP:0000708,1-HP:0001249,1-HP:0001250,1-HP:0001256,1-HP:0002342"
1286,2506,HGNC:29022,SPECC1L,OMIM:145420,Teebi hypertelorism syndrome 1,HP:0000006,Autosomal dominant inheritance,Autosomal dominant,1,Yes,9/28/2018 0:00:00,Definitive,1,"1-HP:0000119,1-HP:0000202,1-HP:0000924,1-HP:0001249,1-HP:0001627,1-HP:0001999,1-HP:0002011"
1287,2509,HGNC:160,ACTL6B,OMIM:618468,Developmental and epileptic encephalopathy 76,HP:0000007,Autosomal recessive inheritance,Autosomal recessive,1,Yes,9/30/2018 0:00:00,Definitive,1,"1-HP:0000252,1-HP:0000252,1-HP:0000478,1-HP:0000707,1-HP:0000707,1-HP:0000708,1-HP:0001249,1-HP:0001249,1-HP:0001250,1-HP:0001250,1-HP:0001256,1-HP:0001999,1-HP:0002011,1-HP:0002011,1-HP:0002187,1-HP:0002342,1-HP:0002342,1-HP:0004322,1-HP:0004322,1-HP:0010864,1-HP:0010864,1-HP:0011420,2-HP:0002376"
1288,2512,HGNC:22986,COL27A1,OMIM:615155,Steel syndrome,HP:0000007,Autosomal recessive inheritance,Autosomal recessive,1,Yes,9/30/2018 0:00:00,Definitive,1,"1-HP:0000365,1-HP:0000924,1-HP:0001249,1-HP:0001999,1-HP:0004322"
1289,2514,HGNC:4425,GOLGA2,MONDO:0002254,syndromic disease,HP:0000007,Autosomal recessive inheritance,Autosomal recessive,1,Yes,9/30/2018 0:00:00,Definitive,1,"1-HP:0000252,1-HP:0001249,1-HP:0001250,1-HP:0001256,1-HP:0001999,1-HP:0002342,1-HP:0003011"
1290,2515,HGNC:4846,HCN2,MONDO:0001071,intellectual disability,HP:0000007,Autosomal recessive inheritance,Autosomal recessive,1,Yes,9/30/2018 0:00:00,Definitive,1,"1-HP:0001249,1-HP:0001249,1-HP:0001250"
1291,2521,HGNC:30228,PREPL,OMIM:616224,"Myasthenic syndrome, congenital, 22",HP:0000007,Autosomal recessive inheritance,Autosomal recessive,1,Yes,9/30/2018 0:00:00,Definitive,1,"1-HP:0000478,1-HP:0000707,1-HP:0000818,1-HP:0001249,1-HP:0003011,1-HP:0004322,4-HP:0001256"
1292,2523,HGNC:28991,RUBCN,OMIM:615705,"Spinocerebellar ataxia, autosomal recessive 15",HP:0000007,Autosomal recessive inheritance,Autosomal recessive,1,Yes,9/30/2018 0:00:00,Definitive,1,"1-HP:0000478,1-HP:0000707,1-HP:0001249,1-HP:0001249,1-HP:0001250"
1293,2529,HGNC:32225,WIPI2,OMIM:618453,?Intellectual developmental disorder with short stature and variable skeletal anomalies,HP:0000007,Autosomal recessive inheritance,Autosomal recessive,1,Yes,9/30/2018 0:00:00,Definitive,1,"1-HP:0000478,1-HP:0000707,1-HP:0000708,1-HP:0001249,1-HP:0001250,1-HP:0001999,1-HP:0002011,1-HP:0002187,1-HP:0002342"
1294,2536,HGNC:17258,AGTPBP1,OMIM:618276,"Neurodegeneration, childhood-onset, with cerebellar atrophy",HP:0000007,Autosomal recessive inheritance,Autosomal recessive,1,Yes,10/1/2018 0:00:00,Definitive,1,"1-HP:0000252,1-HP:0000478,1-HP:0000707,1-HP:0001249,1-HP:0002011,1-HP:0002376,1-HP:0003676,1-HP:0004322,1-HP:0011420,3-HP:0010864"
1295,2537,HGNC:24349,CCDC186,MONDO:0001071,intellectual disability,HP:0000007,Autosomal recessive inheritance,Autosomal recessive,1,Yes,10/1/2018 0:00:00,Definitive,1,"1-HP:0000252,1-HP:0000707,1-HP:0000818,1-HP:0001249,1-HP:0001249,1-HP:0001250,1-HP:0002011,1-HP:0002187,1-HP:0010864,1-HP:0011024,1-HP:0011420"
1296,2558,HGNC:12651,VARS1,OMIM:617802,"Neurodevelopmental disorder with microcephaly, seizures, and cortical atrophy",HP:0000007,Autosomal recessive inheritance,Autosomal recessive,1,Yes,10/1/2018 0:00:00,Definitive,1,"1-HP:0000252,1-HP:0000707,1-HP:0001249,1-HP:0001250,1-HP:0001256,1-HP:0002011,1-HP:0002342"
1297,2568,HGNC:10935,SLC18A2,OMIM:618049,"Parkinsonism-dystonia, infantile, 2",HP:0000007,Autosomal recessive inheritance,Autosomal recessive,1,Yes,10/1/2018 0:00:00,Definitive,1,"1-HP:0000478,1-HP:0000707,1-HP:0000707,1-HP:0001249,1-HP:0001249,1-HP:0001250,1-HP:0001250,1-HP:0001256,1-HP:0001256,1-HP:0001871,1-HP:0001871,1-HP:0002011,1-HP:0002270,1-HP:0002270,1-HP:0002342,1-HP:0002342,1-HP:0010864,1-HP:0011024,1-HP:0011024,1-HP:0011420,1-HP:0011420"
1298,2570,HGNC:29515,PLEKHG2,OMIM:616763,Leukodystrophy and acquired microcephaly with or without dystonia,HP:0000007,Autosomal recessive inheritance,Autosomal recessive,1,Yes,10/1/2018 0:00:00,Definitive,1,"1-HP:0000252,1-HP:0000707,1-HP:0001249,1-HP:0001256,1-HP:0002011,1-HP:0002342"
1299,2577,HGNC:17210,DHX37,OMIM:618731,Neurodevelopmental disorder with brain anomalies and with or without vertebral or cardiac anomalies,HP:0000007,Autosomal recessive inheritance,Autosomal recessive,1,Yes,10/1/2018 0:00:00,Definitive,1,"1-HP:0000924,1-HP:0000924,1-HP:0001249,1-HP:0001249,1-HP:0001256,1-HP:0001256,1-HP:0001999,1-HP:0002011,1-HP:0002011,1-HP:0002342,1-HP:0002342,2-HP:0001627"
1300,2587,HGNC:1395,CACNA1H,MONDO:0001071,intellectual disability,HP:0000007,Autosomal recessive inheritance,Autosomal recessive,1,Yes,10/1/2018 0:00:00,Definitive,1,"1-HP:0000708,1-HP:0001249,1-HP:0001249,1-HP:0001999,4-HP:0001250"
1301,2601,HGNC:29866,NFASC,OMIM:618356,Neurodevelopmental disorder with central and peripheral motor dysfunction,HP:0000007,Autosomal recessive inheritance,Autosomal recessive,1,Yes,10/2/2018 0:00:00,Definitive,1,"1-HP:0000707,1-HP:0001249,1-HP:0001256,1-HP:0002011"
1302,2604,HGNC:10911,SLC12A2,OMIM:619080,Kilquist syndrome,HP:0000007,Autosomal recessive inheritance,Autosomal recessive,1,Yes,10/2/2018 0:00:00,Definitive,1,"1-HP:0000118,1-HP:0000252,1-HP:0000365,1-HP:0000924,1-HP:0001249,1-HP:0001256,1-HP:0001871,1-HP:0001999,1-HP:0002270,1-HP:0002342,1-HP:0004322,1-HP:0010864"
1303,2623,HGNC:19440,SBDS,OMIM:260400,Shwachman-Diamond syndrome 1,HP:0000007,Autosomal recessive inheritance,Autosomal recessive,1,Yes,10/2/2018 0:00:00,Definitive,1,"1-HP:0000818,1-HP:0001249,1-HP:0001871,1-HP:0002664,1-HP:0002715,1-HP:0004322"
1304,2628,HGNC:17095,LARS2,OMIM:615300,Perrault syndrome 4,HP:0000007,Autosomal recessive inheritance,Autosomal recessive,1,Yes,10/2/2018 0:00:00,Definitive,1,"1-HP:0000365,1-HP:0000707,1-HP:0000708,1-HP:0000818,1-HP:0001249,1-HP:0002011,1-HP:0002376,1-HP:0003676"
1305,2641,HGNC:649,ARCN1,OMIM:617164,Short stature-micrognathia syndrome,HP:0000006,Autosomal dominant inheritance,Autosomal dominant,1,Yes,10/3/2018 0:00:00,Definitive,1,"1-HP:0000252,1-HP:0000252,1-HP:0000478,1-HP:0000924,1-HP:0000924,1-HP:0001249,1-HP:0001249,1-HP:0001256,1-HP:0001256,1-HP:0001627,1-HP:0002342,1-HP:0004322,1-HP:0004322"
1306,2644,HGNC:3330,EML1,OMIM:600348,Band heterotopia,HP:0000007,Autosomal recessive inheritance,Autosomal recessive,1,Yes,10/3/2018 0:00:00,Definitive,1,"1-HP:0000256,1-HP:0000707,1-HP:0001249,1-HP:0001250,1-HP:0002011,1-HP:0002342,1-HP:0010864,2-HP:0000708"
1307,2647,HGNC:21034,NDUFAF4,OMIM:618237,"Mitochondrial complex I deficiency, nuclear type 15",HP:0000007,Autosomal recessive inheritance,Autosomal recessive,1,Yes,10/3/2018 0:00:00,Definitive,1,"1-HP:0000707,1-HP:0001249,1-HP:0001250,1-HP:0001939,1-HP:0002011,1-HP:0002376,1-HP:0003011,1-HP:0011420,1-HP:0012103"
1308,2648,HGNC:9870,RARS1,OMIM:616140,"Leukodystrophy, hypomyelinating, 9",HP:0000007,Autosomal recessive inheritance,Autosomal recessive,1,Yes,10/3/2018 0:00:00,Definitive,1,"1-HP:0000707,1-HP:0000707,1-HP:0001249,1-HP:0001249,1-HP:0001250,1-HP:0001250,1-HP:0001256,1-HP:0001256,1-HP:0002011,1-HP:0002011,1-HP:0002342,1-HP:0002342,1-HP:0011420,1-HP:0011420,3-HP:0010864,3-HP:0010864"
1309,2649,HGNC:9896,RBM10,OMIM:311900,TARP syndrome,HP:0001417,X-linked other inheritance,X-linked,1,Yes,10/3/2018 0:00:00,Definitive,1,"1-HP:0000118,1-HP:0000119,1-HP:0000202,1-HP:0000252,1-HP:0000365,1-HP:0000478,1-HP:0000924,1-HP:0001249,1-HP:0001627,1-HP:0004322,1-HP:0011420,1-HP:0040064"
1310,2651,HGNC:1464,CAMK4,MONDO:0001071,intellectual disability,HP:0000006,Autosomal dominant inheritance,Autosomal dominant,1,Yes,10/3/2018 0:00:00,Definitive,1,"1-HP:0000707,1-HP:0000708,1-HP:0001249,1-HP:0001256,1-HP:0002342"
1311,2654,HGNC:16922,AGAP1,MONDO:0001071,intellectual disability,HP:0000006,Autosomal dominant inheritance,Autosomal dominant,1,Yes,10/3/2018 0:00:00,Definitive,1,"1-HP:0000478,1-HP:0000707,1-HP:0000708,1-HP:0000924,1-HP:0001249,1-HP:0001249,1-HP:0001250,1-HP:0001999,1-HP:0002011,1-HP:0004322"
1312,2661,HGNC:1388,CACNA1A,MONDO:0100062,developmental and epileptic encephalopathy,HP:0000007,Autosomal recessive inheritance,Autosomal recessive,1,Yes,10/4/2018 0:00:00,Definitive,1,"1-HP:0000707,1-HP:0001249,1-HP:0001249,1-HP:0001249,1-HP:0001250,1-HP:0001250,1-HP:0001250,1-HP:0002011,1-HP:0002011,1-HP:0002011,1-HP:0002187,1-HP:0002342,1-HP:0002342,1-HP:0002342,1-HP:0002376,1-HP:0003676,1-HP:0003676,1-HP:0010864,1-HP:0010864,1-HP:0010864,1-HP:0011420,1-HP:0011420,1-HP:0011420"
1313,2667,HGNC:18599,TUBGCP2,OMIM:618737,"Pachygyria, microcephaly, developmental delay, and dysmorphic facies, with or without seizures",HP:0000007,Autosomal recessive inheritance,Autosomal recessive,1,Yes,10/24/2018 0:00:00,Definitive,1,"1-HP:0000252,1-HP:0000478,1-HP:0000707,1-HP:0001249,1-HP:0001250,1-HP:0001256,1-HP:0001999,1-HP:0002011,1-HP:0002342"
1314,2672,HGNC:17770,RALGAPA1,OMIM:618797,"Neurodevelopmental disorder with hypotonia, neonatal respiratory insufficiency, and thermodysregulation",HP:0000007,Autosomal recessive inheritance,Autosomal recessive,1,Yes,10/24/2018 0:00:00,Definitive,1,"1-HP:0000478,1-HP:0000707,1-HP:0001249,1-HP:0001250,1-HP:0002011,1-HP:0002270,1-HP:0002342,1-HP:0010864"
1315,2695,HGNC:7785,NFIB,OMIM:618286,"Macrocephaly, acquired, with impaired intellectual development",HP:0000006,Autosomal dominant inheritance,Autosomal dominant,1,Yes,10/24/2018 0:00:00,Definitive,1,"1-HP:0000256,1-HP:0000707,1-HP:0000708,1-HP:0001249,1-HP:0001256"
1316,2704,HGNC:17123,SLC9A7,OMIM:301024,"Intellectual developmental disorder, X-linked 108",HP:0001417,X-linked other inheritance,X-linked,1,Yes,10/24/2018 0:00:00,Definitive,1,"1-HP:0001249,1-HP:0001256,1-HP:0002342"
1317,2706,HGNC:9803,RAC3,OMIM:618577,Neurodevelopmental disorder with structural brain anomalies and dysmorphic facies,HP:0000006,Autosomal dominant inheritance,Autosomal dominant,1,Yes,10/24/2018 0:00:00,Definitive,1,"1-HP:0000707,1-HP:0000707,1-HP:0000707,1-HP:0000708,1-HP:0000708,1-HP:0000708,1-HP:0000924,1-HP:0000924,1-HP:0000924,1-HP:0000924,1-HP:0001249,1-HP:0001249,1-HP:0001249,1-HP:0001249,1-HP:0001250,1-HP:0001250,1-HP:0001250,1-HP:0001250,1-HP:0001999,1-HP:0001999,1-HP:0001999,1-HP:0002011,1-HP:0002011,1-HP:0002011,1-HP:0002011,1-HP:0010864,1-HP:0010864,1-HP:0010864,1-HP:0010864,2-HP:0004322,2-HP:0004322,2-HP:0004322"
1318,2707,HGNC:6279,KCNK4,OMIM:618381,"Facial dysmorphism, hypertrichosis, epilepsy, intellectual/developmental delay, and gingival overgrowth syndrome",HP:0000006,Autosomal dominant inheritance,Autosomal dominant,1,Yes,10/24/2018 0:00:00,Definitive,1,"1-HP:0000478,1-HP:0000478,1-HP:0000707,1-HP:0000707,1-HP:0001249,1-HP:0001249,1-HP:0001249,1-HP:0001250,1-HP:0001250,1-HP:0001250,1-HP:0001256,1-HP:0001256,1-HP:0001256,1-HP:0001574,1-HP:0001574,1-HP:0001574,1-HP:0001999,1-HP:0001999,1-HP:0001999,1-HP:0002011,1-HP:0002011,1-HP:0002342,1-HP:0002342,1-HP:0002342,1-HP:0006889,1-HP:0006889,1-HP:0010864,1-HP:0010864"
1319,2708,HGNC:14937,PIGS,OMIM:618143,Developmental and epileptic encephalopathy 95,HP:0000007,Autosomal recessive inheritance,Autosomal recessive,1,Yes,10/24/2018 0:00:00,Definitive,1,"1-HP:0000077,1-HP:0000119,1-HP:0000119,1-HP:0000365,1-HP:0000707,1-HP:0000707,1-HP:0000924,1-HP:0000924,1-HP:0001249,1-HP:0001249,1-HP:0001250,1-HP:0001250,1-HP:0001999,1-HP:0002011,1-HP:0002011,1-HP:0002342,1-HP:0002342,1-HP:0010864,1-HP:0010864,1-HP:0011420,1-HP:0011420"
1320,2709,HGNC:7763,NEUROD2,OMIM:618374,Developmental and epileptic encephalopathy 72,HP:0000006,Autosomal dominant inheritance,Autosomal dominant,1,Yes,10/24/2018 0:00:00,Definitive,1,"1-HP:0000252,1-HP:0000708,1-HP:0000708,1-HP:0000708,1-HP:0001249,1-HP:0001249,1-HP:0001249,1-HP:0001250,1-HP:0001250,1-HP:0001250,1-HP:0001256,1-HP:0001256,1-HP:0001256,1-HP:0002011,1-HP:0002011,1-HP:0002342,1-HP:0002342,1-HP:0002342,1-HP:0006889,1-HP:0006889,1-HP:0010864,1-HP:0010864,2-HP:0000252"
1321,2713,HGNC:13488,VPS4A,OMIM:619273,CIMDAG syndrome,HP:0000006,Autosomal dominant inheritance,Autosomal dominant,1,Yes,10/25/2018 0:00:00,Definitive,1,"1-HP:0000077,1-HP:0000119,1-HP:0000252,1-HP:0000478,1-HP:0000707,1-HP:0001249,1-HP:0001250,1-HP:0001871,1-HP:0002011,1-HP:0002187,1-HP:0004322,2-HP:0011420"
1322,2718,HGNC:7568,MYH10,MONDO:0001071,intellectual disability,HP:0000006,Autosomal dominant inheritance,Autosomal dominant,1,Yes,10/25/2018 0:00:00,Definitive,1,"1-HP:0000252,1-HP:0000252,1-HP:0000478,1-HP:0000478,1-HP:0000707,1-HP:0000707,1-HP:0000708,1-HP:0000708,1-HP:0000708,1-HP:0001249,1-HP:0001249,1-HP:0001249,1-HP:0001256,1-HP:0001256,1-HP:0001627,1-HP:0001627,1-HP:0002011,1-HP:0002011,1-HP:0002011,1-HP:0002187,1-HP:0002187,1-HP:0002342,1-HP:0002342,1-HP:0002342,1-HP:0004322,1-HP:0004322,1-HP:0006889,1-HP:0006889,1-HP:0010864,1-HP:0010864,1-HP:0011024,1-HP:0011024,3-HP:0000077,3-HP:0000077,3-HP:0000119,3-HP:0000119,3-HP:0000252,3-HP:0000252,3-HP:0000924,3-HP:0000924"
1323,2732,HGNC:7180,MN1,OMIM:618774,CEBALID syndrome,HP:0000006,Autosomal dominant inheritance,Autosomal dominant,1,Yes,10/25/2018 0:00:00,Definitive,1,"1-HP:0000707,1-HP:0001249,1-HP:0001256,1-HP:0001999,1-HP:0002011,1-HP:0002342,1-HP:0002715,2-HP:0001250"
1324,2733,HGNC:6871,MAPK1,OMIM:619087,Noonan syndrome 13,HP:0000006,Autosomal dominant inheritance,Autosomal dominant,1,Yes,10/25/2018 0:00:00,Definitive,1,"1-HP:0000708,1-HP:0000924,1-HP:0001249,1-HP:0001256,1-HP:0001627,1-HP:0001999,1-HP:0002342,1-HP:0004322,2-HP:0001250"
1325,2737,HGNC:6183,ITSN1,MONDO:0001071,intellectual disability,HP:0000006,Autosomal dominant inheritance,Autosomal dominant,1,Yes,10/25/2018 0:00:00,Definitive,1,"1-HP:0000478,1-HP:0000708,1-HP:0000924,1-HP:0001249,1-HP:0001250,1-HP:0001256,1-HP:0001999,1-HP:0002342"
1326,2738,HGNC:4854,HDAC3,MONDO:0001071,intellectual disability,HP:0000006,Autosomal dominant inheritance,Autosomal dominant,1,Yes,10/25/2018 0:00:00,Definitive,1,"1-HP:0000924,1-HP:0001249,1-HP:0001249,1-HP:0001256,1-HP:0002011,1-HP:0002342,1-HP:0010864,2-HP:0000077,2-HP:0000252,2-HP:0000708,2-HP:0001250,2-HP:0001627"
1327,2740,HGNC:9299,PPP2CA,OMIM:618354,Houge-Janssens syndrome 3,HP:0000006,Autosomal dominant inheritance,Autosomal dominant,1,Yes,2/15/2019 0:00:00,Definitive,1,"1-HP:0000708,1-HP:0000708,1-HP:0001249,1-HP:0001249,1-HP:0001250,1-HP:0001250,1-HP:0001256,1-HP:0001256,1-HP:0002011,1-HP:0002011,1-HP:0002187,1-HP:0002342,1-HP:0010864"
1328,2741,HGNC:2869,DHPS,OMIM:618480,Neurodevelopmental disorder with seizures and speech and walking impairment,HP:0000007,Autosomal recessive inheritance,Autosomal recessive,1,Yes,2/15/2019 0:00:00,Definitive,1,"1-HP:0000707,1-HP:0000708,1-HP:0001249,1-HP:0001250,1-HP:0001256,1-HP:0001999,1-HP:0002342,2-HP:0004322"
1329,2742,HGNC:16493,ZMIZ1,OMIM:618659,Neurodevelopmental disorder with dysmorphic facies and distal skeletal anomalies,HP:0000006,Autosomal dominant inheritance,Autosomal dominant,1,Yes,2/15/2019 0:00:00,Definitive,1,"1-HP:0000077,1-HP:0000365,1-HP:0000707,1-HP:0000708,1-HP:0001249,1-HP:0001256,1-HP:0002342,1-HP:0004322,2-HP:0000119,2-HP:0000252"
1330,2743,HGNC:6884,MAPK8IP3,OMIM:618443,Neurodevelopmental disorder with or without variable brain abnormalities,HP:0000006,Autosomal dominant inheritance,Autosomal dominant,1,Yes,2/15/2019 0:00:00,Definitive,1,"1-HP:0000707,1-HP:0001249,1-HP:0002011,2-HP:0001250,3-HP:0001256"
1331,2744,HGNC:21904,NCAPG2,OMIM:618460,Khan-Khan-Katsanis syndrome,HP:0000007,Autosomal recessive inheritance,Autosomal recessive,1,Yes,2/15/2019 0:00:00,Definitive,1,"1-HP:0000119,1-HP:0000478,1-HP:0001249,1-HP:0002011,1-HP:0002342,1-HP:0010864,1-HP:0040064,2-HP:0000252,2-HP:0004322,2-HP:0011420"
1332,2746,HGNC:10057,RNF13,OMIM:618379,Developmental and epileptic encephalopathy 73,HP:0000006,Autosomal dominant inheritance,Autosomal dominant,1,Yes,2/15/2019 0:00:00,Definitive,1,"1-HP:0000252,1-HP:0001249,1-HP:0001250,1-HP:0002011,1-HP:0002342,1-HP:0004322,1-HP:0010864"
1333,2747,HGNC:15516,XYLT1,MONDO:0002254,syndromic disease,HP:0000007,Autosomal recessive inheritance,Autosomal recessive,1,Yes,2/15/2019 0:00:00,Definitive,1,"1-HP:0000202,1-HP:0000252,1-HP:0001249,1-HP:0001256,1-HP:0001999,1-HP:0002342,1-HP:0004322"
1334,2748,HGNC:15516,XYLT1,OMIM:615777,Desbuquois dysplasia 2,HP:0000007,Autosomal recessive inheritance,Autosomal recessive,1,Yes,2/15/2019 0:00:00,Definitive,1,"1-HP:0000924,1-HP:0001249,1-HP:0001256,1-HP:0001999,1-HP:0002342,1-HP:0004322"
1335,2749,HGNC:29500,FCSK,OMIM:618324,Congenital disorder of glycosylation with defective fucosylation 2,HP:0000007,Autosomal recessive inheritance,Autosomal recessive,1,Yes,2/15/2019 0:00:00,Definitive,1,"1-HP:0000707,1-HP:0001249,1-HP:0001250,1-HP:0001939,1-HP:0002342,1-HP:0010864"
1336,2750,HGNC:13664,MACF1,OMIM:618325,Lissencephaly 9 with complex brainstem malformation,HP:0000006,Autosomal dominant inheritance,Autosomal dominant,1,Yes,2/15/2019 0:00:00,Definitive,1,"1-HP:0000707,1-HP:0000707,1-HP:0001249,1-HP:0001249,1-HP:0001250,1-HP:0001250,1-HP:0002011,1-HP:0002011,1-HP:0010864,1-HP:0010864,2-HP:0000708"
1337,2751,HGNC:30074,POLR3A,OMIM:264090,Wiedemann-Rautenstrauch syndrome,HP:0000007,Autosomal recessive inheritance,Autosomal recessive,1,Yes,2/15/2019 0:00:00,Definitive,1,"1-HP:0000256,1-HP:0000478,1-HP:0000924,1-HP:0000924,1-HP:0001249,1-HP:0001249,1-HP:0001574,1-HP:0001574,1-HP:0001999,1-HP:0004322,1-HP:0004322,1-HP:0011420,3-HP:0001249"
1338,2752,HGNC:24856,CCDC47,OMIM:618268,Trichohepatoneurodevelopmental syndrome,HP:0000007,Autosomal recessive inheritance,Autosomal recessive,1,Yes,2/15/2019 0:00:00,Definitive,1,"1-HP:0000252,1-HP:0000478,1-HP:0000707,1-HP:0000924,1-HP:0001249,1-HP:0001999,1-HP:0002011,1-HP:0002342,1-HP:0002715,1-HP:0010864"
1339,2753,HGNC:799,ATP1A1,OMIM:618314,"Hypomagnesemia, seizures, and impaired intellectual development 2",HP:0000006,Autosomal dominant inheritance,Autosomal dominant,1,Yes,2/15/2019 0:00:00,Definitive,1,"1-HP:0000077,1-HP:0000119,1-HP:0000707,1-HP:0000707,1-HP:0000708,1-HP:0000708,1-HP:0000818,1-HP:0001249,1-HP:0001249,1-HP:0001250,1-HP:0002011,1-HP:0002011,1-HP:0002342,1-HP:0002342,1-HP:0010864,1-HP:0010864,4-HP:0001250"
1340,2755,HGNC:8590,PAK1,OMIM:618158,"Intellectual developmental disorder with macrocephaly, seizures, and speech delay",HP:0000006,Autosomal dominant inheritance,Autosomal dominant,1,Yes,2/15/2019 0:00:00,Definitive,1,"1-HP:0000256,1-HP:0000256,1-HP:0000478,1-HP:0000707,1-HP:0000707,1-HP:0000708,1-HP:0000708,1-HP:0001249,1-HP:0001249,1-HP:0001250,1-HP:0001250,1-HP:0002011,1-HP:0002011,1-HP:0002342,1-HP:0002342,1-HP:0010864"
1341,2757,HGNC:694,ARL3,OMIM:618161,Joubert syndrome 35,HP:0000007,Autosomal recessive inheritance,Autosomal recessive,1,Yes,2/15/2019 0:00:00,Definitive,1,"1-HP:0000077,1-HP:0000119,1-HP:0000478,1-HP:0000707,1-HP:0001249,1-HP:0001256,1-HP:0002011,1-HP:0002270,1-HP:0002342"
1342,2758,HGNC:7690,NDUFA6,OMIM:618253,"Mitochondrial complex I deficiency, nuclear type 33",HP:0000007,Autosomal recessive inheritance,Autosomal recessive,1,Yes,2/15/2019 0:00:00,Definitive,1,"1-HP:0000478,1-HP:0001249,1-HP:0003676,1-HP:0011420,1-HP:0012103"
1343,2759,HGNC:6708,LSS,OMIM:618840,Alopecia-intellectual disability syndrome 4,HP:0000007,Autosomal recessive inheritance,Autosomal recessive,1,Yes,2/16/2019 0:00:00,Definitive,1,"1-HP:0001249,1-HP:0001249,1-HP:0001256,1-HP:0001256,1-HP:0001574,1-HP:0001574,1-HP:0002011,1-HP:0002011"
1344,2762,HGNC:29204,SVBP,OMIM:618569,"Neurodevelopmental disorder with ataxia, hypotonia, and microcephaly",HP:0000007,Autosomal recessive inheritance,Autosomal recessive,1,Yes,2/16/2019 0:00:00,Definitive,1,"1-HP:0000252,1-HP:0000252,1-HP:0000707,1-HP:0000707,1-HP:0000708,1-HP:0000708,1-HP:0000924,1-HP:0001249,1-HP:0001249,1-HP:0001250,1-HP:0001256,1-HP:0001256,1-HP:0002011,1-HP:0002187,1-HP:0002342,1-HP:0002342,1-HP:0004322,1-HP:0004322,1-HP:0010864,2-HP:0000478"
1345,2765,HGNC:6215,KARS1,OMIM:619147,"Leukoencephalopathy, progressive, infantile-onset, with or without deafness",HP:0000007,Autosomal recessive inheritance,Autosomal recessive,1,Yes,2/16/2019 0:00:00,Definitive,1,"1-HP:0000252,1-HP:0000365,1-HP:0000707,1-HP:0001249,1-HP:0001250,1-HP:0001939,1-HP:0002011,1-HP:0002342,1-HP:0002376,1-HP:0003676"
1346,2766,HGNC:13599,FBXL3,OMIM:606220,"Intellectual developmental disorder with short stature, facial anomalies, and speech defects",HP:0000007,Autosomal recessive inheritance,Autosomal recessive,1,Yes,2/16/2019 0:00:00,Definitive,1,"1-HP:0001249,1-HP:0001256,1-HP:0001999,1-HP:0004322"
1347,2768,HGNC:2460,CSNK2B,OMIM:618732,Poirier-Bienvenu neurodevelopmental syndrome,HP:0000006,Autosomal dominant inheritance,Autosomal dominant,1,Yes,2/18/2019 0:00:00,Definitive,1,"1-HP:0000707,1-HP:0000707,1-HP:0000708,1-HP:0000708,1-HP:0000818,1-HP:0001249,1-HP:0001249,1-HP:0001250,1-HP:0001250,1-HP:0001256,1-HP:0001256,1-HP:0002187,1-HP:0002342,1-HP:0004322,1-HP:0006889,1-HP:0010864,2-HP:0001627"
1348,2770,HGNC:7230,MRE11,OMIM:604391,Ataxia-telangiectasia-like disorder 1,HP:0000007,Autosomal recessive inheritance,Autosomal recessive,1,Yes,2/18/2019 0:00:00,Definitive,1,"1-HP:0000478,1-HP:0000707,1-HP:0001249,1-HP:0002011,1-HP:0003676"
1349,2781,HGNC:11427,STUB1,OMIM:615768,"Spinocerebellar ataxia, autosomal recessive 16",HP:0000007,Autosomal recessive inheritance,Autosomal recessive,1,Yes,2/18/2019 0:00:00,Definitive,1,"1-HP:0000707,1-HP:0001249,1-HP:0002011,1-HP:0003676"
1350,2787,HGNC:34016,RNU4ATAC,OMIM:226960,Lowry-Wood syndrome,HP:0000007,Autosomal recessive inheritance,Autosomal recessive,1,Yes,2/18/2019 0:00:00,Definitive,1,"1-HP:0000252,1-HP:0000924,1-HP:0001249,1-HP:0001256,1-HP:0004322,2-HP:0000478,2-HP:0002715"
1351,2788,HGNC:8064,NUP214,OMIM:618426,"{Encephalopathy, acute, infection-induced, susceptibility to, 9}",HP:0000007,Autosomal recessive inheritance,Autosomal recessive,1,Yes,2/18/2019 0:00:00,Definitive,1,"1-HP:0000252,1-HP:0000707,1-HP:0001249,1-HP:0001250,1-HP:0001939,1-HP:0002011,1-HP:0002376,1-HP:0003676,1-HP:0011420"
1352,2794,HGNC:8109,ODC1,OMIM:619075,Bachmann-Bupp syndrome,HP:0000006,Autosomal dominant inheritance,Autosomal dominant,1,Yes,2/19/2019 0:00:00,Definitive,1,"1-HP:0000119,1-HP:0000119,1-HP:0000256,1-HP:0000256,1-HP:0000708,1-HP:0000708,1-HP:0001249,1-HP:0001249,1-HP:0001256,1-HP:0001256,1-HP:0001574,1-HP:0001574,1-HP:0001999,1-HP:0001999,1-HP:0002011,1-HP:0002011,1-HP:0002342,1-HP:0002342,1-HP:0010864,1-HP:0010864,1-HP:0011024,1-HP:0011024"
1353,2795,HGNC:6743,CAPRIN1,MONDO:0001071,intellectual disability,HP:0000006,Autosomal dominant inheritance,Autosomal dominant,1,Yes,2/19/2019 0:00:00,Definitive,1,"1-HP:0000478,1-HP:0000708,1-HP:0000924,1-HP:0001249,1-HP:0001249,1-HP:0001250,1-HP:0001256,1-HP:0002187,1-HP:0002342,1-HP:0006889,1-HP:0010864,1-HP:0040064,2-HP:0000365"
1354,2803,HGNC:5036,HNRNPD,MONDO:0001071,intellectual disability,HP:0000006,Autosomal dominant inheritance,Autosomal dominant,1,Yes,2/19/2019 0:00:00,Definitive,1,"1-HP:0000707,1-HP:0000708,1-HP:0001249,1-HP:0001256,1-HP:0001999,1-HP:0002342"
1355,2806,HGNC:30401,LEO1,MONDO:0001071,intellectual disability,HP:0000006,Autosomal dominant inheritance,Autosomal dominant,1,Yes,2/19/2019 0:00:00,Definitive,1,"1-HP:0000708,1-HP:0001249,1-HP:0001256,1-HP:0002342"
1356,2814,HGNC:10781,TRA2B,MONDO:0001071,intellectual disability,HP:0000006,Autosomal dominant inheritance,Autosomal dominant,1,Yes,2/19/2019 0:00:00,Definitive,1,"1-HP:0000478,1-HP:0000707,1-HP:0000708,1-HP:0000924,1-HP:0001249,1-HP:0001249,1-HP:0001250,1-HP:0001256,1-HP:0002011,1-HP:0002187,1-HP:0002342,1-HP:0004322,1-HP:0010864,1-HP:0011024,3-HP:0004322"
1357,2819,HGNC:29012,KDM6B,OMIM:618505,Stolerman neurodevelopmental syndrome,HP:0000006,Autosomal dominant inheritance,Autosomal dominant,1,Yes,2/19/2019 0:00:00,Definitive,1,"1-HP:0000256,1-HP:0000478,1-HP:0000707,1-HP:0000708,1-HP:0000708,1-HP:0000924,1-HP:0001249,1-HP:0001249,1-HP:0001256,1-HP:0001256,1-HP:0001999,1-HP:0001999,1-HP:0002342,1-HP:0002342,1-HP:0006889,1-HP:0011024,1-HP:0040064,4-HP:0010864"
1358,2821,HGNC:17575,SPEN,OMIM:619312,Radio-Tartaglia syndrome,HP:0000006,Autosomal dominant inheritance,Autosomal dominant,1,Yes,2/19/2019 0:00:00,Definitive,1,"1-HP:0000098,1-HP:0000478,1-HP:0000707,1-HP:0000708,1-HP:0000924,1-HP:0001249,1-HP:0001256,1-HP:0001513,1-HP:0001999,1-HP:0002011,1-HP:0002342"
1359,2824,HGNC:24011,ABI2,MONDO:0001071,intellectual disability,HP:0000006,Autosomal dominant inheritance,Autosomal dominant,1,Yes,2/19/2019 0:00:00,Definitive,1,"1-HP:0000478,1-HP:0000707,1-HP:0000708,1-HP:0001249,1-HP:0001249,1-HP:0001250,1-HP:0001999,1-HP:0002011,1-HP:0002187,1-HP:0002342,1-HP:0010864,2-HP:0002376"
1360,2840,HGNC:8632,PBX1,OMIM:617641,"Congenital anomalies of kidney and urinary tract syndrome with or without hearing loss, abnormal ears, or developmental delay",HP:0000006,Autosomal dominant inheritance,Autosomal dominant,1,Yes,2/19/2019 0:00:00,Definitive,1,"1-HP:0000077,1-HP:0000119,1-HP:0001249,1-HP:0001256,1-HP:0002342,1-HP:0004322"
1361,2850,HGNC:11106,SMARCD1,OMIM:618779,Coffin-Siris syndrome 11,HP:0000006,Autosomal dominant inheritance,Autosomal dominant,1,Yes,2/19/2019 0:00:00,Definitive,1,"1-HP:0000098,1-HP:0000256,1-HP:0000365,1-HP:0000707,1-HP:0000924,1-HP:0001249,1-HP:0001256,1-HP:0001999,1-HP:0002011,1-HP:0002342,1-HP:0004322"
1362,2864,HGNC:12643,VAMP2,OMIM:618760,Neurodevelopmental disorder with hypotonia and autistic features with or without hyperkinetic movements,HP:0000006,Autosomal dominant inheritance,Autosomal dominant,1,Yes,2/19/2019 0:00:00,Definitive,1,"1-HP:0000707,1-HP:0000708,1-HP:0001249,1-HP:0001250,1-HP:0002342,1-HP:0010864"
1363,2873,HGNC:1394,CACNA1G,OMIM:618087,"Spinocerebellar ataxia 42, early-onset, severe, with neurodevelopmental deficits",HP:0000006,Autosomal dominant inheritance,Autosomal dominant,1,Yes,2/20/2019 0:00:00,Definitive,1,"1-HP:0000252,1-HP:0000252,1-HP:0000478,1-HP:0000478,1-HP:0000707,1-HP:0000707,1-HP:0000708,1-HP:0001249,1-HP:0001249,1-HP:0001250,1-HP:0001250,1-HP:0001256,1-HP:0001999,1-HP:0002011,1-HP:0002011,1-HP:0002187,1-HP:0002187,1-HP:0002342,1-HP:0006889,1-HP:0010864,1-HP:0040064"
1364,2878,HGNC:30740,TARS2,OMIM:615918,Combined oxidative phosphorylation deficiency 21,HP:0000007,Autosomal recessive inheritance,Autosomal recessive,1,Yes,5/6/2019 0:00:00,Definitive,1,"1-HP:0000252,1-HP:0000365,1-HP:0000365,1-HP:0000478,1-HP:0000707,1-HP:0000707,1-HP:0000707,1-HP:0001249,1-HP:0001249,1-HP:0001249,1-HP:0001250,1-HP:0001250,1-HP:0001250,1-HP:0001939,1-HP:0002011,1-HP:0002011,1-HP:0002187,1-HP:0002270,1-HP:0002342,1-HP:0002376,1-HP:0002376,1-HP:0002376,1-HP:0010864,1-HP:0011420,1-HP:0011420,1-HP:0012103,1-HP:0012103,1-HP:0012103,2-HP:0000365,2-HP:0011420,2-HP:0011420,3-HP:0002270,3-HP:0002270,4-HP:0001627"
1365,2879,HGNC:29947,TRAK1,OMIM:618201,Developmental and epileptic encephalopathy 68,HP:0000007,Autosomal recessive inheritance,Autosomal recessive,1,Yes,5/6/2019 0:00:00,Definitive,1,"1-HP:0000707,1-HP:0001249,1-HP:0001250,1-HP:0002011,1-HP:0002376,1-HP:0003676,1-HP:0011420"
1366,2881,HGNC:1915,CHD1,OMIM:617682,Pilarowski-Bjornsson syndrome,HP:0000006,Autosomal dominant inheritance,Autosomal dominant,1,Yes,5/6/2019 0:00:00,Definitive,1,"1-HP:0000707,1-HP:0000708,1-HP:0001249,1-HP:0001250,1-HP:0001256,1-HP:0001999,1-HP:0002342,2-HP:0000256,2-HP:0001548,2-HP:0002715,2-HP:0004322"
1367,2882,HGNC:7877,CNOT1,OMIM:618500,"Holoprosencephaly 12, with or without pancreatic agenesis",HP:0000006,Autosomal dominant inheritance,Autosomal dominant,1,Yes,5/6/2019 0:00:00,Definitive,1,"1-HP:0000118,1-HP:0000119,1-HP:0000818,1-HP:0001249,1-HP:0001256,1-HP:0001627,1-HP:0002011,1-HP:0002342,1-HP:0004322"
1368,2883,HGNC:1389,CACNA1B,OMIM:618497,Neurodevelopmental disorder with seizures and nonepileptic hyperkinetic movements,HP:0000007,Autosomal recessive inheritance,Autosomal recessive,1,Yes,5/6/2019 0:00:00,Definitive,1,"1-HP:0000252,1-HP:0000252,1-HP:0000707,1-HP:0000707,1-HP:0001249,1-HP:0001249,1-HP:0001250,1-HP:0001250,1-HP:0002342,1-HP:0002342,1-HP:0002376,1-HP:0002376,1-HP:0010864,1-HP:0010864,1-HP:0011420,1-HP:0011420"
1369,2884,HGNC:4452,GPC4,OMIM:301026,Keipert syndrome,HP:0001417,X-linked other inheritance,X-linked,1,Yes,5/6/2019 0:00:00,Definitive,1,"1-HP:0000256,1-HP:0000256,1-HP:0000365,1-HP:0000924,1-HP:0001249,1-HP:0001249,1-HP:0001256,1-HP:0001999,1-HP:0001999,1-HP:0002342,1-HP:0002342,1-HP:0006889,1-HP:0040064,1-HP:0040064,2-HP:0000365,2-HP:0000708,2-HP:0000708"
1370,2886,HGNC:2433,CSF1R,OMIM:618476,"Brain abnormalities, neurodegeneration, and dysosteosclerosis",HP:0000007,Autosomal recessive inheritance,Autosomal recessive,1,Yes,5/6/2019 0:00:00,Definitive,1,"1-HP:0000707,1-HP:0000707,1-HP:0000924,1-HP:0000924,1-HP:0001249,1-HP:0001249,1-HP:0001250,1-HP:0001250,1-HP:0001999,1-HP:0001999,1-HP:0002011,1-HP:0002011,1-HP:0002376,1-HP:0002376,1-HP:0003676,1-HP:0003676"
1371,2887,HGNC:3033,ATN1,OMIM:618494,"Congenital hypotonia, epilepsy, developmental delay, and digital anomalies",HP:0000006,Autosomal dominant inheritance,Autosomal dominant,1,Yes,5/6/2019 0:00:00,Definitive,1,"1-HP:0000119,1-HP:0000119,1-HP:0000119,1-HP:0000478,1-HP:0000478,1-HP:0000478,1-HP:0000478,1-HP:0000707,1-HP:0000707,1-HP:0000707,1-HP:0000707,1-HP:0000924,1-HP:0000924,1-HP:0000924,1-HP:0000924,1-HP:0001249,1-HP:0001249,1-HP:0001249,1-HP:0001249,1-HP:0001250,1-HP:0001250,1-HP:0001250,1-HP:0001250,1-HP:0001256,1-HP:0001256,1-HP:0001256,1-HP:0001256,1-HP:0001627,1-HP:0001627,1-HP:0001627,1-HP:0001999,1-HP:0001999,1-HP:0001999,1-HP:0001999,1-HP:0002011,1-HP:0002011,1-HP:0002011,1-HP:0002011,1-HP:0002187,1-HP:0002342,1-HP:0002342,1-HP:0002342,1-HP:0002342,1-HP:0010864,1-HP:0011024,2-HP:0000708,3-HP:0000119,3-HP:0000365,3-HP:0001627"
1372,2888,HGNC:1337,KDM3B,OMIM:618846,Diets-Jongmans syndrome,HP:0000006,Autosomal dominant inheritance,Autosomal dominant,1,Yes,5/6/2019 0:00:00,Definitive,1,"1-HP:0000119,1-HP:0000119,1-HP:0000365,1-HP:0000365,1-HP:0000478,1-HP:0000478,1-HP:0000707,1-HP:0000707,1-HP:0000708,1-HP:0000708,1-HP:0001249,1-HP:0001249,1-HP:0001256,1-HP:0001256,1-HP:0001999,1-HP:0001999,1-HP:0002342,1-HP:0002342,1-HP:0004322,1-HP:0004322,2-HP:0001250,2-HP:0001250,2-HP:0002664,2-HP:0002664"
1373,2889,HGNC:29162,FAM149B1,OMIM:618763,Joubert syndrome 36,HP:0000007,Autosomal recessive inheritance,Autosomal recessive,1,Yes,5/6/2019 0:00:00,Definitive,1,"1-HP:0000256,1-HP:0000478,1-HP:0000924,1-HP:0001249,1-HP:0001256,1-HP:0001999,1-HP:0002011,1-HP:0002342,1-HP:0040064"
1374,2890,HGNC:1779,CDK8,OMIM:618748,Intellectual developmental disorder with hypotonia and behavioral abnormalities,HP:0000006,Autosomal dominant inheritance,Autosomal dominant,1,Yes,5/6/2019 0:00:00,Definitive,1,"1-HP:0000118,1-HP:0000478,1-HP:0000707,1-HP:0000708,1-HP:0001249,1-HP:0001627,1-HP:0001999,1-HP:0002011,3-HP:0001256,3-HP:0002342"
1375,2891,HGNC:1493,CARS1,OMIM:618891,"Microcephaly, developmental delay, and brittle hair syndrome",HP:0000007,Autosomal recessive inheritance,Autosomal recessive,1,Yes,5/6/2019 0:00:00,Definitive,1,"1-HP:0000252,1-HP:0001249,1-HP:0001256,1-HP:0001574,1-HP:0002342"
1376,2892,HGNC:12927,ZNF142,OMIM:618425,Neurodevelopmental disorder with impaired speech and hyperkinetic movements,HP:0000007,Autosomal recessive inheritance,Autosomal recessive,1,Yes,5/6/2019 0:00:00,Definitive,1,"1-HP:0000707,1-HP:0000707,1-HP:0000708,1-HP:0001249,1-HP:0001249,1-HP:0001250,1-HP:0001250,1-HP:0001256,1-HP:0001256,1-HP:0001999,1-HP:0001999,1-HP:0002342,1-HP:0002342,3-HP:0002011"
1377,2893,HGNC:3649,FEM1B,MONDO:0001071,intellectual disability,HP:0000006,Autosomal dominant inheritance,Autosomal dominant,1,Yes,5/6/2019 0:00:00,Definitive,1,"1-HP:0000365,1-HP:0000478,1-HP:0000707,1-HP:0000708,1-HP:0000924,1-HP:0001249,1-HP:0001249,1-HP:0001256,1-HP:0001574,1-HP:0001627,1-HP:0001999,1-HP:0002011,1-HP:0002342,2-HP:0000818"
1378,2895,HGNC:28858,P4HTM,OMIM:618493,"Hypotonia, hypoventilation, impaired intellectual development, dysautonomia, epilepsy, and eye abnormalities",HP:0000007,Autosomal recessive inheritance,Autosomal recessive,1,Yes,5/6/2019 0:00:00,Definitive,1,"1-HP:0000252,1-HP:0000256,1-HP:0000478,1-HP:0000478,1-HP:0000707,1-HP:0001249,1-HP:0001249,1-HP:0001250,1-HP:0001250,1-HP:0002011,1-HP:0002187,1-HP:0002270,1-HP:0002270,1-HP:0002715,1-HP:0010864,1-HP:0011024,3-HP:0000924"
1379,2900,HGNC:18126,ZNRF3,MONDO:0001071,intellectual disability,HP:0000006,Autosomal dominant inheritance,Autosomal dominant,1,Yes,5/6/2019 0:00:00,Definitive,1,"1-HP:0000252,1-HP:0000256,1-HP:0001249,1-HP:0001249,1-HP:0001256,1-HP:0002187,1-HP:0002342,1-HP:0006889,1-HP:0010864"
1380,2904,HGNC:20472,LSM1,MONDO:0001071,intellectual disability,HP:0000007,Autosomal recessive inheritance,Autosomal recessive,1,Yes,5/6/2019 0:00:00,Definitive,1,"1-HP:0000077,1-HP:0000077,1-HP:0000119,1-HP:0000119,1-HP:0000707,1-HP:0000707,1-HP:0000708,1-HP:0000708,1-HP:0000924,1-HP:0000924,1-HP:0001249,1-HP:0001249,1-HP:0001249,1-HP:0001627,1-HP:0001627,1-HP:0001999,1-HP:0001999"
1381,2912,HGNC:19966,UNC79,MONDO:0001071,intellectual disability,HP:0000006,Autosomal dominant inheritance,Autosomal dominant,1,Yes,5/6/2019 0:00:00,Definitive,1,"1-HP:0000707,1-HP:0000708,1-HP:0001249,1-HP:0001249,1-HP:0001250,1-HP:0001256,1-HP:0001999,1-HP:0001999,1-HP:0002342,1-HP:0006889"
1382,2919,HGNC:2550,CELF2,OMIM:619561,Developmental and epileptic encephalopathy 97,HP:0000006,Autosomal dominant inheritance,Autosomal dominant,1,Yes,5/6/2019 0:00:00,Definitive,1,"1-HP:0000707,1-HP:0000707,1-HP:0000708,1-HP:0000708,1-HP:0001249,1-HP:0001249,1-HP:0001250,1-HP:0001250,1-HP:0001256,1-HP:0001999,1-HP:0001999,1-HP:0002011,1-HP:0002342,1-HP:0010864,2-HP:0000478"
1383,2926,HGNC:17358,TPK1,OMIM:614458,Thiamine metabolism dysfunction syndrome 5 (episodic encephalopathy type),HP:0000007,Autosomal recessive inheritance,Autosomal recessive,1,Yes,5/6/2019 0:00:00,Definitive,1,"1-HP:0001249,1-HP:0001939,1-HP:0002011,1-HP:0003676"
1384,2929,HGNC:25801,CPLANE1,OMIM:277170,Orofaciodigital syndrome VI,HP:0000007,Autosomal recessive inheritance,Autosomal recessive,1,Yes,5/7/2019 0:00:00,Definitive,1,"1-HP:0001249,1-HP:0001249,1-HP:0001256,1-HP:0002011,1-HP:0002011,1-HP:0002342,1-HP:0011420,1-HP:0040064,1-HP:0040064"
1385,2930,HGNC:12309,ZNHIT3,OMIM:260565,PEHO syndrome,HP:0000007,Autosomal recessive inheritance,Autosomal recessive,1,Yes,5/7/2019 0:00:00,Definitive,1,"1-HP:0000478,1-HP:0000478,1-HP:0000707,1-HP:0000707,1-HP:0001249,1-HP:0001249,1-HP:0001250,1-HP:0001250,1-HP:0001999,1-HP:0001999,1-HP:0002011,1-HP:0002011,1-HP:0002187,1-HP:0002187,1-HP:0010864,2-HP:0011420"
1386,2931,HGNC:8032,NTRK2,OMIM:617830,Developmental and epileptic encephalopathy 58,HP:0000006,Autosomal dominant inheritance,Autosomal dominant,1,Yes,5/7/2019 0:00:00,Definitive,1,"1-HP:0000478,1-HP:0000707,1-HP:0000707,1-HP:0000708,1-HP:0001249,1-HP:0001249,1-HP:0001250,1-HP:0001250,1-HP:0002187,1-HP:0002342,1-HP:0010864,1-HP:0010864"
1387,2938,HGNC:23141,TRMT5,OMIM:616539,"Peripheral neuropathy with variable spasticity, exercise intolerance, and developmental delay",HP:0000007,Autosomal recessive inheritance,Autosomal recessive,1,Yes,5/7/2019 0:00:00,Definitive,1,"1-HP:0000707,1-HP:0001249,1-HP:0002011,1-HP:0003011,1-HP:0004322,1-HP:0012103,3-HP:0001249"
1388,2943,HGNC:23352,PIBF1,OMIM:617767,Joubert syndrome 33,HP:0000007,Autosomal recessive inheritance,Autosomal recessive,1,Yes,5/7/2019 0:00:00,Definitive,1,"1-HP:0000707,1-HP:0001249,1-HP:0001256,1-HP:0002011"
1389,2944,HGNC:24123,B9D1,OMIM:617120,Joubert syndrome 27,HP:0000007,Autosomal recessive inheritance,Autosomal recessive,1,Yes,5/7/2019 0:00:00,Definitive,1,"1-HP:0000707,1-HP:0001249,1-HP:0001256,1-HP:0001999,1-HP:0002011,1-HP:0002342"
1390,2945,HGNC:24152,RSRC1,OMIM:618402,"Intellectual developmental disorder, autosomal recessive 70",HP:0000007,Autosomal recessive inheritance,Autosomal recessive,1,Yes,5/7/2019 0:00:00,Definitive,1,"1-HP:0001249,1-HP:0001256,1-HP:0002342,2-HP:0000708,2-HP:0001250"
1391,2946,HGNC:3275,EIF3F,OMIM:618295,"Intellectual developmental disorder, autosomal recessive 67",HP:0000007,Autosomal recessive inheritance,Autosomal recessive,1,Yes,5/7/2019 0:00:00,Definitive,1,"1-HP:0000252,1-HP:0000365,1-HP:0000478,1-HP:0000707,1-HP:0000708,1-HP:0001249,1-HP:0001250,1-HP:0001256,1-HP:0004322,1-HP:0011024"
1392,2947,HGNC:29682,GFM2,OMIM:618397,Combined oxidative phosphorylation deficiency 39,HP:0000007,Autosomal recessive inheritance,Autosomal recessive,1,Yes,5/7/2019 0:00:00,Definitive,1,"1-HP:0001249,1-HP:0001250,1-HP:0002011,1-HP:0002342,1-HP:0010864,1-HP:0011420,2-HP:0000252,2-HP:0000818,2-HP:0002376"
1393,2948,HGNC:12872,ZIC1,OMIM:616602,?Craniosynostosis 6,HP:0000006,Autosomal dominant inheritance,Autosomal dominant,1,Yes,5/7/2019 0:00:00,Definitive,1,"1-HP:0000708,1-HP:0000924,1-HP:0001249,1-HP:0001256,1-HP:0002011,1-HP:0002342"
1394,2950,HGNC:23564,MIR17HG,MONDO:0002254,syndromic disease,HP:0000006,Autosomal dominant inheritance,Autosomal dominant,1,Yes,5/7/2019 0:00:00,Definitive,1,"1-HP:0000252,1-HP:0001249,1-HP:0001256,1-HP:0004322,1-HP:0040064"
1395,2951,HGNC:18028,OSGEP,OMIM:617729,Galloway-Mowat syndrome 3,HP:0000007,Autosomal recessive inheritance,Autosomal recessive,1,Yes,5/7/2019 0:00:00,Definitive,1,"1-HP:0000119,1-HP:0000252,1-HP:0000707,1-HP:0000924,1-HP:0001249,1-HP:0001250,1-HP:0001256,1-HP:0001999,1-HP:0002011,1-HP:0002342,1-HP:0004322,1-HP:0011420"
1396,2952,HGNC:16197,TP53RK,OMIM:617730,Galloway-Mowat syndrome 4,HP:0000007,Autosomal recessive inheritance,Autosomal recessive,1,Yes,5/7/2019 0:00:00,Definitive,1,"1-HP:0000119,1-HP:0000252,1-HP:0000707,1-HP:0001249,1-HP:0001250,1-HP:0001256,1-HP:0002011,1-HP:0002342,1-HP:0011420"
1397,2953,HGNC:24259,TPRKB,OMIM:617731,Galloway-Mowat syndrome 5,HP:0000007,Autosomal recessive inheritance,Autosomal recessive,1,Yes,5/7/2019 0:00:00,Definitive,1,"1-HP:0000119,1-HP:0000252,1-HP:0000365,1-HP:0000707,1-HP:0001249,1-HP:0001250,1-HP:0001256,1-HP:0001999,1-HP:0002011,1-HP:0002342,1-HP:0011420"
1398,2954,HGNC:29914,NUP107,OMIM:618348,Galloway-Mowat syndrome 7,HP:0000007,Autosomal recessive inheritance,Autosomal recessive,1,Yes,5/7/2019 0:00:00,Definitive,1,"1-HP:0000119,1-HP:0000252,1-HP:0001249,1-HP:0001256,1-HP:0002011,1-HP:0004322,1-HP:0040064"
1399,2964,HGNC:23038,LMBRD1,OMIM:277380,"Methylmalonic aciduria and homocystinuria, cblF type",HP:0000007,Autosomal recessive inheritance,Autosomal recessive,1,Yes,5/10/2019 0:00:00,Definitive,1,"1-HP:0000252,1-HP:0001249,1-HP:0001256,1-HP:0001627,1-HP:0001871,1-HP:0001939,1-HP:0002342,1-HP:0002715,1-HP:0004322"
1400,2976,HGNC:17978,B3GALT6,OMIM:615349,"Ehlers-Danlos syndrome, spondylodysplastic type, 2",HP:0000007,Autosomal recessive inheritance,Autosomal recessive,1,Yes,5/11/2019 0:00:00,Definitive,1,"1-HP:0000707,1-HP:0000924,1-HP:0001249,1-HP:0001574,1-HP:0001999,1-HP:0004322"
1401,2977,HGNC:17978,B3GALT6,OMIM:271640,"Spondyloepimetaphyseal dysplasia with joint laxity, type 1, with or without fractures",HP:0000007,Autosomal recessive inheritance,Autosomal recessive,1,Yes,5/11/2019 0:00:00,Definitive,1,"1-HP:0000707,1-HP:0000924,1-HP:0001249,1-HP:0001574"
1402,2980,HGNC:8609,PARN,OMIM:616353,"Dyskeratosis congenita, autosomal recessive 6",HP:0000007,Autosomal recessive inheritance,Autosomal recessive,1,Yes,5/11/2019 0:00:00,Definitive,1,"1-HP:0000252,1-HP:0001249,1-HP:0001256,1-HP:0001574,1-HP:0001871,1-HP:0002011,1-HP:0002342,1-HP:0004322"
1403,2982,HGNC:5465,IGF1R,OMIM:270450_2,"Insulin-like growth factor I, resistance to",HP:0000007,Autosomal recessive inheritance,Autosomal recessive,1,Yes,5/11/2019 0:00:00,Definitive,1,"1-HP:0000252,1-HP:0000818,1-HP:0000924,1-HP:0001249,1-HP:0001256,1-HP:0002342,1-HP:0004322"
1404,2983,HGNC:28510,GLIS3,OMIM:610199,"Diabetes mellitus, neonatal, with congenital hypothyroidism",HP:0000007,Autosomal recessive inheritance,Autosomal recessive,1,Yes,5/11/2019 0:00:00,Definitive,1,"1-HP:0000077,1-HP:0000119,1-HP:0000365,1-HP:0000818,1-HP:0001249,1-HP:0001256,1-HP:0001999,1-HP:0002342,2-HP:0000478,2-HP:0000924"
1405,2984,HGNC:18683,EIF4A3,OMIM:268305,Robin sequence with cleft mandible and limb anomalies,HP:0000007,Autosomal recessive inheritance,Autosomal recessive,1,Yes,5/11/2019 0:00:00,Definitive,1,"1-HP:0000924,1-HP:0001249,1-HP:0001999,1-HP:0040064"
1406,2985,HGNC:29932,COASY,OMIM:615643,Neurodegeneration with brain iron accumulation 6,HP:0000007,Autosomal recessive inheritance,Autosomal recessive,1,Yes,5/11/2019 0:00:00,Definitive,1,"1-HP:0000707,1-HP:0000707,1-HP:0000708,1-HP:0001249,1-HP:0001249,1-HP:0002011,1-HP:0002011,1-HP:0002187,1-HP:0002376,1-HP:0002376,1-HP:0003676,1-HP:0010864"
1407,2989,HGNC:2020,CLCN2,OMIM:615651,Leukoencephalopathy with ataxia,HP:0000007,Autosomal recessive inheritance,Autosomal recessive,1,Yes,5/11/2019 0:00:00,Definitive,1,"1-HP:0000478,1-HP:0000707,1-HP:0001249,1-HP:0002011"
1408,2997,HGNC:16262,YAP1,OMIM:120433,"Coloboma, ocular, with or without hearing impairment, cleft lip/palate, and/or impaired intellectual development",HP:0000006,Autosomal dominant inheritance,Autosomal dominant,1,Yes,8/1/2019 0:00:00,Definitive,1,"1-HP:0000119,1-HP:0000202,1-HP:0000478,1-HP:0001249"
1409,2998,HGNC:4174,GATA6,OMIM:600001,Pancreatic agenesis and congenital heart defects,HP:0000006,Autosomal dominant inheritance,Autosomal dominant,1,Yes,8/1/2019 0:00:00,Definitive,1,"1-HP:0000118,1-HP:0000818,1-HP:0001249,1-HP:0001627"
1410,3003,HGNC:31406,WDR37,OMIM:618652,Neurooculocardiogenitourinary syndrome,HP:0000006,Autosomal dominant inheritance,Autosomal dominant,1,Yes,8/1/2019 0:00:00,Definitive,1,"1-HP:0000119,1-HP:0000252,1-HP:0000365,1-HP:0000478,1-HP:0000924,1-HP:0001249,1-HP:0001250,1-HP:0001627,1-HP:0001999,1-HP:0002011,1-HP:0004322,1-HP:0010864"
1411,3004,HGNC:19988,ANAPC1,OMIM:618625,"Rothmund-Thomson syndrome, type 1",HP:0000007,Autosomal recessive inheritance,Autosomal recessive,1,Yes,8/1/2019 0:00:00,Definitive,1,"1-HP:0000119,1-HP:0000478,1-HP:0000818,1-HP:0000924,1-HP:0001249,1-HP:0001574,1-HP:0004322"
1412,3012,HGNC:8959,PIGB,OMIM:618580,Developmental and epileptic encephalopathy 80,HP:0000007,Autosomal recessive inheritance,Autosomal recessive,1,Yes,8/1/2019 0:00:00,Definitive,1,"1-HP:0000478,1-HP:0000707,1-HP:0000924,1-HP:0001249,1-HP:0001250,1-HP:0001939,1-HP:0001999,1-HP:0002011,1-HP:0002342,1-HP:0010864,1-HP:0011420"
1413,3013,HGNC:2025,CLCN7,OMIM:618541,"Hypopigmentation, organomegaly, and delayed myelination and development",HP:0000006,Autosomal dominant inheritance,Autosomal dominant,1,Yes,8/1/2019 0:00:00,Definitive,1,"1-HP:0000077,1-HP:0000924,1-HP:0001249,1-HP:0001249,1-HP:0001256,1-HP:0001574,1-HP:0001574,1-HP:0001939,1-HP:0001939,1-HP:0002011,1-HP:0002011,1-HP:0002342,1-HP:0003676,1-HP:0004322,1-HP:0004322,2-HP:0011420"
1414,3016,HGNC:6292,KCNN3,OMIM:618658,Zimmermann-Laband syndrome 3,HP:0000006,Autosomal dominant inheritance,Autosomal dominant,1,Yes,8/1/2019 0:00:00,Definitive,1,"1-HP:0000098,1-HP:0000707,1-HP:0000924,1-HP:0001249,1-HP:0001256,1-HP:0001574"
1415,3017,HGNC:17271,RRAS2,OMIM:618624,Noonan syndrome 12,HP:0000006,Autosomal dominant inheritance,Autosomal dominant,1,Yes,8/1/2019 0:00:00,Definitive,1,"1-HP:0000924,1-HP:0001249,1-HP:0001627,1-HP:0001999,1-HP:0004322"
1416,3018,HGNC:564,AP2M1,OMIM:618587,Intellectual developmental disorder 60 with seizures,HP:0000006,Autosomal dominant inheritance,Autosomal dominant,1,Yes,8/1/2019 0:00:00,Definitive,1,"1-HP:0000707,1-HP:0000707,1-HP:0001249,1-HP:0001249,1-HP:0001250,1-HP:0001250,1-HP:0002342,1-HP:0002342,1-HP:0010864,1-HP:0010864"
1417,3019,HGNC:2964,DYNC1I2,OMIM:618492,Neurodevelopmental disorder with microcephaly and structural brain anomalies,HP:0000007,Autosomal recessive inheritance,Autosomal recessive,1,Yes,8/1/2019 0:00:00,Definitive,1,"1-HP:0000252,1-HP:0000252,1-HP:0000707,1-HP:0000707,1-HP:0000708,1-HP:0000708,1-HP:0001249,1-HP:0001249,1-HP:0001250,1-HP:0001256,1-HP:0001999,1-HP:0001999,1-HP:0002011,1-HP:0002342,1-HP:0004322,1-HP:0004322,1-HP:0010864,1-HP:0010864,2-HP:0001250,2-HP:0002011"
1418,3020,HGNC:25189,ALKBH8,OMIM:618504,"Intellectual developmental disorder, autosomal recessive 71",HP:0000007,Autosomal recessive inheritance,Autosomal recessive,1,Yes,8/1/2019 0:00:00,Definitive,1,"1-HP:0000708,1-HP:0001249,1-HP:0001999,1-HP:0002342,2-HP:0001250,2-HP:0004322"
1419,3024,HGNC:9101,PLXNA3,MONDO:0001071,intellectual disability,HP:0001417,X-linked other inheritance,X-linked,1,Yes,8/1/2019 0:00:00,Definitive,1,"1-HP:0000708,1-HP:0001249,1-HP:0001250,1-HP:0001256,1-HP:0002342"
1420,3025,HGNC:25551,SMG8,OMIM:619268,Alzahrani-Kuwahara syndrome,HP:0000007,Autosomal recessive inheritance,Autosomal recessive,1,Yes,8/1/2019 0:00:00,Definitive,1,"1-HP:0000119,1-HP:0000119,1-HP:0000252,1-HP:0000252,1-HP:0000478,1-HP:0000478,1-HP:0000707,1-HP:0000924,1-HP:0001249,1-HP:0001249,1-HP:0001256,1-HP:0001256,1-HP:0001999,1-HP:0001999,1-HP:0002342,1-HP:0002342,1-HP:0004322,1-HP:0004322"
1421,3026,HGNC:32949,SMPD4,OMIM:618622,"Neurodevelopmental disorder with microcephaly, arthrogryposis, and structural brain anomalies",HP:0000007,Autosomal recessive inheritance,Autosomal recessive,1,Yes,8/1/2019 0:00:00,Definitive,1,"1-HP:0000252,1-HP:0000252,1-HP:0000252,1-HP:0000252,1-HP:0000707,1-HP:0000707,1-HP:0000707,1-HP:0000707,1-HP:0000818,1-HP:0000924,1-HP:0000924,1-HP:0000924,1-HP:0000924,1-HP:0001249,1-HP:0001249,1-HP:0001249,1-HP:0001249,1-HP:0001250,1-HP:0001250,1-HP:0001250,1-HP:0001250,1-HP:0001627,1-HP:0001627,1-HP:0001627,1-HP:0001627,1-HP:0001999,1-HP:0001999,1-HP:0001999,1-HP:0002011,1-HP:0002011,1-HP:0002011,1-HP:0002011,1-HP:0002342,1-HP:0002342,1-HP:0002342,1-HP:0004322,1-HP:0004322,1-HP:0004322,1-HP:0004322,1-HP:0010864,1-HP:0010864,1-HP:0010864,1-HP:0010864,1-HP:0011420,1-HP:0011420,1-HP:0011420,1-HP:0011420"
1422,3027,HGNC:12003,TP73,OMIM:619466,"Ciliary dyskinesia, primary, 47, and lissencephaly",HP:0000007,Autosomal recessive inheritance,Autosomal recessive,1,Yes,8/1/2019 0:00:00,Definitive,1,"1-HP:0000707,1-HP:0001249,1-HP:0002011,1-HP:0002342,1-HP:0002715,2-HP:0001250"
1423,3034,HGNC:8999,PISD,OMIM:618889,Liberfarb syndrome,HP:0000007,Autosomal recessive inheritance,Autosomal recessive,1,Yes,8/1/2019 0:00:00,Definitive,1,"1-HP:0000252,1-HP:0000252,1-HP:0000365,1-HP:0000365,1-HP:0000478,1-HP:0000478,1-HP:0000924,1-HP:0000924,1-HP:0001249,1-HP:0001249,1-HP:0001256,1-HP:0001256,1-HP:0002342,1-HP:0002342,1-HP:0004322,1-HP:0004322,1-HP:0012103,1-HP:0012103,2-HP:0002011,2-HP:0002011"
1424,3036,HGNC:2084,CLPP,OMIM:614129,Perrault syndrome 3,HP:0000007,Autosomal recessive inheritance,Autosomal recessive,1,Yes,8/1/2019 0:00:00,Definitive,1,"1-HP:0000118,1-HP:0000365,1-HP:0000707,1-HP:0000818,1-HP:0001249"
1425,3037,HGNC:17663,PITRM1,OMIM:619405,"Spinocerebellar ataxia, autosomal recessive 30",HP:0000007,Autosomal recessive inheritance,Autosomal recessive,1,Yes,8/2/2019 0:00:00,Definitive,1,"1-HP:0000707,1-HP:0000708,1-HP:0001249,1-HP:0001256,1-HP:0002011,1-HP:0003676"
1426,3039,HGNC:13709,DEGS1,OMIM:618404,"Leukodystrophy, hypomyelinating, 18",HP:0000007,Autosomal recessive inheritance,Autosomal recessive,1,Yes,8/2/2019 0:00:00,Definitive,1,"1-HP:0000707,1-HP:0001249,1-HP:0001250,1-HP:0002011,1-HP:0003676,1-HP:0010864,2-HP:0011420,3-HP:0001256"
1427,3040,HGNC:16050,MED12L,OMIM:618872,Nizon-Isidor syndrome,HP:0000006,Autosomal dominant inheritance,Autosomal dominant,1,Yes,8/2/2019 0:00:00,Definitive,1,"1-HP:0000708,1-HP:0001249,1-HP:0001249,1-HP:0001256,1-HP:0001256,1-HP:0001999,1-HP:0002011,1-HP:0002342,1-HP:0010864,1-HP:0011024,2-HP:0001250,2-HP:0001999,2-HP:0001999,2-HP:0002011,2-HP:0002011,2-HP:0011024,2-HP:0011024"
1428,3041,HGNC:6284,KCNMA1,OMIM:618729,Liang-Wang syndrome,HP:0000006,Autosomal dominant inheritance,Autosomal dominant,1,Yes,8/2/2019 0:00:00,Definitive,1,"1-HP:0000118,1-HP:0000707,1-HP:0000924,1-HP:0001249,1-HP:0001256,1-HP:0001627,1-HP:0001999,1-HP:0002011,1-HP:0002342"
1429,3042,HGNC:4079,GABRA5,OMIM:618559,Developmental and epileptic encephalopathy 79,HP:0000006,Autosomal dominant inheritance,Autosomal dominant,1,Yes,8/3/2019 0:00:00,Definitive,1,"1-HP:0001249,1-HP:0001250,1-HP:0002011,1-HP:0010864,2-HP:0000252"
1430,3043,HGNC:15859,TASP1,OMIM:618950,Suleiman-El-Hattab syndrome,HP:0000007,Autosomal recessive inheritance,Autosomal recessive,1,Yes,8/3/2019 0:00:00,Definitive,1,"1-HP:0000119,1-HP:0000119,1-HP:0000119,1-HP:0000252,1-HP:0000252,1-HP:0000252,1-HP:0000707,1-HP:0000707,1-HP:0000707,1-HP:0000708,1-HP:0000708,1-HP:0000708,1-HP:0001249,1-HP:0001249,1-HP:0001249,1-HP:0001256,1-HP:0001256,1-HP:0001256,1-HP:0001574,1-HP:0001574,1-HP:0001574,1-HP:0001627,1-HP:0001627,1-HP:0001627,1-HP:0001999,1-HP:0001999,1-HP:0001999,1-HP:0002011,1-HP:0002011,1-HP:0002342,1-HP:0002342,1-HP:0002342,1-HP:0002715,1-HP:0002715,1-HP:0004322,1-HP:0004322,1-HP:0004322,1-HP:0010864,1-HP:0010864,2-HP:0001250,2-HP:0001250,2-HP:0002715,2-HP:0002715,3-HP:0000924,3-HP:0000924"
1431,3052,HGNC:28005,CTU2,OMIM:618142,"Microcephaly, facial dysmorphism, renal agenesis, and ambiguous genitalia syndrome",HP:0000007,Autosomal recessive inheritance,Autosomal recessive,1,Yes,8/5/2019 0:00:00,Definitive,1,"1-HP:0000077,1-HP:0000119,1-HP:0000202,1-HP:0000252,1-HP:0001249,1-HP:0001250,1-HP:0001627,1-HP:0001999,1-HP:0002011,1-HP:0002342,1-HP:0004322,1-HP:0010864,1-HP:0040064"
1432,3054,HGNC:2908,DLL1,OMIM:618709,Neurodevelopmental disorder with nonspecific brain abnormalities and with or without seizures,HP:0000006,Autosomal dominant inheritance,Autosomal dominant,1,Yes,8/5/2019 0:00:00,Definitive,1,"1-HP:0000707,1-HP:0000708,1-HP:0000924,1-HP:0001249,1-HP:0001250,1-HP:0001256,1-HP:0002011,1-HP:0002342"
1433,3055,HGNC:9187,POLR2A,OMIM:618603,Neurodevelopmental disorder with hypotonia and variable intellectual and behavioral abnormalities,HP:0000006,Autosomal dominant inheritance,Autosomal dominant,1,Yes,8/5/2019 0:00:00,Definitive,1,"1-HP:0000478,1-HP:0000707,1-HP:0000708,1-HP:0000924,1-HP:0001249,1-HP:0001250,1-HP:0001999,1-HP:0002011,1-HP:0002270,1-HP:0002715,1-HP:0011024,2-HP:0004322,3-HP:0001256"
1434,3056,HGNC:15791,PIGU,OMIM:618590,"Neurodevelopmental disorder with brain anomalies, seizures, and scoliosis",HP:0000007,Autosomal recessive inheritance,Autosomal recessive,1,Yes,8/5/2019 0:00:00,Definitive,1,"1-HP:0000707,1-HP:0000708,1-HP:0000924,1-HP:0001249,1-HP:0001250,1-HP:0001999,1-HP:0002011,1-HP:0002187,1-HP:0010864"
1435,3058,HGNC:9099,PLXNA1,MONDO:0001071,intellectual disability,HP:0000006,Autosomal dominant inheritance,Autosomal dominant,1,Yes,11/19/2019 0:00:00,Definitive,1,"1-HP:0000478,1-HP:0000707,1-HP:0001249,1-HP:0001250,1-HP:0001256,1-HP:0001999,1-HP:0002011,1-HP:0002342"
1436,3059,HGNC:554,AP1B1,OMIM:242150,"Keratitis-ichthyosis-deafness syndrome, autosomal recessive",HP:0000007,Autosomal recessive inheritance,Autosomal recessive,1,Yes,11/19/2019 0:00:00,Definitive,1,"1-HP:0000365,1-HP:0000365,1-HP:0000365,1-HP:0001249,1-HP:0001249,1-HP:0001249,1-HP:0001574,1-HP:0001574,1-HP:0001574,1-HP:0001871,1-HP:0001871,1-HP:0001871,1-HP:0001939,1-HP:0001939,1-HP:0001939,1-HP:0002270,1-HP:0002270,1-HP:0002270,1-HP:0002376,1-HP:0002376,1-HP:0002715,1-HP:0002715,1-HP:0003676,1-HP:0003676,1-HP:0004322,1-HP:0004322,1-HP:0004322,1-HP:0011024,2-HP:0002011,2-HP:0002011"
1437,3061,HGNC:29112,IQSEC1,OMIM:618687,Intellectual developmental disorder with short stature and behavioral abnormalities,HP:0000007,Autosomal recessive inheritance,Autosomal recessive,1,Yes,11/19/2019 0:00:00,Definitive,1,"1-HP:0000707,1-HP:0000708,1-HP:0001249,1-HP:0001250,1-HP:0004322,1-HP:0010864,2-HP:0000252"
1438,3062,HGNC:29118,TMEM63A,OMIM:618688,"Leukodystrophy, hypomyelinating, 19, transient infantile",HP:0000006,Autosomal dominant inheritance,Autosomal dominant,1,Yes,11/20/2019 0:00:00,Definitive,1,"1-HP:0000707,1-HP:0001249,1-HP:0002011"
1439,3063,HGNC:29873,NKAP,OMIM:301039,"Intellectual developmental disorder, X-linked syndromic, Hackman-Di Donato type",HP:0001423,X-linked dominant inheritance,X-linked,1,Yes,11/20/2019 0:00:00,Definitive,1,"1-HP:0000098,1-HP:0000119,1-HP:0000707,1-HP:0000708,1-HP:0000924,1-HP:0001249,1-HP:0001256,1-HP:0001513,1-HP:0001999,1-HP:0002342"
1440,3064,HGNC:1759,CDH2,OMIM:618929,"Agenesis of corpus callosum, cardiac, ocular, and genital syndrome",HP:0000006,Autosomal dominant inheritance,Autosomal dominant,1,Yes,11/20/2019 0:00:00,Definitive,1,"1-HP:0000119,1-HP:0000478,1-HP:0001249,1-HP:0001256,1-HP:0001627,1-HP:0001999,1-HP:0002011,1-HP:0002342"
1441,3065,HGNC:24036,APC2,OMIM:618677,"Cortical dysplasia, complex, with other brain malformations 10",HP:0000007,Autosomal recessive inheritance,Autosomal recessive,1,Yes,11/20/2019 0:00:00,Definitive,1,"1-HP:0001249,1-HP:0001250,1-HP:0002011,1-HP:0002342,1-HP:0010864"
1442,3066,HGNC:13520,MESD,OMIM:618644,"Osteogenesis imperfecta, type XX",HP:0000007,Autosomal recessive inheritance,Autosomal recessive,1,Yes,11/20/2019 0:00:00,Definitive,1,"1-HP:0000924,1-HP:0001249,1-HP:0004322"
1443,3067,HGNC:4433,GOT2,OMIM:618721,Developmental and epileptic encephalopathy 82,HP:0000007,Autosomal recessive inheritance,Autosomal recessive,1,Yes,11/20/2019 0:00:00,Definitive,1,"1-HP:0000252,1-HP:0000252,1-HP:0000707,1-HP:0000707,1-HP:0001249,1-HP:0001249,1-HP:0001250,1-HP:0001250,1-HP:0001939,1-HP:0001939,1-HP:0002011,1-HP:0002011,1-HP:0002187,1-HP:0002187,1-HP:0004322,1-HP:0004322,1-HP:0010864,1-HP:0010864,1-HP:0012103"
1444,3068,HGNC:2747,DDX6,OMIM:618653,Intellectual developmental disorder with impaired language and dysmorphic facies,HP:0000006,Autosomal dominant inheritance,Autosomal dominant,1,Yes,11/20/2019 0:00:00,Definitive,1,"1-HP:0000119,1-HP:0001249,1-HP:0001627,2-HP:0002011,3-HP:0001256"
1445,3069,HGNC:13607,FBXW11,OMIM:618914,"Neurodevelopmental, jaw, eye, and digital syndrome",HP:0000006,Autosomal dominant inheritance,Autosomal dominant,1,Yes,11/23/2019 0:00:00,Definitive,1,"1-HP:0000256,1-HP:0000478,1-HP:0000707,1-HP:0000708,1-HP:0000924,1-HP:0001249,1-HP:0001256,1-HP:0002011,1-HP:0002342,2-HP:0001627"
1446,3072,HGNC:30739,TMX2,OMIM:618730,"Neurodevelopmental disorder with microcephaly, cortical malformations, and spasticity",HP:0000007,Autosomal recessive inheritance,Autosomal recessive,1,Yes,11/23/2019 0:00:00,Definitive,1,"1-HP:0000252,1-HP:0000707,1-HP:0001249,1-HP:0002011,1-HP:0002342,1-HP:0010864,2-HP:0011420"
1447,3073,HGNC:30386,SCAMP5,MONDO:0001071,intellectual disability,HP:0000006,Autosomal dominant inheritance,Autosomal dominant,1,Yes,11/23/2019 0:00:00,Definitive,1,"1-HP:0000707,1-HP:0000708,1-HP:0001249,1-HP:0001250,1-HP:0002011,1-HP:0002376,1-HP:0010864"
1448,3077,HGNC:24959,GSX2,OMIM:618646,Diencephalic-mesencephalic junction dysplasia syndrome 2,HP:0000007,Autosomal recessive inheritance,Autosomal recessive,1,Yes,11/23/2019 0:00:00,Definitive,1,"1-HP:0000707,1-HP:0001249,1-HP:0002011,1-HP:0002187,1-HP:0010864"
1449,3078,HGNC:24600,ANKS1B,MONDO:0001071,intellectual disability,HP:0000006,Autosomal dominant inheritance,Autosomal dominant,1,Yes,11/23/2019 0:00:00,Definitive,1,"1-HP:0000707,1-HP:0000708,1-HP:0001249,1-HP:0002011"
1450,3083,HGNC:4398,GNB2,OMIM:619503,Neurodevelopmental disorder with hypotonia and dysmorphic facies,HP:0000006,Autosomal dominant inheritance,Autosomal dominant,1,Yes,11/23/2019 0:00:00,Definitive,1,"1-HP:0000077,1-HP:0000119,1-HP:0000478,1-HP:0000707,1-HP:0000708,1-HP:0001249,1-HP:0001256,1-HP:0001574,1-HP:0001627,1-HP:0001999,1-HP:0002342"
1451,3092,HGNC:25789,EFL1,OMIM:617941,Shwachman-Diamond syndrome 2,HP:0000007,Autosomal recessive inheritance,Autosomal recessive,1,Yes,11/25/2019 0:00:00,Definitive,1,"1-HP:0000252,1-HP:0000818,1-HP:0000924,1-HP:0001249,1-HP:0001256,1-HP:0001871,1-HP:0002342,1-HP:0004322"
1452,3093,HGNC:21684,ZNF462,OMIM:618619,Weiss-Kruszka syndrome,HP:0000006,Autosomal dominant inheritance,Autosomal dominant,1,Yes,11/25/2019 0:00:00,Definitive,1,"1-HP:0000365,1-HP:0000478,1-HP:0000707,1-HP:0000708,1-HP:0000924,1-HP:0001249,1-HP:0001999,1-HP:0002011,3-HP:0001256"
1453,3094,HGNC:7227,MRAS,OMIM:618499,Noonan syndrome 11,HP:0000006,Autosomal dominant inheritance,Autosomal dominant,1,Yes,12/4/2019 0:00:00,Definitive,1,"1-HP:0001249,1-HP:0001256,1-HP:0001627,1-HP:0001999,1-HP:0002342,1-HP:0003011,1-HP:0004322"
1454,3096,HGNC:15822,OXR1,OMIM:213000,"Cerebellar hypoplasia/atrophy, epilepsy, and global developmental delay",HP:0000007,Autosomal recessive inheritance,Autosomal recessive,1,Yes,12/4/2019 0:00:00,Definitive,1,"1-HP:0000707,1-HP:0001249,1-HP:0001249,1-HP:0001250,1-HP:0001250,1-HP:0002011,1-HP:0002011,1-HP:0002187,1-HP:0002342,1-HP:0002342,1-HP:0002376,1-HP:0010864,1-HP:0010864"
1455,3100,HGNC:16135,FITM2,OMIM:618635,Siddiqi syndrome,HP:0000007,Autosomal recessive inheritance,Autosomal recessive,1,Yes,3/23/2020 0:00:00,Definitive,1,"1-HP:0000365,1-HP:0000707,1-HP:0001249,1-HP:0001256,1-HP:0001574,1-HP:0002342,1-HP:0004322"
1456,3101,HGNC:4584,GRIN1,OMIM:617820,"Neurodevelopmental disorder with or without hyperkinetic movements and seizures, autosomal recessive",HP:0000007,Autosomal recessive inheritance,Autosomal recessive,1,Yes,3/23/2020 0:00:00,Definitive,1,"1-HP:0000707,1-HP:0000707,1-HP:0000707,1-HP:0000708,1-HP:0000708,1-HP:0000708,1-HP:0001249,1-HP:0001249,1-HP:0001249,1-HP:0001250,1-HP:0001250,1-HP:0002342,1-HP:0002342,1-HP:0002342,1-HP:0010864,1-HP:0010864,1-HP:0010864,3-HP:0001999"
1457,3103,HGNC:21638,CEP85L,OMIM:618873,Lissencephaly 10,HP:0000006,Autosomal dominant inheritance,Autosomal dominant,1,Yes,3/23/2020 0:00:00,Definitive,1,"1-HP:0001249,1-HP:0001250,1-HP:0002011,2-HP:0000708,4-HP:0010864"
1458,3104,HGNC:14686,JAM2,OMIM:618824,"Basal ganglia calcification, idiopathic, 8, autosomal recessive",HP:0000007,Autosomal recessive inheritance,Autosomal recessive,1,Yes,3/23/2020 0:00:00,Definitive,1,"1-HP:0000707,1-HP:0001249,1-HP:0002011,1-HP:0002376,1-HP:0003676"
1459,3106,HGNC:24552,TKFC,OMIM:618805,Triokinase and FMN cyclase deficiency syndrome,HP:0000007,Autosomal recessive inheritance,Autosomal recessive,1,Yes,3/23/2020 0:00:00,Definitive,1,"1-HP:0000478,1-HP:0001249,1-HP:0001256,1-HP:0002342,2-HP:0000252,2-HP:0004322"
1460,3107,HGNC:28313,TET3,OMIM:618798_1,Beck-Fahrner syndrome,HP:0000006,Autosomal dominant inheritance,Autosomal dominant,1,Yes,3/24/2020 0:00:00,Definitive,1,"1-HP:0000256,1-HP:0000256,1-HP:0000256,1-HP:0000708,1-HP:0000708,1-HP:0000708,1-HP:0001249,1-HP:0001249,1-HP:0001249,1-HP:0001250,1-HP:0001250,1-HP:0001250,1-HP:0001256,1-HP:0001256,1-HP:0001256"
1461,3109,HGNC:7618,PPP1R12A,OMIM:618820,Genitourinary and/or/brain malformation syndrome,HP:0000006,Autosomal dominant inheritance,Autosomal dominant,1,Yes,3/24/2020 0:00:00,Definitive,1,"1-HP:0000119,1-HP:0001249,1-HP:0002011"
1462,3111,HGNC:33551,NDUFAF8,OMIM:618776,"Mitochondrial complex I deficiency, nuclear type 34",HP:0000007,Autosomal recessive inheritance,Autosomal recessive,1,Yes,3/24/2020 0:00:00,Definitive,1,"1-HP:0001249,1-HP:0001250,1-HP:0002011,1-HP:0004322,1-HP:0011420,1-HP:0012103"
1463,3114,HGNC:19943,TRAPPC4,OMIM:618741,"Neurodevelopmental disorder with epilepsy, spasticity, and brain atrophy",HP:0000007,Autosomal recessive inheritance,Autosomal recessive,1,Yes,3/24/2020 0:00:00,Definitive,1,"1-HP:0000252,1-HP:0000707,1-HP:0000924,1-HP:0001249,1-HP:0001250,1-HP:0001999,1-HP:0002011,1-HP:0002342,1-HP:0002376,1-HP:0003676,1-HP:0004322,1-HP:0010864"
1464,3115,HGNC:2938,DMXL2,OMIM:618663,Developmental and epileptic encephalopathy 81,HP:0000007,Autosomal recessive inheritance,Autosomal recessive,1,Yes,3/24/2020 0:00:00,Definitive,1,"1-HP:0000252,1-HP:0000256,1-HP:0000365,1-HP:0000707,1-HP:0001249,1-HP:0001999,1-HP:0002011,1-HP:0002342,1-HP:0010864,1-HP:0011420"
1465,3117,HGNC:8756,PCYT2,OMIM:618770,"Spastic paraplegia 82, autosomal recessive",HP:0000007,Autosomal recessive inheritance,Autosomal recessive,1,Yes,3/24/2020 0:00:00,Definitive,1,"1-HP:0000252,1-HP:0000478,1-HP:0000707,1-HP:0001249,1-HP:0001250,1-HP:0002011,1-HP:0002376,1-HP:0003676,1-HP:0004322,1-HP:0010864,3-HP:0001256"
1466,3119,HGNC:4214,GDF1,OMIM:613854,"Congenital heart defects, multiple types, 6",HP:0000007,Autosomal recessive inheritance,Autosomal recessive,1,Yes,3/24/2020 0:00:00,Definitive,1,"1-HP:0001249,1-HP:0001627,1-HP:0011420"
1467,3122,HGNC:17101,SUZ12,OMIM:618786,Imagawa-Matsumoto syndrome,HP:0000006,Autosomal dominant inheritance,Autosomal dominant,1,Yes,3/24/2020 0:00:00,Definitive,1,"1-HP:0000119,1-HP:0000119,1-HP:0000924,1-HP:0000924,1-HP:0001249,1-HP:0001249,1-HP:0001256,1-HP:0001256,1-HP:0001548,1-HP:0001548,1-HP:0002342,1-HP:0002342,2-HP:0002011,2-HP:0002011"
1468,3126,HGNC:26239,STEEP1,OMIM:301013,"?Intellectual developmental disorder, X-linked 107",HP:0001417,X-linked other inheritance,X-linked,1,Yes,3/24/2020 0:00:00,Definitive,1,"1-HP:0000707,1-HP:0001249,1-HP:0001250,1-HP:0001256,1-HP:0001999,1-HP:0002342,1-HP:0003676"
1469,3133,HGNC:963,BAZ2B,MONDO:0001071,intellectual disability,HP:0000006,Autosomal dominant inheritance,Autosomal dominant,1,Yes,3/25/2020 0:00:00,Definitive,1,"1-HP:0000478,1-HP:0000708,1-HP:0001249,1-HP:0001249,1-HP:0001999,1-HP:0002011,2-HP:0001250,2-HP:0001627"
1470,3135,HGNC:24290,CSGALNACT1,OMIM:618870,"Skeletal dysplasia, mild, with joint laxity and advanced bone age",HP:0000007,Autosomal recessive inheritance,Autosomal recessive,1,Yes,3/25/2020 0:00:00,Definitive,1,"1-HP:0000924,1-HP:0001249,1-HP:0001999,1-HP:0004322"
1471,3142,HGNC:17686,RIC1,OMIM:618761,CATIFA syndrome,HP:0000007,Autosomal recessive inheritance,Autosomal recessive,1,Yes,3/25/2020 0:00:00,Definitive,1,"1-HP:0000202,1-HP:0000478,1-HP:0000708,1-HP:0001249,1-HP:0001256,1-HP:0001999"
1472,3146,HGNC:12527,UGP2,OMIM:618744,Developmental and epileptic encephalopathy 83,HP:0000007,Autosomal recessive inheritance,Autosomal recessive,1,Yes,3/25/2020 0:00:00,Definitive,1,"1-HP:0000252,1-HP:0000478,1-HP:0000707,1-HP:0001249,1-HP:0001250,1-HP:0001999,1-HP:0002011,1-HP:0002342,1-HP:0010864,1-HP:0011024,1-HP:0011420"
1473,3147,HGNC:19286,SCYL2,OMIM:618766,"Arthrogryposis multiplex congenita 4, neurogenic, with agenesis of the corpus callosum",HP:0000007,Autosomal recessive inheritance,Autosomal recessive,1,Yes,3/25/2020 0:00:00,Definitive,1,"1-HP:0000252,1-HP:0000252,1-HP:0000252,1-HP:0000478,1-HP:0000478,1-HP:0000478,1-HP:0000707,1-HP:0000707,1-HP:0000707,1-HP:0000708,1-HP:0000924,1-HP:0000924,1-HP:0000924,1-HP:0001249,1-HP:0001249,1-HP:0001249,1-HP:0001250,1-HP:0001250,1-HP:0001250,1-HP:0001999,1-HP:0002011,1-HP:0002011,1-HP:0002011,1-HP:0002342,1-HP:0002342,1-HP:0002342,1-HP:0010864,1-HP:0010864,1-HP:0010864,1-HP:0011420,1-HP:0011420,1-HP:0011420"
1474,3148,HGNC:17859,NUP188,OMIM:618804,Sandestig-Stefanova syndrome,HP:0000007,Autosomal recessive inheritance,Autosomal recessive,1,Yes,3/25/2020 0:00:00,Definitive,1,"1-HP:0000252,1-HP:0000707,1-HP:0001249,1-HP:0001627,1-HP:0001999,1-HP:0002011,1-HP:0004322,1-HP:0011420"
1475,3164,HGNC:12525,UGDH,OMIM:618792,Developmental and epileptic encephalopathy 84,HP:0000007,Autosomal recessive inheritance,Autosomal recessive,1,Yes,3/25/2020 0:00:00,Definitive,1,"1-HP:0000707,1-HP:0001249,1-HP:0001250,1-HP:0002011,1-HP:0010864"
1476,3165,HGNC:14135,PIGQ,OMIM:618548,Multiple congenital anomalies-hypotonia-seizures syndrome 4,HP:0000007,Autosomal recessive inheritance,Autosomal recessive,1,Yes,3/25/2020 0:00:00,Definitive,1,"1-HP:0000118,1-HP:0000119,1-HP:0000707,1-HP:0001249,1-HP:0001250,1-HP:0001627,1-HP:0002011,1-HP:0002342,1-HP:0010864,1-HP:0011420"
1477,3170,HGNC:7887,NOVA2,OMIM:618859,Neurodevelopmental disorder with or without autistic features and/or structural brain abnormalities,HP:0000006,Autosomal dominant inheritance,Autosomal dominant,1,Yes,3/26/2020 0:00:00,Definitive,1,"1-HP:0000252,1-HP:0000707,1-HP:0000707,1-HP:0000708,1-HP:0000708,1-HP:0001249,1-HP:0001249,1-HP:0001256,1-HP:0001256,1-HP:0001999,1-HP:0002011,1-HP:0002011,1-HP:0002342,1-HP:0002342,1-HP:0010864,2-HP:0001250,2-HP:0001250"
1478,3172,HGNC:9437,EIF2AK2,OMIM:618877,"Leukoencephalopathy, developmental delay, and episodic neurologic regression syndrome",HP:0000006,Autosomal dominant inheritance,Autosomal dominant,1,Yes,3/26/2020 0:00:00,Definitive,1,"1-HP:0000707,1-HP:0001249,1-HP:0001250,1-HP:0001256,1-HP:0002011,1-HP:0002342,1-HP:0002376,1-HP:0003676"
1479,3174,HGNC:11254,SPOP,OMIM:618829,"Nabais Sa-de Vries syndrome, type 2",HP:0000006,Autosomal dominant inheritance,Autosomal dominant,1,Yes,7/16/2020 0:00:00,Definitive,1,"1-HP:0000256,1-HP:0000708,1-HP:0000818,1-HP:0001249,1-HP:0001256,1-HP:0001627,1-HP:0001999,1-HP:0002342,2-HP:0001250"
1480,3177,HGNC:23595,VPS13D,OMIM:607317,"Spinocerebellar ataxia, autosomal recessive 4",HP:0000007,Autosomal recessive inheritance,Autosomal recessive,1,Yes,7/21/2020 0:00:00,Definitive,1,"1-HP:0000478,1-HP:0000707,1-HP:0000707,1-HP:0001249,1-HP:0001249,1-HP:0002011,1-HP:0002011,1-HP:0003676,3-HP:0001249,4-HP:0001256,4-HP:0001256"
1481,3182,HGNC:17283,RIMS2,OMIM:618970,"Cone-rod synaptic disorder syndrome, congenital nonprogressive",HP:0000007,Autosomal recessive inheritance,Autosomal recessive,1,Yes,7/21/2020 0:00:00,Definitive,1,"1-HP:0000478,1-HP:0000708,1-HP:0001249"
1482,3183,HGNC:16421,SOX6,OMIM:618971,Tolchin-Le Caignec syndrome,HP:0000006,Autosomal dominant inheritance,Autosomal dominant,1,Yes,7/21/2020 0:00:00,Definitive,1,"1-HP:0000708,1-HP:0000708,1-HP:0000924,1-HP:0000924,1-HP:0001249,1-HP:0001249,1-HP:0001256,1-HP:0001256,1-HP:0001999,1-HP:0001999,1-HP:0002342,1-HP:0002342,3-HP:0000707"
1483,3185,HGNC:19338,CDK19,OMIM:618916,Developmental and epileptic encephalopathy 87,HP:0000006,Autosomal dominant inheritance,Autosomal dominant,1,Yes,7/21/2020 0:00:00,Definitive,1,"1-HP:0000478,1-HP:0000707,1-HP:0000708,1-HP:0001249,1-HP:0001250,1-HP:0001256,1-HP:0001999,1-HP:0002011"
1484,3186,HGNC:226,ADARB1,OMIM:618862,"Neurodevelopmental disorder with hypotonia, microcephaly, and seizures",HP:0000007,Autosomal recessive inheritance,Autosomal recessive,1,Yes,7/21/2020 0:00:00,Definitive,1,"1-HP:0000252,1-HP:0000707,1-HP:0001249,1-HP:0001250,1-HP:0002011,1-HP:0002187,1-HP:0004322,1-HP:0010864,2-HP:0003676"
1485,3187,HGNC:8965,PIGK,OMIM:618879,"Neurodevelopmental disorder with hypotonia and cerebellar atrophy, with or without seizures",HP:0000007,Autosomal recessive inheritance,Autosomal recessive,1,Yes,7/21/2020 0:00:00,Definitive,1,"1-HP:0000707,1-HP:0001249,1-HP:0001250,1-HP:0001256,1-HP:0001999,1-HP:0002011,1-HP:0004322"
1486,3188,HGNC:24613,NRROS,OMIM:618875,"Seizures, early-onset, with neurodegeneration and brain calcification",HP:0000007,Autosomal recessive inheritance,Autosomal recessive,1,Yes,7/21/2020 0:00:00,Definitive,1,"1-HP:0000252,1-HP:0000707,1-HP:0000707,1-HP:0001249,1-HP:0001249,1-HP:0001250,1-HP:0001250,1-HP:0002011,1-HP:0002376,1-HP:0002376,1-HP:0003676,1-HP:0011420,1-HP:0011420,2-HP:0004322"
1487,3189,HGNC:29183,TBC1D2B,OMIM:619323,Neurodevelopmental disorder with seizures and gingival overgrowth,HP:0000007,Autosomal recessive inheritance,Autosomal recessive,1,Yes,7/21/2020 0:00:00,Definitive,1,"1-HP:0000707,1-HP:0000707,1-HP:0000707,1-HP:0000708,1-HP:0000708,1-HP:0000708,1-HP:0000924,1-HP:0000924,1-HP:0001249,1-HP:0001249,1-HP:0001249,1-HP:0001250,1-HP:0001250,1-HP:0001250,1-HP:0001999,1-HP:0002011,1-HP:0002011,1-HP:0002011,1-HP:0002376,1-HP:0002376,1-HP:0003676,1-HP:0003676,2-HP:0011420,3-HP:0001256,3-HP:0001256"
1488,3199,HGNC:26837,AMER1,OMIM:300373,Osteopathia striata with cranial sclerosis,HP:0001417,X-linked other inheritance,X-linked,1,Yes,7/22/2020 0:00:00,Definitive,1,"1-HP:0000202,1-HP:0000365,1-HP:0000924,1-HP:0001249,1-HP:0001256,1-HP:0001627,1-HP:0002342"
1489,3201,HGNC:17933,KAT8,OMIM:618974,Li-Ghorgani-Weisz-Hubshman syndrome,HP:0000006,Autosomal dominant inheritance,Autosomal dominant,1,Yes,7/22/2020 0:00:00,Definitive,1,"1-HP:0000708,1-HP:0001249,1-HP:0001250,1-HP:0001256,1-HP:0001999,1-HP:0002011,1-HP:0002342,2-HP:0001627"
1490,3207,HGNC:851,ATP6V1A,OMIM:618012,Developmental and epileptic encephalopathy 93,HP:0000006,Autosomal dominant inheritance,Autosomal dominant,1,Yes,7/22/2020 0:00:00,Definitive,1,"1-HP:0000252,1-HP:0000252,1-HP:0000707,1-HP:0000707,1-HP:0000707,1-HP:0001249,1-HP:0001249,1-HP:0001249,1-HP:0001250,1-HP:0001250,1-HP:0001250,1-HP:0001256,1-HP:0001256,1-HP:0001256,1-HP:0002011,1-HP:0002011,1-HP:0002011,1-HP:0002187,1-HP:0002187,1-HP:0002342,1-HP:0002342,1-HP:0002342,1-HP:0003676,1-HP:0003676,1-HP:0010864,1-HP:0010864,1-HP:0011420,1-HP:0011420,2-HP:0000252,2-HP:0000252,2-HP:0004322,2-HP:0004322,2-HP:0004322"
1491,3208,HGNC:851,ATP6V1A,OMIM:617403,"Cutis laxa, autosomal recessive, type IID",HP:0000007,Autosomal recessive inheritance,Autosomal recessive,1,Yes,7/22/2020 0:00:00,Definitive,1,"1-HP:0000707,1-HP:0001249,1-HP:0001250,1-HP:0001256,1-HP:0001574,1-HP:0001627,1-HP:0001999,1-HP:0002011,1-HP:0002342,2-HP:0000252"
1492,3209,HGNC:10664,CWC27,OMIM:250410,Retinitis pigmentosa with or without skeletal anomalies,HP:0000007,Autosomal recessive inheritance,Autosomal recessive,1,Yes,7/22/2020 0:00:00,Definitive,1,"1-HP:0000478,1-HP:0001249,1-HP:0001574,1-HP:0001999,1-HP:0002342,1-HP:0004322,1-HP:0040064"
1493,3210,HGNC:28648,DIS3L2,OMIM:267000,Perlman syndrome,HP:0000007,Autosomal recessive inheritance,Autosomal recessive,1,Yes,7/22/2020 0:00:00,Definitive,1,"1-HP:0000077,1-HP:0000119,1-HP:0000256,1-HP:0001249,1-HP:0001999,1-HP:0002664,1-HP:0011420"
1494,3214,HGNC:16268,PNPLA6,OMIM:275400,Oliver-McFarlane syndrome,HP:0000007,Autosomal recessive inheritance,Autosomal recessive,1,Yes,7/22/2020 0:00:00,Definitive,1,"1-HP:0000478,1-HP:0000707,1-HP:0000818,1-HP:0001249,1-HP:0001256,1-HP:0001574,1-HP:0002342,1-HP:0004322"
1495,3218,HGNC:23639,SKIC3,OMIM:222470,Trichohepatoenteric syndrome 1,HP:0000007,Autosomal recessive inheritance,Autosomal recessive,1,Yes,7/22/2020 0:00:00,Definitive,1,"1-HP:0000118,1-HP:0001249,1-HP:0001256,1-HP:0001574,1-HP:0001627,1-HP:0001871,1-HP:0001999,1-HP:0002342,1-HP:0004322"
1496,3219,HGNC:21143,ZBTB24,OMIM:614069,Immunodeficiency-centromeric instability-facial anomalies syndrome 2,HP:0000007,Autosomal recessive inheritance,Autosomal recessive,1,Yes,7/22/2020 0:00:00,Definitive,1,"1-HP:0001249,1-HP:0001256,1-HP:0001999,1-HP:0002342,1-HP:0002715,1-HP:0011420"
1497,3220,HGNC:17341,TRNT1,OMIM:616084,"Sideroblastic anemia with B-cell immunodeficiency, periodic fevers, and developmental delay",HP:0000007,Autosomal recessive inheritance,Autosomal recessive,1,Yes,7/22/2020 0:00:00,Definitive,1,"1-HP:0000365,1-HP:0000478,1-HP:0000707,1-HP:0001249,1-HP:0001250,1-HP:0001256,1-HP:0001871,1-HP:0002011,1-HP:0002342,1-HP:0002715,1-HP:0011420"
1498,3227,HGNC:10857,SIAH1,OMIM:619314,Buratti-Harel syndrome,HP:0000006,Autosomal dominant inheritance,Autosomal dominant,1,Yes,7/23/2020 0:00:00,Definitive,1,"1-HP:0000202,1-HP:0000707,1-HP:0001249,1-HP:0001256,1-HP:0001999"
1499,3228,HGNC:8124,OGDH,OMIM:203740,Oxoglutarate dehydrogenase deficiency,HP:0000007,Autosomal recessive inheritance,Autosomal recessive,1,Yes,7/23/2020 0:00:00,Definitive,1,"1-HP:0000252,1-HP:0000707,1-HP:0001249,1-HP:0001249,1-HP:0001250,1-HP:0002011,2-HP:0011420"
1500,3230,HGNC:18666,RNPC3,OMIM:618160,"Pituitary hormone deficiency, combined or isolated, 7",HP:0000007,Autosomal recessive inheritance,Autosomal recessive,1,Yes,7/23/2020 0:00:00,Definitive,1,"1-HP:0000252,1-HP:0000252,1-HP:0000818,1-HP:0000818,1-HP:0001249,1-HP:0001256,1-HP:0002342,1-HP:0004322,1-HP:0004322,2-HP:0001249"
1501,3231,HGNC:8777,PDE2A,OMIM:619150,Intellectual developmental disorder with paroxysmal dyskinesia or seizures,HP:0000007,Autosomal recessive inheritance,Autosomal recessive,1,Yes,7/23/2020 0:00:00,Definitive,1,"1-HP:0000707,1-HP:0000707,1-HP:0001249,1-HP:0001249,1-HP:0001250,1-HP:0001250,1-HP:0001256,1-HP:0001256,1-HP:0002342,1-HP:0002342,1-HP:0002376,1-HP:0006889,1-HP:0010864"
1502,3239,HGNC:9857,RAP1B,MONDO:0001071,intellectual disability,HP:0000006,Autosomal dominant inheritance,Autosomal dominant,1,Yes,7/24/2020 0:00:00,Definitive,1,"1-HP:0000077,1-HP:0000252,1-HP:0000924,1-HP:0001249,1-HP:0001249,1-HP:0001256,1-HP:0001627,1-HP:0001871,1-HP:0001999,1-HP:0001999,1-HP:0002011,1-HP:0004322,1-HP:0006889,2-HP:0002715"
1503,3242,HGNC:29308,FBRSL1,MONDO:0001071,intellectual disability,HP:0000006,Autosomal dominant inheritance,Autosomal dominant,1,Yes,7/24/2020 0:00:00,Definitive,1,"1-HP:0000118,1-HP:0000202,1-HP:0000252,1-HP:0000708,1-HP:0000924,1-HP:0001249,1-HP:0001256,1-HP:0001574,1-HP:0001627,1-HP:0001999,1-HP:0002342,1-HP:0004322"
1504,3243,HGNC:9859,RAP1GDS1,MONDO:0001071,intellectual disability,HP:0000007,Autosomal recessive inheritance,Autosomal recessive,1,Yes,7/24/2020 0:00:00,Definitive,1,"1-HP:0000707,1-HP:0001249,1-HP:0001256,1-HP:0002342"
1505,3247,HGNC:4092,GAD1,OMIM:619124,Developmental and epileptic encephalopathy 89,HP:0000007,Autosomal recessive inheritance,Autosomal recessive,1,Yes,7/24/2020 0:00:00,Definitive,1,"1-HP:0000118,1-HP:0000202,1-HP:0000707,1-HP:0001249,1-HP:0001250,1-HP:0001999,1-HP:0002011,1-HP:0002342,1-HP:0010864,1-HP:0011420"
1506,3250,HGNC:28295,CCDC32,OMIM:619123,Cardiofacioneurodevelopmental syndrome,HP:0000007,Autosomal recessive inheritance,Autosomal recessive,1,Yes,7/25/2020 0:00:00,Definitive,1,"1-HP:0000202,1-HP:0000252,1-HP:0000924,1-HP:0001249,1-HP:0001256,1-HP:0001627,1-HP:0001999,1-HP:0002011,1-HP:0002342"
1507,3254,HGNC:23573,MORC2,OMIM:619090,"Developmental delay, impaired growth, dysmorphic facies, and axonal neuropathy",HP:0000006,Autosomal dominant inheritance,Autosomal dominant,1,Yes,7/26/2020 0:00:00,Definitive,1,"1-HP:0000252,1-HP:0000252,1-HP:0000365,1-HP:0000365,1-HP:0000478,1-HP:0000478,1-HP:0000707,1-HP:0000707,1-HP:0001249,1-HP:0001249,1-HP:0001256,1-HP:0001256,1-HP:0001999,1-HP:0001999,1-HP:0002011,1-HP:0002011,1-HP:0004322,1-HP:0004322,4-HP:0011420"
1508,3257,HGNC:18786,FAM50A,OMIM:300261,"Intellectual developmental disorder, X-linked syndromic, Armfield type",HP:0001417,X-linked other inheritance,X-linked,1,Yes,7/26/2020 0:00:00,Definitive,1,"1-HP:0000707,1-HP:0000708,1-HP:0000924,1-HP:0001249,1-HP:0001250,1-HP:0001627,1-HP:0001999,1-HP:0002011,1-HP:0002342"
1509,3258,HGNC:28242,HPDL,OMIM:619026,Neurodevelopmental disorder with progressive spasticity and brain white matter abnormalities,HP:0000007,Autosomal recessive inheritance,Autosomal recessive,1,Yes,7/31/2020 0:00:00,Definitive,1,"1-HP:0000252,1-HP:0000707,1-HP:0001249,1-HP:0001250,1-HP:0001256,1-HP:0001939,1-HP:0001999,1-HP:0002011,1-HP:0002376,1-HP:0003676,1-HP:0010864,1-HP:0012103"
1510,3262,HGNC:6637,LMNB1,OMIM:619179,"Microcephaly 26, primary, autosomal dominant",HP:0000006,Autosomal dominant inheritance,Autosomal dominant,1,Yes,11/9/2020 0:00:00,Definitive,1,"1-HP:0000252,1-HP:0000707,1-HP:0001249,1-HP:0001250,1-HP:0001999,1-HP:0002715,1-HP:0004322,3-HP:0001256"
1511,3264,HGNC:12989,ZMYM2,OMIM:619522,Neurodevelopmental-craniofacial syndrome with variable renal and cardiac abnormalities,HP:0000006,Autosomal dominant inheritance,Autosomal dominant,1,Yes,11/9/2020 0:00:00,Definitive,1,"1-HP:0000077,1-HP:0000119,1-HP:0001249,1-HP:0001256,1-HP:0001999,1-HP:0002342,2-HP:0000252,2-HP:0001627,2-HP:0004322"
1512,3265,HGNC:5275,KAT5,OMIM:619103,"Neurodevelopmental disorder with dysmorphic facies, sleep disturbance, and brain abnormalities",HP:0000006,Autosomal dominant inheritance,Autosomal dominant,1,Yes,11/9/2020 0:00:00,Definitive,1,"1-HP:0000077,1-HP:0000119,1-HP:0000202,1-HP:0000708,1-HP:0000818,1-HP:0000924,1-HP:0001249,1-HP:0001250,1-HP:0001999,1-HP:0002011,1-HP:0002342,1-HP:0004322,1-HP:0010864,2-HP:0000252"
1513,3266,HGNC:7643,NARS1,OMIM:619092,"Neurodevelopmental disorder with microcephaly, impaired language, epilepsy, and gait abnormalities, autosomal dominant",HP:0000006,Autosomal dominant inheritance,Autosomal dominant,1,Yes,11/9/2020 0:00:00,Definitive,1,"1-HP:0000252,1-HP:0000252,1-HP:0000707,1-HP:0000707,1-HP:0001249,1-HP:0001249,1-HP:0001250,1-HP:0001250,1-HP:0001999,1-HP:0001999,1-HP:0002342,1-HP:0002342,1-HP:0010864,1-HP:0010864"
1514,3267,HGNC:7643,NARS1,OMIM:619092,"Neurodevelopmental disorder with microcephaly, impaired language, epilepsy, and gait abnormalities, autosomal dominant",HP:0000007,Autosomal recessive inheritance,Autosomal recessive,1,Yes,11/9/2020 0:00:00,Definitive,1,"1-HP:0000252,1-HP:0000252,1-HP:0000707,1-HP:0000707,1-HP:0001249,1-HP:0001249,1-HP:0001250,1-HP:0001250,1-HP:0001999,1-HP:0001999,1-HP:0002011,1-HP:0002011,1-HP:0002342,1-HP:0002342,1-HP:0002376,1-HP:0002376,1-HP:0003676,1-HP:0003676,2-HP:0040064,2-HP:0040064"
1515,3268,HGNC:9381,PRKACB,OMIM:619143_1,Cardioacrofacial dysplasia 2,HP:0000006,Autosomal dominant inheritance,Autosomal dominant,1,Yes,11/9/2020 0:00:00,Definitive,1,"1-HP:0000924,1-HP:0001249,1-HP:0001627,1-HP:0001999,1-HP:0040064,4-HP:0001256,4-HP:0010864"
1516,3270,HGNC:6766,MADD,OMIM:619005,"Neurodevelopmental disorder with dysmorphic facies, impaired speech and hypotonia",HP:0000007,Autosomal recessive inheritance,Autosomal recessive,1,Yes,11/9/2020 0:00:00,Definitive,1,"1-HP:0000119,1-HP:0000119,1-HP:0000707,1-HP:0000707,1-HP:0000708,1-HP:0000708,1-HP:0001249,1-HP:0001249,1-HP:0001250,1-HP:0001250,1-HP:0001999,1-HP:0001999,3-HP:0001256,3-HP:0001256"
1517,3272,HGNC:25576,NAXD,OMIM:618321,"Encephalopathy, progressive, early-onset, with brain edema and/or leukoencephalopathy, 2",HP:0000007,Autosomal recessive inheritance,Autosomal recessive,1,Yes,11/9/2020 0:00:00,Definitive,1,"1-HP:0000707,1-HP:0001249,1-HP:0002011,1-HP:0002376,1-HP:0003676,1-HP:0011420"
1518,3273,HGNC:3098,TOR1A,OMIM:618947,Arthrogryposis multiplex congenita 5,HP:0000007,Autosomal recessive inheritance,Autosomal recessive,1,Yes,11/9/2020 0:00:00,Definitive,1,"1-HP:0000252,1-HP:0000478,1-HP:0000707,1-HP:0000707,1-HP:0000924,1-HP:0000924,1-HP:0001249,1-HP:0001249,1-HP:0001256,1-HP:0001256,1-HP:0001999,1-HP:0001999,1-HP:0002011,1-HP:0002342,1-HP:0002342,1-HP:0003011,1-HP:0003011,1-HP:0004322,1-HP:0006889,1-HP:0010864,1-HP:0011024,1-HP:0011420,2-HP:0000365,2-HP:0001250,2-HP:0011420"
1519,3276,HGNC:11182,CAPN15,OMIM:619318,Oculogastrointestinal neurodevelopmental syndrome,HP:0000007,Autosomal recessive inheritance,Autosomal recessive,1,Yes,11/10/2020 0:00:00,Definitive,1,"1-HP:0000252,1-HP:0000365,1-HP:0000478,1-HP:0001249,1-HP:0001256,1-HP:0001999,1-HP:0002342,1-HP:0004322,2-HP:0000818"
1520,3280,HGNC:1100,BRCA1,OMIM:617883,"Fanconi anemia, complementation group S",HP:0000007,Autosomal recessive inheritance,Autosomal recessive,1,Yes,11/11/2020 0:00:00,Definitive,1,"1-HP:0000252,1-HP:0000365,1-HP:0000478,1-HP:0001249,1-HP:0001256,1-HP:0001574,1-HP:0001999,1-HP:0002664,1-HP:0004322"
1521,3282,HGNC:6638,LMNB2,OMIM:619180,"Microcephaly 27, primary, autosomal dominant",HP:0000006,Autosomal dominant inheritance,Autosomal dominant,1,Yes,11/11/2020 0:00:00,Definitive,1,"1-HP:0000252,1-HP:0000707,1-HP:0001249,1-HP:0001999,1-HP:0002342,1-HP:0010864"
1522,3283,HGNC:27609,EMC10,OMIM:619264,Neurodevelopmental disorder with dysmorphic facies and variable seizures,HP:0000007,Autosomal recessive inheritance,Autosomal recessive,1,Yes,11/11/2020 0:00:00,Definitive,1,"1-HP:0000077,1-HP:0000077,1-HP:0000077,1-HP:0000119,1-HP:0000119,1-HP:0001249,1-HP:0001249,1-HP:0001249,1-HP:0001250,1-HP:0001256,1-HP:0001256,1-HP:0001999,1-HP:0001999,1-HP:0001999,1-HP:0002011,1-HP:0002011,1-HP:0002011,1-HP:0002342,1-HP:0002342,1-HP:0004322,1-HP:0010864,1-HP:0010864,1-HP:0040064,1-HP:0040064,2-HP:0000252,2-HP:0000708,3-HP:0000252,3-HP:0001256,3-HP:0001256,3-HP:0001256"
1523,3285,HGNC:19904,ZNF407,OMIM:619557,SIMHA syndrome,HP:0000007,Autosomal recessive inheritance,Autosomal recessive,1,Yes,11/11/2020 0:00:00,Definitive,1,"1-HP:0000252,1-HP:0000478,1-HP:0000707,1-HP:0000708,1-HP:0001249,1-HP:0001256,1-HP:0001999,1-HP:0004322"
1524,3287,HGNC:16466,SUFU,MONDO:0005071,nervous system disorders,HP:0000006,Autosomal dominant inheritance,Autosomal dominant,1,Yes,11/11/2020 0:00:00,Definitive,1,"1-HP:0000478,1-HP:0000478,1-HP:0000707,1-HP:0000707,1-HP:0001249,1-HP:0001249,1-HP:0001256,1-HP:0001256,1-HP:0002011,1-HP:0002011,1-HP:0002342,1-HP:0002342,2-HP:0000256"
1525,3288,HGNC:854,ATP6V1B2,OMIM:124480,"Deafness, congenital, with onychodystrophy, autosomal dominant",HP:0000006,Autosomal dominant inheritance,Autosomal dominant,1,Yes,11/12/2020 0:00:00,Definitive,1,"1-HP:0000365,1-HP:0000924,1-HP:0001249,1-HP:0001250,1-HP:0001256,1-HP:0001574,1-HP:0002342"
1526,3293,HGNC:855,ATP6V0C,MONDO:0001071,intellectual disability,HP:0000006,Autosomal dominant inheritance,Autosomal dominant,1,Yes,11/13/2020 0:00:00,Definitive,1,"1-HP:0001249,1-HP:0001249,1-HP:0001250,1-HP:0001256,1-HP:0002187,1-HP:0002342,1-HP:0010864,2-HP:0002376"
1527,3294,HGNC:2454,CSNK1G1,MONDO:0001071,intellectual disability,HP:0000006,Autosomal dominant inheritance,Autosomal dominant,1,Yes,11/13/2020 0:00:00,Definitive,1,"1-HP:0000708,1-HP:0001249,1-HP:0001256,1-HP:0002342,2-HP:0001250"
1528,3298,HGNC:6053,IMPDH2,MONDO:0001071,intellectual disability,HP:0000006,Autosomal dominant inheritance,Autosomal dominant,1,Yes,11/13/2020 0:00:00,Definitive,1,"1-HP:0000707,1-HP:0000707,1-HP:0000708,1-HP:0000708,1-HP:0001249,1-HP:0001249,1-HP:0001250,1-HP:0001250,1-HP:0001256,1-HP:0001256,1-HP:0002342,1-HP:0002342"
1529,3302,HGNC:11275,SPTBN1,OMIM:619475,"Developmental delay, impaired speech, and behavioral abnormalities",HP:0000006,Autosomal dominant inheritance,Autosomal dominant,1,Yes,11/13/2020 0:00:00,Definitive,1,"1-HP:0000707,1-HP:0000708,1-HP:0001249,1-HP:0001250,1-HP:0001256,1-HP:0001999"
1530,3312,HGNC:652,ARF1,OMIM:618185,Periventricular nodular heterotopia 8,HP:0000006,Autosomal dominant inheritance,Autosomal dominant,1,Yes,11/13/2020 0:00:00,Definitive,1,"1-HP:0000252,1-HP:0000707,1-HP:0000707,1-HP:0000708,1-HP:0001249,1-HP:0001249,1-HP:0001250,1-HP:0001250,1-HP:0001256,1-HP:0001256,1-HP:0002011,1-HP:0002011,1-HP:0002342,1-HP:0002342,1-HP:0004322,1-HP:0006889"
1531,3315,HGNC:17347,DDX23,MONDO:0001071,intellectual disability,HP:0000006,Autosomal dominant inheritance,Autosomal dominant,1,Yes,11/13/2020 0:00:00,Definitive,1,"1-HP:0000119,1-HP:0000252,1-HP:0000707,1-HP:0000708,1-HP:0000924,1-HP:0001249,1-HP:0001250,1-HP:0001256,1-HP:0001999,1-HP:0002342,1-HP:0004322,1-HP:0010864"
1532,3321,HGNC:17340,PRPF8,MONDO:0001071,intellectual disability,HP:0000006,Autosomal dominant inheritance,Autosomal dominant,1,Yes,11/13/2020 0:00:00,Definitive,1,"1-HP:0000707,1-HP:0000708,1-HP:0001249,1-HP:0001249,1-HP:0001250,1-HP:0002011,3-HP:0000252"
1533,3323,HGNC:9552,PSMC5,MONDO:0001071,intellectual disability,HP:0000006,Autosomal dominant inheritance,Autosomal dominant,1,Yes,11/13/2020 0:00:00,Definitive,1,"1-HP:0000252,1-HP:0000252,1-HP:0000365,1-HP:0000365,1-HP:0000478,1-HP:0000478,1-HP:0000707,1-HP:0000707,1-HP:0000708,1-HP:0000708,1-HP:0000924,1-HP:0000924,1-HP:0001249,1-HP:0001249,1-HP:0001249,1-HP:0001250,1-HP:0001250,1-HP:0001256,1-HP:0001627,1-HP:0001627,1-HP:0001999,1-HP:0001999,1-HP:0002011,1-HP:0002011,1-HP:0002342,1-HP:0006889,1-HP:0010864,2-HP:0000077,2-HP:0000077,2-HP:0000119,2-HP:0000119"
1534,3324,HGNC:10541,SATB1,OMIM:619228,Developmental delay with dysmorphic facies and dental anomalies,HP:0000006,Autosomal dominant inheritance,Autosomal dominant,1,Yes,11/13/2020 0:00:00,Definitive,1,"1-HP:0000478,1-HP:0000707,1-HP:0000708,1-HP:0000924,1-HP:0001249,1-HP:0001999,1-HP:0011024,2-HP:0001627,3-HP:0001256,3-HP:0002342"
1535,3340,HGNC:14584,VPS16,OMIM:619291,Dystonia 30,HP:0000006,Autosomal dominant inheritance,Autosomal dominant,1,Yes,11/15/2020 0:00:00,Definitive,1,"1-HP:0000707,1-HP:0001249,1-HP:0002011,1-HP:0003676,4-HP:0001256,4-HP:0002342"
1536,3341,HGNC:12713,VPS41,OMIM:619389,"Spinocerebellar ataxia, autosomal recessive 29",HP:0000007,Autosomal recessive inheritance,Autosomal recessive,1,Yes,11/15/2020 0:00:00,Definitive,1,"1-HP:0000478,1-HP:0000707,1-HP:0001249,1-HP:0001256,1-HP:0002011,1-HP:0002342,1-HP:0003676"
1537,3342,HGNC:7102,MINPP1,OMIM:619527,"Pontocerebellar hypoplasia, type 16",HP:0000007,Autosomal recessive inheritance,Autosomal recessive,1,Yes,11/15/2020 0:00:00,Definitive,1,"1-HP:0000252,1-HP:0000707,1-HP:0000708,1-HP:0001249,1-HP:0001250,1-HP:0002011,1-HP:0002342,1-HP:0010864"
1538,3343,HGNC:1307,CBY1,MONDO:0002254,syndromic disease,HP:0000007,Autosomal recessive inheritance,Autosomal recessive,1,Yes,11/15/2020 0:00:00,Definitive,1,"1-HP:0000707,1-HP:0001249,1-HP:0002011,1-HP:0002270,1-HP:0002342,1-HP:0040064"
1539,3344,HGNC:5193,HS2ST1,OMIM:619194,Neurofacioskeletal syndrome with or without renal agenesis,HP:0000007,Autosomal recessive inheritance,Autosomal recessive,1,Yes,11/15/2020 0:00:00,Definitive,1,"1-HP:0000077,1-HP:0000119,1-HP:0000924,1-HP:0001249,1-HP:0001256,1-HP:0001999,1-HP:0002342,1-HP:0040064"
1540,3345,HGNC:20842,FOXP4,MONDO:0001071,intellectual disability,HP:0000006,Autosomal dominant inheritance,Autosomal dominant,1,Yes,11/15/2020 0:00:00,Definitive,1,"1-HP:0000118,1-HP:0000118,1-HP:0000119,1-HP:0000478,1-HP:0000924,1-HP:0001249,1-HP:0001249,1-HP:0001256,1-HP:0001256,1-HP:0001548,1-HP:0001999,1-HP:0004322,1-HP:0004322,1-HP:0006889,3-HP:0000256"
1541,3346,HGNC:3263,AGO2,OMIM:619149,Lessel-Kreienkamp syndrome,HP:0000006,Autosomal dominant inheritance,Autosomal dominant,1,Yes,11/18/2020 0:00:00,Definitive,1,"1-HP:0000478,1-HP:0000707,1-HP:0000708,1-HP:0000924,1-HP:0001249,1-HP:0001250,1-HP:0001256,1-HP:0001627,1-HP:0001999,1-HP:0002011,1-HP:0002270"
1542,3347,HGNC:29456,TOR1AIP1,OMIM:617072,"?Muscular dystrophy, autosomal recessive, with rigid spine and distal joint contractures",HP:0000007,Autosomal recessive inheritance,Autosomal recessive,1,Yes,11/18/2020 0:00:00,Definitive,1,"1-HP:0000252,1-HP:0000365,1-HP:0000478,1-HP:0000707,1-HP:0000924,1-HP:0001249,1-HP:0001256,1-HP:0001627,1-HP:0002011,1-HP:0003011,1-HP:0004322"
1543,3348,HGNC:11631,TCF20,OMIM:618430,Developmental delay with variable intellectual impairment and behavioral abnormalities,HP:0000006,Autosomal dominant inheritance,Autosomal dominant,1,Yes,3/14/2021 0:00:00,Definitive,1,"1-HP:0000478,1-HP:0000478,1-HP:0000708,1-HP:0000708,1-HP:0000924,1-HP:0000924,1-HP:0001249,1-HP:0001249,1-HP:0001999,2-HP:0000256,2-HP:0001548,2-HP:0002011,3-HP:0002342,4-HP:0000256,4-HP:0001548,4-HP:0002011"
1544,3352,HGNC:7490,MT-TL1,MONDO:0044970,mitochondrial disease,HP:0001427,Mitochondrial inheritance,Other,1,Yes,3/14/2021 0:00:00,Definitive,1,"1-HP:0000707,1-HP:0001249,1-HP:0001250,1-HP:0001939,1-HP:0002011,1-HP:0003011,1-HP:0003676,1-HP:0004322,1-HP:0012103"
1545,3359,HGNC:4507,GABBR2,OMIM:617903,Neurodevelopmental disorder with poor language and loss of hand skills,HP:0000006,Autosomal dominant inheritance,Autosomal dominant,1,Yes,4/4/2021 0:00:00,Definitive,1,"1-HP:0000707,1-HP:0000708,1-HP:0001249,1-HP:0002342,1-HP:0002376,1-HP:0010864,2-HP:0000252,2-HP:0002270"
1546,3360,HGNC:19354,SIN3B,MONDO:0001071,intellectual disability,HP:0000006,Autosomal dominant inheritance,Autosomal dominant,1,Yes,4/5/2021 0:00:00,Definitive,1,"1-HP:0000708,1-HP:0000924,1-HP:0001249,1-HP:0001256,1-HP:0001627,1-HP:0001999,1-HP:0002342,2-HP:0000202"
1547,3361,HGNC:2717,DDB1,OMIM:619426,White-Kernohan syndrome,HP:0000006,Autosomal dominant inheritance,Autosomal dominant,1,Yes,4/5/2021 0:00:00,Definitive,1,"1-HP:0000077,1-HP:0000119,1-HP:0000924,1-HP:0001249,1-HP:0001256,1-HP:0001513,1-HP:0001999,1-HP:0002342"
1548,3364,HGNC:10541,SATB1,OMIM:619229,den Hoed-de Boer-Voisin syndrome,HP:0000006,Autosomal dominant inheritance,Autosomal dominant,1,Yes,4/5/2021 0:00:00,Definitive,1,"1-HP:0000119,1-HP:0000252,1-HP:0000478,1-HP:0000707,1-HP:0000818,1-HP:0000924,1-HP:0001249,1-HP:0001250,1-HP:0001256,1-HP:0001627,1-HP:0001999,1-HP:0002011,1-HP:0002342,1-HP:0002715,1-HP:0004322,1-HP:0011024"
1549,3367,HGNC:3670,FGF13,OMIM:301058_1,Developmental and epileptic encephalopathy 90,HP:0001419,X-linked recessive inheritance,X-linked,1,Yes,4/5/2021 0:00:00,Definitive,1,"1-HP:0000707,1-HP:0000708,1-HP:0001249,1-HP:0001250,1-HP:0001999,1-HP:0010864"
1550,3368,HGNC:29136,KDM4B,OMIM:619320,"Intellectual developmental disorder, autosomal dominant 65",HP:0000006,Autosomal dominant inheritance,Autosomal dominant,1,Yes,4/5/2021 0:00:00,Definitive,1,"1-HP:0000708,1-HP:0000708,1-HP:0001249,1-HP:0001249,1-HP:0001250,1-HP:0001250,1-HP:0001256,1-HP:0001256,1-HP:0001999,1-HP:0001999,1-HP:0002011,1-HP:0002011,1-HP:0002342,1-HP:0002342"
1551,3369,HGNC:4332,BICRA,OMIM:619325,Coffin-Siris syndrome 12,HP:0000006,Autosomal dominant inheritance,Autosomal dominant,1,Yes,4/5/2021 0:00:00,Definitive,1,"1-HP:0000119,1-HP:0000478,1-HP:0000708,1-HP:0000924,1-HP:0001249,1-HP:0001256,1-HP:0001999,1-HP:0002342"
1552,3370,HGNC:2024,CLCN6,OMIM:619173,"Ceroid lipofuscinosis, neuronal, 15",HP:0000006,Autosomal dominant inheritance,Autosomal dominant,1,Yes,4/5/2021 0:00:00,Definitive,1,"1-HP:0000478,1-HP:0000478,1-HP:0000707,1-HP:0000707,1-HP:0000708,1-HP:0001249,1-HP:0001249,1-HP:0001250,1-HP:0002011,1-HP:0002011,1-HP:0002187,1-HP:0002270,1-HP:0002342,1-HP:0002342,1-HP:0002376,1-HP:0002376,1-HP:0003011,1-HP:0003676,1-HP:0004322,1-HP:0010864,1-HP:0010864,2-HP:0000252"
1553,3377,HGNC:9984,RFX3,MONDO:0001071,intellectual disability,HP:0000006,Autosomal dominant inheritance,Autosomal dominant,1,Yes,4/5/2021 0:00:00,Definitive,1,"1-HP:0000256,1-HP:0000707,1-HP:0000708,1-HP:0001249,1-HP:0001250,1-HP:0001256,1-HP:0001999,1-HP:0002342"
1554,3381,HGNC:6250,KCNH1,MONDO:0001071,intellectual disability,HP:0000006,Autosomal dominant inheritance,Autosomal dominant,1,Yes,4/6/2021 0:00:00,Definitive,1,"1-HP:0001249,1-HP:0001250,1-HP:0001256,1-HP:0002342"
1555,3382,HGNC:2377,MED27,OMIM:619286,"Neurodevelopmental disorder with spasticity, cataracts, and cerebellar hypoplasia",HP:0000007,Autosomal recessive inheritance,Autosomal recessive,1,Yes,4/6/2021 0:00:00,Definitive,1,"1-HP:0000252,1-HP:0000252,1-HP:0000478,1-HP:0000478,1-HP:0000707,1-HP:0000707,1-HP:0001249,1-HP:0001249,1-HP:0001250,1-HP:0001250,1-HP:0001256,1-HP:0001256,1-HP:0002011,1-HP:0002011,2-HP:0002376,2-HP:0002376,2-HP:0003676,2-HP:0003676,3-HP:0011420"
1556,3383,HGNC:3300,EIF5A,OMIM:619376,Faundes-Banka syndrome,HP:0000006,Autosomal dominant inheritance,Autosomal dominant,1,Yes,4/6/2021 0:00:00,Definitive,1,"1-HP:0000252,1-HP:0000478,1-HP:0001249,1-HP:0001256,1-HP:0001627,1-HP:0001999,1-HP:0004322"
1557,3385,HGNC:3214,EEF2,MONDO:0001071,intellectual disability,HP:0000006,Autosomal dominant inheritance,Autosomal dominant,1,Yes,4/6/2021 0:00:00,Definitive,1,"1-HP:0000256,1-HP:0000256,1-HP:0000478,1-HP:0000708,1-HP:0000708,1-HP:0001249,1-HP:0001249,1-HP:0001249,1-HP:0001256,1-HP:0001256,1-HP:0001574,1-HP:0001999,1-HP:0001999,1-HP:0006889,1-HP:0006889,2-HP:0000098,2-HP:0000478,2-HP:0001250,2-HP:0001250,2-HP:0001999,2-HP:0001999"
1558,3391,HGNC:11132,SNAP25,MONDO:0001071,intellectual disability,HP:0000006,Autosomal dominant inheritance,Autosomal dominant,1,Yes,4/7/2021 0:00:00,Definitive,1,"1-HP:0000707,1-HP:0000708,1-HP:0000924,1-HP:0001249,1-HP:0001250,1-HP:0001256"
1559,3394,HGNC:11957,MED12,MONDO:0001071,intellectual disability,HP:0001417,X-linked other inheritance,X-linked,1,Yes,4/7/2021 0:00:00,Definitive,1,"1-HP:0000202,1-HP:0000478,1-HP:0000707,1-HP:0000708,1-HP:0000924,1-HP:0001249,1-HP:0001999,1-HP:0002011,1-HP:0002270,1-HP:0004322,1-HP:0010864,1-HP:0011024"
1560,3397,HGNC:26222,FAR1,MONDO:0001071,intellectual disability,HP:0000006,Autosomal dominant inheritance,Autosomal dominant,1,Yes,4/7/2021 0:00:00,Definitive,1,"1-HP:0000478,1-HP:0000707,1-HP:0001249,1-HP:0001250,1-HP:0001256,1-HP:0002342"
1561,3400,HGNC:26182,COLGALT1,OMIM:618360,Brain small vessel disease 3,HP:0000007,Autosomal recessive inheritance,Autosomal recessive,1,Yes,4/8/2021 0:00:00,Definitive,1,"1-HP:0000707,1-HP:0001249,1-HP:0001250,1-HP:0002011,1-HP:0003676,2-HP:0011420,3-HP:0010864"
1562,3404,HGNC:2231,COPB1,OMIM:619255,Baralle-Macken syndrome,HP:0000007,Autosomal recessive inheritance,Autosomal recessive,1,Yes,4/8/2021 0:00:00,Definitive,1,"1-HP:0000478,1-HP:0000707,1-HP:0001249,1-HP:0010864"
1563,3408,HGNC:7764,NEUROG1,MONDO:0001071,intellectual disability,HP:0000007,Autosomal recessive inheritance,Autosomal recessive,1,Yes,4/8/2021 0:00:00,Definitive,1,"1-HP:0000365,1-HP:0000365,1-HP:0000478,1-HP:0000478,1-HP:0000707,1-HP:0000707,1-HP:0001249,1-HP:0001249,1-HP:0001256,1-HP:0001256,1-HP:0002342,1-HP:0002342"
1564,3414,HGNC:16831,TSPOAP1,MONDO:0001071,intellectual disability,HP:0000007,Autosomal recessive inheritance,Autosomal recessive,1,Yes,4/8/2021 0:00:00,Definitive,1,"1-HP:0000707,1-HP:0001249,1-HP:0002376,1-HP:0003676"
1565,3421,HGNC:12016,TPP2,OMIM:619220,Immunodeficiency 78 with autoimmunity and developmental delay,HP:0000007,Autosomal recessive inheritance,Autosomal recessive,1,Yes,4/8/2021 0:00:00,Definitive,1,"1-HP:0001249,1-HP:0001256,1-HP:0002715"
1566,3424,HGNC:11111,SMC1A,OMIM:301044,"Developmental and epileptic encephalopathy 85, with or without midline brain defects",HP:0001423,X-linked dominant inheritance,X-linked,1,Yes,4/9/2021 0:00:00,Definitive,1,"1-HP:0000252,1-HP:0000252,1-HP:0000707,1-HP:0000707,1-HP:0000708,1-HP:0000924,1-HP:0000924,1-HP:0001249,1-HP:0001249,1-HP:0001250,1-HP:0001250,1-HP:0001999,1-HP:0001999,1-HP:0002011,1-HP:0002011,1-HP:0002187,1-HP:0002342,1-HP:0002342,1-HP:0002376,1-HP:0004322,1-HP:0004322,1-HP:0010864,1-HP:0010864,1-HP:0011024,2-HP:0001627,2-HP:0002376,2-HP:0002376,2-HP:0003676,2-HP:0003676"
1567,3436,HGNC:3942,MTOR,OMIM:607341_3,"Focal cortical dysplasia, type II, somatic",HP:0001428,Somatic mutation,Other,1,Yes,4/10/2021 0:00:00,Definitive,1,"1-HP:0001249,1-HP:0001250,1-HP:0002011,4-HP:0001256"
1568,3437,HGNC:3942,MTOR,MONDO:0001071,intellectual disability,HP:0001428,Somatic mutation,Other,1,Yes,4/10/2021 0:00:00,Definitive,1,"1-HP:0000256,1-HP:0001249,1-HP:0001250,1-HP:0001256,1-HP:0001574,1-HP:0002011,1-HP:0002342"
1569,3444,HGNC:28625,NDUFAF6,OMIM:618239,"Mitochondrial complex I deficiency, nuclear type 17",HP:0000007,Autosomal recessive inheritance,Autosomal recessive,1,Yes,4/10/2021 0:00:00,Definitive,1,"1-HP:0000707,1-HP:0001249,1-HP:0002011,1-HP:0002376,1-HP:0003676,1-HP:0012103,2-HP:0001250"
1570,3447,HGNC:1321,TIMMDC1,OMIM:618251,"Mitochondrial complex I deficiency, nuclear type 31",HP:0000007,Autosomal recessive inheritance,Autosomal recessive,1,Yes,4/10/2021 0:00:00,Definitive,1,"1-HP:0000365,1-HP:0000365,1-HP:0000707,1-HP:0000707,1-HP:0001249,1-HP:0001249,1-HP:0001250,1-HP:0001250,1-HP:0002011,1-HP:0002011,1-HP:0011420,1-HP:0011420,1-HP:0012103,1-HP:0012103"
1571,3449,HGNC:7706,NDUFC2,OMIM:619170,"Mitochondrial complex I deficiency, nuclear type 36",HP:0000007,Autosomal recessive inheritance,Autosomal recessive,1,Yes,4/10/2021 0:00:00,Definitive,1,"1-HP:0000707,1-HP:0001249,1-HP:0001250,1-HP:0002011,1-HP:0003011,1-HP:0003676,1-HP:0011420,1-HP:0012103"
1572,3450,HGNC:10683,SDHD,OMIM:619167,"Mitochondrial complex II deficiency, nuclear type 3",HP:0000007,Autosomal recessive inheritance,Autosomal recessive,1,Yes,4/10/2021 0:00:00,Definitive,1,"1-HP:0000252,1-HP:0000707,1-HP:0001249,1-HP:0001250,1-HP:0001939,1-HP:0002376,1-HP:0003011,1-HP:0003676,1-HP:0011420,1-HP:0012103,3-HP:0002187,3-HP:0010864"
1573,3452,HGNC:21237,UQCC2,OMIM:615824,"Mitochondrial complex III deficiency, nuclear type 7",HP:0000007,Autosomal recessive inheritance,Autosomal recessive,1,Yes,4/10/2021 0:00:00,Definitive,1,"1-HP:0000365,1-HP:0000707,1-HP:0000708,1-HP:0001249,1-HP:0001250,1-HP:0001939,1-HP:0002011,1-HP:0002376,1-HP:0011420,1-HP:0012103"
1574,3454,HGNC:838,ATP5F1E,OMIM:614053,"Mitochondrial complex V (ATP synthase) deficiency, nuclear type 3",HP:0000007,Autosomal recessive inheritance,Autosomal recessive,1,Yes,4/10/2021 0:00:00,Definitive,1,"1-HP:0000707,1-HP:0001249,1-HP:0001249,1-HP:0001250,1-HP:0001256,1-HP:0001939"
1575,3470,HGNC:2745,DDX3X,OMIM:300958_1,"Intellectual developmental disorder, X-linked syndromic, Snijders Blok type",HP:0001419,X-linked recessive inheritance,X-linked,1,Yes,4/11/2021 0:00:00,Definitive,1,"1-HP:0000252,1-HP:0000365,1-HP:0000707,1-HP:0000707,1-HP:0000708,1-HP:0001249,1-HP:0001249,1-HP:0001256,1-HP:0001256,1-HP:0001574,1-HP:0001999,1-HP:0002011,1-HP:0002342,1-HP:0006889,1-HP:0010864"
1576,3471,HGNC:12269,TREX1,OMIM:225750_1,"Aicardi-Goutieres syndrome 1, dominant and recessive",HP:0000006,Autosomal dominant inheritance,Autosomal dominant,1,Yes,7/21/2021 0:00:00,Definitive,1,"1-HP:0000252,1-HP:0000707,1-HP:0001249,1-HP:0001250,1-HP:0001256,1-HP:0001574,1-HP:0002011,1-HP:0002342,1-HP:0010864,1-HP:0011420"
1577,3472,HGNC:6180,ITPR1,OMIM:206700_1,Gillespie syndrome,HP:0000006,Autosomal dominant inheritance,Autosomal dominant,1,Yes,7/21/2021 0:00:00,Definitive,1,"1-HP:0000478,1-HP:0000707,1-HP:0001249,1-HP:0001256,1-HP:0002011,1-HP:0002342,1-HP:0003676"
1578,3474,HGNC:13999,PRDM15,MONDO:0002254,syndromic disease,HP:0000007,Autosomal recessive inheritance,Autosomal recessive,1,Yes,7/21/2021 0:00:00,Definitive,1,"1-HP:0000077,1-HP:0000119,1-HP:0000252,1-HP:0000478,1-HP:0001249,1-HP:0001256,1-HP:0001627,1-HP:0001999,1-HP:0002011,1-HP:0002342,1-HP:0040064"
1579,3476,HGNC:26799,C2orf69,OMIM:619423,Combined oxidative phosphorylation deficiency 53,HP:0000007,Autosomal recessive inheritance,Autosomal recessive,1,Yes,7/21/2021 0:00:00,Definitive,1,"1-HP:0000252,1-HP:0000252,1-HP:0000478,1-HP:0000478,1-HP:0000707,1-HP:0001249,1-HP:0001249,1-HP:0001250,1-HP:0001250,1-HP:0001939,1-HP:0001939,1-HP:0002011,1-HP:0002011,1-HP:0002715,1-HP:0002715,1-HP:0003011,1-HP:0003011,1-HP:0003676,1-HP:0003676,1-HP:0011420,1-HP:0011420"
1580,3477,HGNC:2021,CLCN3,OMIM:619512,Neurodevelopmental disorder with hypotonia and brain abnormalities,HP:0000006,Autosomal dominant inheritance,Autosomal dominant,1,Yes,7/21/2021 0:00:00,Definitive,1,"1-HP:0000478,1-HP:0000478,1-HP:0000707,1-HP:0000707,1-HP:0000708,1-HP:0000708,1-HP:0001249,1-HP:0001249,1-HP:0001250,1-HP:0001250,1-HP:0001256,1-HP:0001256,1-HP:0001999,1-HP:0001999"
1581,3479,HGNC:16787,EDEM3,OMIM:619493,"Congenital disorder of glycosylation, type IIv",HP:0000007,Autosomal recessive inheritance,Autosomal recessive,1,Yes,7/21/2021 0:00:00,Definitive,1,"1-HP:0000707,1-HP:0000708,1-HP:0001249,1-HP:0001939,1-HP:0001999,3-HP:0001256,3-HP:0002342"
1582,3480,HGNC:555,AP1G1,OMIM:619467,"Usmani-Riazuddin syndrome, autosomal dominant",HP:0000006,Autosomal dominant inheritance,Autosomal dominant,1,Yes,7/21/2021 0:00:00,Definitive,1,"1-HP:0000707,1-HP:0000708,1-HP:0001249,1-HP:0001250,1-HP:0001256,1-HP:0002342"
1583,3482,HGNC:9853,IPO8,OMIM:619472,VISS syndrome,HP:0000007,Autosomal recessive inheritance,Autosomal recessive,1,Yes,7/21/2021 0:00:00,Definitive,1,"1-HP:0000077,1-HP:0000119,1-HP:0000478,1-HP:0000924,1-HP:0001249,1-HP:0001574,1-HP:0001627,1-HP:0001999,1-HP:0002715"
1584,3483,HGNC:6714,LTBP1,OMIM:619451,"Cutis laxa, autosomal recessive, type IIE",HP:0000007,Autosomal recessive inheritance,Autosomal recessive,1,Yes,7/21/2021 0:00:00,Definitive,1,"1-HP:0000365,1-HP:0000924,1-HP:0001249,1-HP:0001574,1-HP:0001627,1-HP:0001999,1-HP:0004322,1-HP:0040064,2-HP:0000119"
1585,3485,HGNC:23575,ANKRD17,OMIM:619504,Chopra-Amiel-Gordon syndrome,HP:0000006,Autosomal dominant inheritance,Autosomal dominant,1,Yes,7/21/2021 0:00:00,Definitive,1,"1-HP:0000478,1-HP:0000478,1-HP:0000707,1-HP:0000707,1-HP:0000708,1-HP:0000708,1-HP:0001249,1-HP:0001249,1-HP:0001250,1-HP:0001250,1-HP:0001999,1-HP:0001999,1-HP:0002011,1-HP:0002011,1-HP:0002715,1-HP:0002715,1-HP:0004322,1-HP:0004322,3-HP:0006889,3-HP:0006889"
1586,3487,HGNC:20637,DPYSL5,OMIM:619435,Ritscher-Schinzel syndrome 4,HP:0000006,Autosomal dominant inheritance,Autosomal dominant,1,Yes,7/21/2021 0:00:00,Definitive,1,"1-HP:0000707,1-HP:0000708,1-HP:0000924,1-HP:0001249,1-HP:0001256,1-HP:0001999,1-HP:0002011,1-HP:0002342,1-HP:0004322,2-HP:0000252,2-HP:0001250"
1587,3491,HGNC:6215,KARS1,OMIM:619196,"Deafness, congenital, and adult-onset progressive leukoencephalopathy",HP:0000007,Autosomal recessive inheritance,Autosomal recessive,1,Yes,7/21/2021 0:00:00,Definitive,1,"1-HP:0000365,1-HP:0000707,1-HP:0001249,1-HP:0002011,1-HP:0002376,1-HP:0003676,1-HP:0011420"
1588,3494,HGNC:30664,CLPB,MONDO:0001071,intellectual disability,HP:0000006,Autosomal dominant inheritance,Autosomal dominant,1,Yes,7/21/2021 0:00:00,Definitive,1,"1-HP:0000252,1-HP:0000707,1-HP:0001249,1-HP:0001250,1-HP:0001871,1-HP:0001939,1-HP:0002342,1-HP:0002376,1-HP:0003676,1-HP:0010864,1-HP:0011420"
1589,3496,HGNC:4216,GDF11,OMIM:619122,?Vertebral hypersegmentation and orofacial anomalies,HP:0000006,Autosomal dominant inheritance,Autosomal dominant,1,Yes,7/21/2021 0:00:00,Definitive,1,"1-HP:0000202,1-HP:0000478,1-HP:0000707,1-HP:0000924,1-HP:0001249,1-HP:0001627,1-HP:0001999"
1590,3498,HGNC:8979,PIK3R1,OMIM:616005,Immunodeficiency 36,HP:0000006,Autosomal dominant inheritance,Autosomal dominant,1,Yes,7/22/2021 0:00:00,Definitive,1,"1-HP:0001249,1-HP:0001249,1-HP:0002664,1-HP:0002664,1-HP:0002715,1-HP:0002715,1-HP:0004322,1-HP:0004322"
1591,3502,HGNC:4200,BLOC1S1,MONDO:0001071,intellectual disability,HP:0000007,Autosomal recessive inheritance,Autosomal recessive,1,Yes,7/22/2021 0:00:00,Definitive,1,"1-HP:0000707,1-HP:0001249,1-HP:0001250,1-HP:0002011,1-HP:0002342,1-HP:0010864"
1592,3504,HGNC:24750,ZNF699,OMIM:619488,DEGCAGS syndrome,HP:0000007,Autosomal recessive inheritance,Autosomal recessive,1,Yes,7/22/2021 0:00:00,Definitive,1,"1-HP:0000077,1-HP:0000118,1-HP:0000118,1-HP:0000119,1-HP:0000119,1-HP:0000119,1-HP:0000252,1-HP:0000252,1-HP:0000365,1-HP:0000478,1-HP:0000924,1-HP:0001249,1-HP:0001249,1-HP:0001249,1-HP:0001256,1-HP:0001256,1-HP:0001574,1-HP:0001627,1-HP:0001627,1-HP:0001871,1-HP:0001999,1-HP:0001999,1-HP:0002011,1-HP:0002342,1-HP:0002342,1-HP:0004322,1-HP:0004322,1-HP:0004322,1-HP:0011024,1-HP:0011024,1-HP:0040064,1-HP:0040064"
1593,3506,HGNC:801,ATP1A3,MONDO:0001071,intellectual disability,HP:0000006,Autosomal dominant inheritance,Autosomal dominant,1,Yes,7/22/2021 0:00:00,Definitive,1,"1-HP:0000252,1-HP:0000707,1-HP:0000708,1-HP:0001249,1-HP:0001249,1-HP:0001250,1-HP:0001256,1-HP:0001513,1-HP:0002011,1-HP:0002011,1-HP:0011420,2-HP:0003676"
1594,3509,HGNC:8514,CLDN11,OMIM:619328,"Leukodystrophy, hypomyelinating, 22",HP:0000006,Autosomal dominant inheritance,Autosomal dominant,1,Yes,7/22/2021 0:00:00,Definitive,1,"1-HP:0000478,1-HP:0000707,1-HP:0001249,1-HP:0002011"
1595,3510,HGNC:4601,GRN,OMIM:614706,"Ceroid lipofuscinosis, neuronal, 11",HP:0000007,Autosomal recessive inheritance,Autosomal recessive,1,Yes,7/22/2021 0:00:00,Definitive,1,"1-HP:0000478,1-HP:0000478,1-HP:0000707,1-HP:0000707,1-HP:0001249,1-HP:0001249,1-HP:0001249,1-HP:0001250,1-HP:0001250,1-HP:0002376,1-HP:0002376,1-HP:0003676,1-HP:0003676"
1596,3513,HGNC:30511,YIF1B,OMIM:619125,Kaya-Barakat-Masson syndrome,HP:0000007,Autosomal recessive inheritance,Autosomal recessive,1,Yes,7/22/2021 0:00:00,Definitive,1,"1-HP:0000252,1-HP:0000252,1-HP:0000478,1-HP:0000707,1-HP:0000707,1-HP:0000708,1-HP:0000708,1-HP:0001249,1-HP:0001249,1-HP:0001250,1-HP:0001250,1-HP:0002011,1-HP:0002011,1-HP:0002187,1-HP:0002187,1-HP:0004322,1-HP:0010864,1-HP:0011420,1-HP:0011420,2-HP:0004322,2-HP:0011024"
1597,3514,HGNC:4845,HCN1,OMIM:618482,"Generalized epilepsy with febrile seizures plus, type 10",HP:0000006,Autosomal dominant inheritance,Autosomal dominant,1,Yes,7/22/2021 0:00:00,Definitive,1,"1-HP:0000708,1-HP:0001249,1-HP:0001250,1-HP:0001256,1-HP:0002342"
1598,3522,HGNC:494,ANK3,MONDO:0005258,autism spectrum disorder,HP:0000006,Autosomal dominant inheritance,Autosomal dominant,1,Yes,7/23/2021 0:00:00,Definitive,1,"1-HP:0000252,1-HP:0000256,1-HP:0000707,1-HP:0000708,1-HP:0000708,1-HP:0000708,1-HP:0001249,1-HP:0001249,1-HP:0001249,1-HP:0001250,1-HP:0001250,1-HP:0001256,1-HP:0001256,1-HP:0001256,1-HP:0001999,1-HP:0002011,1-HP:0002011,1-HP:0002342,1-HP:0002342,1-HP:0002342,1-HP:0006889"
1599,3523,HGNC:4983,HMGB1,MONDO:0001071,intellectual disability,HP:0000006,Autosomal dominant inheritance,Autosomal dominant,1,Yes,7/23/2021 0:00:00,Definitive,1,"1-HP:0000252,1-HP:0001249,1-HP:0001999,1-HP:0002342,2-HP:0004322"
1600,3524,HGNC:20581,CYP26B1,OMIM:614416,Craniosynostosis with radiohumeral fusions and other skeletal and craniofacial anomalies,HP:0000007,Autosomal recessive inheritance,Autosomal recessive,1,Yes,7/23/2021 0:00:00,Definitive,1,"1-HP:0000365,1-HP:0000924,1-HP:0001249,1-HP:0001999,1-HP:0002011,1-HP:0011420,1-HP:0040064"
1601,3531,HGNC:11101,SMARCA5,MONDO:0001071,intellectual disability,HP:0000006,Autosomal dominant inheritance,Autosomal dominant,1,Yes,7/27/2021 0:00:00,Definitive,1,"1-HP:0000252,1-HP:0000478,1-HP:0000707,1-HP:0000708,1-HP:0001249,1-HP:0001256,1-HP:0001999,1-HP:0002342,1-HP:0004322,1-HP:0040064"
1602,3538,HGNC:6238,KCND2,MONDO:0001071,intellectual disability,HP:0000006,Autosomal dominant inheritance,Autosomal dominant,1,Yes,7/27/2021 0:00:00,Definitive,1,"1-HP:0000478,1-HP:0000707,1-HP:0001249,1-HP:0001250,1-HP:0001256,1-HP:0001999,1-HP:0002342"
1603,3539,HGNC:16935,ATG7,OMIM:619422,"Spinocerebellar ataxia, autosomal recessive 31",HP:0000007,Autosomal recessive inheritance,Autosomal recessive,1,Yes,7/27/2021 0:00:00,Definitive,1,"1-HP:0000478,1-HP:0000707,1-HP:0001249,1-HP:0001256,1-HP:0001999,1-HP:0002011,1-HP:0002342"
1604,3545,HGNC:14584,VPS16,MONDO:0001071,intellectual disability,HP:0000007,Autosomal recessive inheritance,Autosomal recessive,1,Yes,7/27/2021 0:00:00,Definitive,1,"1-HP:0000478,1-HP:0000707,1-HP:0000924,1-HP:0001249,1-HP:0001256,1-HP:0001871,1-HP:0002011,1-HP:0002342,1-HP:0002376,1-HP:0002715,1-HP:0003676"
1605,3546,HGNC:1583,CCND2,MONDO:0001071,intellectual disability,HP:0000006,Autosomal dominant inheritance,Autosomal dominant,1,Yes,7/27/2021 0:00:00,Definitive,1,"1-HP:0000252,1-HP:0000252,1-HP:0001249,1-HP:0001249,1-HP:0001256,1-HP:0001256,1-HP:0002011,1-HP:0002011,1-HP:0002342,1-HP:0002342,1-HP:0004322,1-HP:0004322,2-HP:0001999"
1606,3553,HGNC:25451,HNRNPUL2,MONDO:0001071,intellectual disability,HP:0000006,Autosomal dominant inheritance,Autosomal dominant,1,Yes,7/28/2021 0:00:00,Definitive,1,"1-HP:0000708,1-HP:0001249,1-HP:0001250,1-HP:0001256,1-HP:0002342"
1607,3566,HGNC:9218,POU4F1,OMIM:619352,"Ataxia, intention tremor, and hypotonia syndrome, childhood-onset",HP:0000006,Autosomal dominant inheritance,Autosomal dominant,1,Yes,7/28/2021 0:00:00,Definitive,1,"1-HP:0000707,1-HP:0001249,1-HP:0001256,1-HP:0002342,2-HP:0003676"
1608,3580,HGNC:4084,GABRD,MONDO:0001071,intellectual disability,HP:0000006,Autosomal dominant inheritance,Autosomal dominant,1,Yes,11/4/2021 0:00:00,Definitive,1,"1-HP:0000708,1-HP:0001249,1-HP:0001250,1-HP:0001256,1-HP:0002342"
1609,3583,HGNC:8983,PI4KA,OMIM:616531,"Polymicrogyria, perisylvian, with cerebellar hypoplasia and arthrogryposis",HP:0000007,Autosomal recessive inheritance,Autosomal recessive,1,Yes,11/4/2021 0:00:00,Definitive,1,"1-HP:0000118,1-HP:0000118,1-HP:0000478,1-HP:0000478,1-HP:0000707,1-HP:0000707,1-HP:0001249,1-HP:0001249,1-HP:0001249,1-HP:0001250,1-HP:0001250,1-HP:0002011,1-HP:0002011,1-HP:0002011,1-HP:0002342,1-HP:0002342,1-HP:0002715,1-HP:0002715,1-HP:0010864,1-HP:0010864,4-HP:0011420,4-HP:0011420"
1610,3589,HGNC:19959,TOGARAM1,OMIM:619185,Joubert syndrome 37,HP:0000007,Autosomal recessive inheritance,Autosomal recessive,1,Yes,11/4/2021 0:00:00,Definitive,1,"1-HP:0000077,1-HP:0000478,1-HP:0000708,1-HP:0001249,1-HP:0001256,1-HP:0002011,1-HP:0002342,1-HP:0040064"
1611,3593,HGNC:4580,GRIK2,OMIM:619580,Neurodevelopmental disorder with impaired language and ataxia and with or without seizures,HP:0000006,Autosomal dominant inheritance,Autosomal dominant,1,Yes,11/4/2021 0:00:00,Definitive,1,"1-HP:0000478,1-HP:0000707,1-HP:0001249,1-HP:0001250,1-HP:0002011,1-HP:0002342,1-HP:0010864"
1612,3596,HGNC:20043,GEMIN5,OMIM:619333,Neurodevelopmental disorder with cerebellar atrophy and motor dysfunction,HP:0000007,Autosomal recessive inheritance,Autosomal recessive,1,Yes,11/4/2021 0:00:00,Definitive,1,"1-HP:0000707,1-HP:0001249,1-HP:0001256,1-HP:0002011,1-HP:0002342"
1613,3597,HGNC:33154,ELFN1,MONDO:0100062,developmental and epileptic encephalopathy,HP:0000007,Autosomal recessive inheritance,Autosomal recessive,1,Yes,11/4/2021 0:00:00,Definitive,1,"1-HP:0000707,1-HP:0000708,1-HP:0001249,1-HP:0001249,1-HP:0001250,1-HP:0001999,1-HP:0001999,1-HP:0002187,1-HP:0002342,1-HP:0010864,2-HP:0002011"
1614,3604,HGNC:654,ARF3,MONDO:0001071,intellectual disability,HP:0000006,Autosomal dominant inheritance,Autosomal dominant,1,Yes,11/11/2021 0:00:00,Definitive,1,"1-HP:0000252,1-HP:0000252,1-HP:0000707,1-HP:0000707,1-HP:0000924,1-HP:0000924,1-HP:0001249,1-HP:0001249,1-HP:0001249,1-HP:0001250,1-HP:0001250,1-HP:0002011,1-HP:0002011,1-HP:0002187,1-HP:0002187,1-HP:0010864,1-HP:0010864,3-HP:0000924,3-HP:0000924"
1615,3605,HGNC:10852,SHMT2,OMIM:619121,"Neurodevelopmental disorder with cardiomyopathy, spasticity, and brain abnormalities",HP:0000007,Autosomal recessive inheritance,Autosomal recessive,1,Yes,11/12/2021 0:00:00,Definitive,1,"1-HP:0000252,1-HP:0000252,1-HP:0000252,1-HP:0000707,1-HP:0000707,1-HP:0000707,1-HP:0000708,1-HP:0000708,1-HP:0000708,1-HP:0001249,1-HP:0001249,1-HP:0001249,1-HP:0001256,1-HP:0001256,1-HP:0001256,1-HP:0001999,1-HP:0001999,1-HP:0001999,1-HP:0002011,1-HP:0002011,1-HP:0002011,1-HP:0002342,1-HP:0002342,1-HP:0002342,1-HP:0003011,1-HP:0003011,1-HP:0003011,1-HP:0004322,1-HP:0004322,1-HP:0004322,1-HP:0012103,1-HP:0012103,1-HP:0012103"
1616,3615,HGNC:923,B3GAT3,OMIM:245600,"Multiple joint dislocations, short stature, craniofacial dysmorphism, with or without congenital heart defects",HP:0000007,Autosomal recessive inheritance,Autosomal recessive,1,Yes,11/13/2021 0:00:00,Definitive,1,"1-HP:0000478,1-HP:0000924,1-HP:0001249,1-HP:0001574,1-HP:0001627,1-HP:0004322"
1617,3618,HGNC:21424,IFT74,OMIM:619582,Joubert syndrome 40,HP:0000007,Autosomal recessive inheritance,Autosomal recessive,1,Yes,11/13/2021 0:00:00,Definitive,1,"1-HP:0000478,1-HP:0000707,1-HP:0001249,1-HP:0001256,1-HP:0002011,1-HP:0002342,1-HP:0040064"
1618,3629,HGNC:20772,TUBB3,MONDO:0002254,syndromic disease,HP:0000006,Autosomal dominant inheritance,Autosomal dominant,1,Yes,11/14/2021 0:00:00,Definitive,1,"1-HP:0000252,1-HP:0000365,1-HP:0000478,1-HP:0000707,1-HP:0000818,1-HP:0001249,1-HP:0001250,1-HP:0001256,1-HP:0001999,1-HP:0002011,1-HP:0002270,1-HP:0002342,1-HP:0002376,1-HP:0003676,1-HP:0004322"
1619,3632,HGNC:29110,KIAA0753,OMIM:619479,Short-rib thoracic dysplasia 21 without polydactyly,HP:0000007,Autosomal recessive inheritance,Autosomal recessive,1,Yes,11/14/2021 0:00:00,Definitive,1,"1-HP:0000924,1-HP:0001249,1-HP:0001250,1-HP:0001256,1-HP:0001999,1-HP:0002011,1-HP:0002342,1-HP:0004322,1-HP:0011420"
1620,3644,HGNC:21701,BRAT1,OMIM:618056,Neurodevelopmental disorder with cerebellar atrophy and with or without seizures,HP:0000007,Autosomal recessive inheritance,Autosomal recessive,1,Yes,11/18/2021 0:00:00,Definitive,1,"1-HP:0000252,1-HP:0000478,1-HP:0000707,1-HP:0000707,1-HP:0000707,1-HP:0001249,1-HP:0001249,1-HP:0001249,1-HP:0001250,1-HP:0001250,1-HP:0001256,1-HP:0001256,1-HP:0001256,1-HP:0001999,1-HP:0002011,1-HP:0002011,1-HP:0002011,1-HP:0002187,1-HP:0002270,1-HP:0002270,1-HP:0002342,1-HP:0002342,1-HP:0002342,1-HP:0006889,1-HP:0010864,2-HP:0001250"
1621,3649,HGNC:27344,TMEM218,OMIM:619562,Joubert syndrome 39,HP:0000007,Autosomal recessive inheritance,Autosomal recessive,1,Yes,11/18/2021 0:00:00,Definitive,1,"1-HP:0000478,1-HP:0001249,1-HP:0001256,1-HP:0002011,1-HP:0002342,1-HP:0040064"
1622,3652,HGNC:9588,PTEN,MONDO:0020022,central nervous system malformation,HP:0001428,Somatic mutation,Other,1,Yes,6/25/2022 19:33:13,Definitive,1,"1-HP:0000256,1-HP:0001249,1-HP:0002011"
1623,3659,HGNC:13998,PRDM13,OMIM:619761,"Cerebellar dysfunction, impaired intellectual development, and hypogonadotropic hypogonadism",HP:0000007,Autosomal recessive inheritance,Autosomal recessive,1,Yes,6/25/2022 19:33:34,Definitive,1,"1-HP:0000119,1-HP:0000119,1-HP:0000707,1-HP:0000707,1-HP:0000818,1-HP:0000818,1-HP:0000924,1-HP:0000924,1-HP:0001249,1-HP:0001249,1-HP:0001256,1-HP:0002011,1-HP:0002011,1-HP:0002342,1-HP:0002342,1-HP:0010864,4-HP:0000252"
1624,3662,HGNC:950,BAP1,OMIM:619762,Kury-Isidor syndrome,HP:0000006,Autosomal dominant inheritance,Autosomal dominant,1,Yes,6/25/2022 19:33:46,Definitive,1,"1-HP:0000478,1-HP:0000707,1-HP:0000708,1-HP:0000924,1-HP:0001249,1-HP:0001250,1-HP:0001574,1-HP:0001999,1-HP:0002715,1-HP:0004322"
1625,3664,HGNC:6827,MAN2C1,OMIM:619775,Congenital disorder of deglycosylation 2,HP:0000007,Autosomal recessive inheritance,Autosomal recessive,1,Yes,6/25/2022 19:33:49,Definitive,1,"1-HP:0000708,1-HP:0000708,1-HP:0001249,1-HP:0001249,1-HP:0001999,1-HP:0001999,1-HP:0002011,1-HP:0002011,1-HP:0002664,1-HP:0002664,2-HP:0001256,2-HP:0001256,2-HP:0002342,2-HP:0002342"
1626,3665,HGNC:20074,PAN2,MONDO:0001071,intellectual disability,HP:0000007,Autosomal recessive inheritance,Autosomal recessive,1,Yes,6/25/2022 19:33:52,Definitive,1,"1-HP:0000077,1-HP:0000365,1-HP:0000478,1-HP:0000707,1-HP:0000924,1-HP:0001249,1-HP:0001250,1-HP:0001256,1-HP:0001627,1-HP:0001999,1-HP:0002342,1-HP:0004322"
1627,3666,HGNC:20291,PROSER1,MONDO:0001071,intellectual disability,HP:0000007,Autosomal recessive inheritance,Autosomal recessive,1,Yes,6/25/2022 19:33:55,Definitive,1,"1-HP:0000077,1-HP:0000119,1-HP:0000365,1-HP:0000478,1-HP:0000707,1-HP:0001249,1-HP:0001250,1-HP:0001256,1-HP:0001999,1-HP:0002342,4-HP:0004322"
1628,3675,HGNC:800,ATP1A2,OMIM:619605,Developmental and epileptic encephalopathy 98,HP:0000006,Autosomal dominant inheritance,Autosomal dominant,1,Yes,6/25/2022 19:43:06,Definitive,1,"1-HP:0000252,1-HP:0000252,1-HP:0000708,1-HP:0001249,1-HP:0001249,1-HP:0001250,1-HP:0001256,1-HP:0001256,1-HP:0002011,1-HP:0002011,1-HP:0002342,1-HP:0002342"
1629,3676,HGNC:30348,POLR3B,OMIM:619742,"Charcot-Marie-Tooth disease, demyelinating, type 1I",HP:0000006,Autosomal dominant inheritance,Autosomal dominant,1,Yes,6/25/2022 19:43:08,Definitive,1,"1-HP:0000252,1-HP:0000707,1-HP:0000707,1-HP:0000707,1-HP:0001249,1-HP:0001249,1-HP:0001249,1-HP:0001250,1-HP:0001250,1-HP:0001250,1-HP:0001256,1-HP:0001256,1-HP:0001256,1-HP:0002011,1-HP:0002011,1-HP:0002011,1-HP:0002342,1-HP:0002342,1-HP:0002342,1-HP:0010864,2-HP:0002376"
1630,3678,HGNC:801,ATP1A3,OMIM:619606,Developmental and epileptic encephalopathy 99,HP:0000006,Autosomal dominant inheritance,Autosomal dominant,1,Yes,6/25/2022 19:43:19,Definitive,1,"1-HP:0000252,1-HP:0001249,1-HP:0002011,1-HP:0011420"
1631,3679,HGNC:4787,H4C3,OMIM:619758,Tessadori-Bicknell-van Haaften neurodevelopmental syndrome 1,HP:0000006,Autosomal dominant inheritance,Autosomal dominant,1,Yes,6/25/2022 19:43:21,Definitive,1,"1-HP:0000252,1-HP:0000707,1-HP:0001249,1-HP:0001256,1-HP:0001999,1-HP:0004322,1-HP:0040064"
1632,3680,HGNC:29259,TAOK1,OMIM:619575,Developmental delay with or without intellectual impairment or behavioral abnormalities,HP:0000006,Autosomal dominant inheritance,Autosomal dominant,1,Yes,6/25/2022 19:43:26,Definitive,1,"1-HP:0000256,1-HP:0000256,1-HP:0000478,1-HP:0000707,1-HP:0000707,1-HP:0000708,1-HP:0000708,1-HP:0000924,1-HP:0001249,1-HP:0001249,1-HP:0001256,1-HP:0001256,1-HP:0001513,1-HP:0001999,1-HP:0002011,1-HP:0002342,1-HP:0002342,1-HP:0002715,4-HP:0004322"
1633,3682,HGNC:3208,EEF1B2,MONDO:0002254,syndromic disease,HP:0000007,Autosomal recessive inheritance,Autosomal recessive,1,Yes,6/25/2022 19:43:40,Definitive,1,"1-HP:0001249,4-HP:0001250"
1634,3683,HGNC:24124,ACTL6A,MONDO:0002254,syndromic disease,HP:0000006,Autosomal dominant inheritance,Autosomal dominant,1,Yes,6/25/2022 19:43:47,Definitive,1,"1-HP:0001249,1-HP:0001256,1-HP:0001574,1-HP:0001627,1-HP:0002011,1-HP:0002342"
1635,3685,HGNC:25287,LMBRD2,OMIM:619694,Developmental delay with variable neurologic and brain abnormalities,HP:0000006,Autosomal dominant inheritance,Autosomal dominant,1,Yes,6/25/2022 19:43:57,Definitive,1,"1-HP:0000252,1-HP:0000478,1-HP:0001249,1-HP:0001250,1-HP:0001256,1-HP:0002011,1-HP:0002342"
1636,3687,HGNC:6291,KCNN2,OMIM:619725,Neurodevelopmental disorder with or without variable movement or behavioral abnormalities,HP:0000006,Autosomal dominant inheritance,Autosomal dominant,1,Yes,6/25/2022 19:44:03,Definitive,1,"1-HP:0000707,1-HP:0000708,1-HP:0001249,1-HP:0001256,1-HP:0002011,4-HP:0001250"
1637,3688,HGNC:12499,UBE4A,OMIM:619639,Neurodevelopmental disorder with hypotonia and gross motor and speech delay,HP:0000007,Autosomal recessive inheritance,Autosomal recessive,1,Yes,6/25/2022 19:44:05,Definitive,1,"1-HP:0000707,1-HP:0000708,1-HP:0001249,1-HP:0001250,1-HP:0004322,1-HP:0010864"
1638,3690,HGNC:9200,POLRMT,OMIM:619743_2,Combined oxidative phosphorylation deficiency 55,HP:0000007,Autosomal recessive inheritance,Autosomal recessive,1,Yes,6/25/2022 19:44:11,Definitive,1,"1-HP:0000478,1-HP:0000707,1-HP:0001249,1-HP:0001256,1-HP:0002011,1-HP:0002342,1-HP:0003011,1-HP:0004322,2-HP:0002187"
1639,3691,HGNC:14063,HDAC4,OMIM:619797,Neurodevelopmental disorder with central hypotonia and dysmorphic facies,HP:0000006,Autosomal dominant inheritance,Autosomal dominant,1,Yes,6/25/2022 19:44:14,Definitive,1,"1-HP:0000478,1-HP:0000707,1-HP:0000924,1-HP:0001249,1-HP:0001250,1-HP:0001256,1-HP:0002011,1-HP:0002342"
1640,3692,HGNC:29046,FBXO28,OMIM:619777,Developmental and epileptic encephalopathy 100,HP:0000006,Autosomal dominant inheritance,Autosomal dominant,1,Yes,6/25/2022 19:44:26,Definitive,1,"1-HP:0000252,1-HP:0000707,1-HP:0000924,1-HP:0001249,1-HP:0001250,1-HP:0002011,1-HP:0002187,1-HP:0002376,1-HP:0010864"
1641,3693,HGNC:4764,H3-3A,OMIM:619720,Bryant-Li-Bhoj neurodevelopmental syndrome 1,HP:0000006,Autosomal dominant inheritance,Autosomal dominant,1,Yes,6/25/2022 19:44:29,Definitive,1,"1-HP:0000119,1-HP:0000119,1-HP:0000252,1-HP:0000252,1-HP:0000252,1-HP:0000478,1-HP:0000478,1-HP:0000707,1-HP:0000707,1-HP:0000707,1-HP:0000924,1-HP:0000924,1-HP:0000924,1-HP:0001249,1-HP:0001249,1-HP:0001249,1-HP:0001250,1-HP:0001250,1-HP:0001250,1-HP:0001256,1-HP:0001256,1-HP:0001513,1-HP:0001513,1-HP:0001999,1-HP:0001999,1-HP:0001999,1-HP:0002011,1-HP:0002011,1-HP:0002011,1-HP:0002270,1-HP:0002270,1-HP:0002342,1-HP:0002342,1-HP:0004322,1-HP:0004322,1-HP:0004322,2-HP:0000119,2-HP:0000119,2-HP:0000256,2-HP:0000256,2-HP:0000708,2-HP:0000708,2-HP:0001513,2-HP:0001513,2-HP:0001627,2-HP:0001627"
1642,3694,HGNC:4765,H3-3B,OMIM:619721,Bryant-Li-Bhoj neurodevelopmental syndrome 2,HP:0000006,Autosomal dominant inheritance,Autosomal dominant,1,Yes,6/25/2022 19:44:41,Definitive,1,"1-HP:0000119,1-HP:0000119,1-HP:0000252,1-HP:0000252,1-HP:0000252,1-HP:0000478,1-HP:0000478,1-HP:0000478,1-HP:0000707,1-HP:0000707,1-HP:0000707,1-HP:0000924,1-HP:0000924,1-HP:0000924,1-HP:0001249,1-HP:0001249,1-HP:0001249,1-HP:0001250,1-HP:0001250,1-HP:0001250,1-HP:0001256,1-HP:0001256,1-HP:0001513,1-HP:0001513,1-HP:0001999,1-HP:0001999,1-HP:0001999,1-HP:0002011,1-HP:0002011,1-HP:0002011,1-HP:0002270,1-HP:0002270,1-HP:0002342,1-HP:0002342,1-HP:0004322,1-HP:0004322,1-HP:0004322,2-HP:0000119,2-HP:0000119,2-HP:0000256,2-HP:0000256,2-HP:0000708,2-HP:0000708,2-HP:0001513,2-HP:0001513,2-HP:0001627,2-HP:0001627,4-HP:0002376,4-HP:0002376,4-HP:0002376,4-HP:0003676,4-HP:0003676,4-HP:0003676"
1643,3695,HGNC:14347,BCAS3,OMIM:619641,Hengel-Maroofian-Schols syndrome,HP:0000007,Autosomal recessive inheritance,Autosomal recessive,1,Yes,6/25/2022 19:44:44,Definitive,1,"1-HP:0000252,1-HP:0000478,1-HP:0000707,1-HP:0001249,1-HP:0001250,1-HP:0002011,1-HP:0004322,1-HP:0010864"
1644,3696,HGNC:15908,NAA20,OMIM:619717,"Intellectual developmental disorder, autosomal recessive 73",HP:0000007,Autosomal recessive inheritance,Autosomal recessive,1,Yes,6/25/2022 19:44:48,Definitive,1,"1-HP:0000252,1-HP:0000252,1-HP:0000707,1-HP:0000708,1-HP:0000924,1-HP:0001249,1-HP:0001249,1-HP:0001256,1-HP:0001999,1-HP:0002011,1-HP:0002342,1-HP:0002342,1-HP:0010864,2-HP:0001250,2-HP:0001627,4-HP:0000708,4-HP:0001627"
1645,3697,HGNC:25552,RNF220,OMIM:619688,"Leukodystrophy, hypomyelinating, 23, with ataxia, deafness, liver dysfunction, and dilated cardiomyopathy",HP:0000007,Autosomal recessive inheritance,Autosomal recessive,1,Yes,6/25/2022 19:44:50,Definitive,1,"1-HP:0000707,1-HP:0001249,1-HP:0001256,1-HP:0002011,1-HP:0002342,1-HP:0003011"
1646,3698,HGNC:8983,PI4KA,OMIM:619621,"Spastic paraplegia 84, autosomal recessive",HP:0000007,Autosomal recessive inheritance,Autosomal recessive,1,Yes,6/25/2022 19:44:52,Definitive,1,"1-HP:0000252,1-HP:0000252,1-HP:0000707,1-HP:0000707,1-HP:0001249,1-HP:0001249,1-HP:0001250,1-HP:0001250,1-HP:0002011,1-HP:0002011,1-HP:0002342,1-HP:0002342,1-HP:0004322,1-HP:0004322,1-HP:0010864,1-HP:0010864"
1647,3699,HGNC:28762,AFG2B,OMIM:619616,Neurodevelopmental disorder with hearing loss and spasticity,HP:0000007,Autosomal recessive inheritance,Autosomal recessive,1,Yes,6/25/2022 19:44:54,Definitive,1,"1-HP:0000252,1-HP:0000365,1-HP:0000478,1-HP:0000707,1-HP:0001249,1-HP:0001250,1-HP:0001256,1-HP:0002011,1-HP:0002342,2-HP:0002187,2-HP:0010864"
1648,3700,HGNC:13921,ABHD16A,OMIM:619735,"Spastic paraplegia 86, autosomal recessive",HP:0000007,Autosomal recessive inheritance,Autosomal recessive,1,Yes,6/25/2022 19:44:57,Definitive,1,"1-HP:0000707,1-HP:0001249,1-HP:0001256,1-HP:0002011,1-HP:0002342,1-HP:0002376,1-HP:0003676"
1649,3701,HGNC:17722,SPRED2,OMIM:619745,Noonan syndrome 14,HP:0000007,Autosomal recessive inheritance,Autosomal recessive,1,Yes,6/25/2022 19:45:00,Definitive,1,"1-HP:0000924,1-HP:0001249,1-HP:0001256,1-HP:0001627,1-HP:0004322"
1650,3702,HGNC:18078,ZBTB7A,OMIM:619769,"Macrocephaly, neurodevelopmental delay, lymphoid hyperplasia, and persistent fetal hemoglobin",HP:0000006,Autosomal dominant inheritance,Autosomal dominant,1,Yes,6/25/2022 19:45:02,Definitive,1,"1-HP:0000256,1-HP:0000708,1-HP:0001249,1-HP:0001256,1-HP:0001548,1-HP:0001871,1-HP:0002715"
1651,3703,HGNC:9894,RBL2,OMIM:619690,Brunet-Wagner neurodevelopmental syndrome,HP:0000007,Autosomal recessive inheritance,Autosomal recessive,1,Yes,6/25/2022 19:45:10,Definitive,1,"1-HP:0000252,1-HP:0000252,1-HP:0000252,1-HP:0000478,1-HP:0000478,1-HP:0000478,1-HP:0000707,1-HP:0000707,1-HP:0000707,1-HP:0000708,1-HP:0000708,1-HP:0000708,1-HP:0001249,1-HP:0001249,1-HP:0001249,1-HP:0001250,1-HP:0001250,1-HP:0001250,1-HP:0001999,1-HP:0001999,1-HP:0002011,1-HP:0002011,1-HP:0002011,1-HP:0002187,1-HP:0002342,1-HP:0002342,1-HP:0002342,1-HP:0004322,1-HP:0004322,1-HP:0010864,1-HP:0010864,1-HP:0010864,2-HP:0002376,2-HP:0002664,2-HP:0002664"
1652,3704,HGNC:19958,PRORP,OMIM:619737,Combined oxidative phosphorylation deficiency 54,HP:0000007,Autosomal recessive inheritance,Autosomal recessive,1,Yes,6/25/2022 19:45:13,Definitive,1,"1-HP:0000707,1-HP:0001249,1-HP:0001256,1-HP:0002011"
1653,3705,HGNC:25590,OGDHL,OMIM:619701,Yoon-Bellen neurodevelopmental syndrome,HP:0000007,Autosomal recessive inheritance,Autosomal recessive,1,Yes,6/25/2022 19:45:15,Definitive,1,"1-HP:0000365,1-HP:0000365,1-HP:0000478,1-HP:0000707,1-HP:0000707,1-HP:0000924,1-HP:0001249,1-HP:0001249,1-HP:0001250,1-HP:0001250,1-HP:0001999,1-HP:0002011,1-HP:0004322,3-HP:0002342,3-HP:0002342,4-HP:0002011,4-HP:0002011"
1654,3706,HGNC:201,ADAM22,OMIM:617933,Developmental and epileptic encephalopathy 61,HP:0000007,Autosomal recessive inheritance,Autosomal recessive,1,Yes,6/25/2022 19:45:25,Definitive,1,"1-HP:0000707,1-HP:0000708,1-HP:0001249,1-HP:0001250,1-HP:0001256,1-HP:0002011"
1655,3707,HGNC:12766,NSD2,OMIM:619695,Rauch-Steindl syndrome,HP:0000006,Autosomal dominant inheritance,Autosomal dominant,1,Yes,6/25/2022 19:45:32,Definitive,1,"1-HP:0000252,1-HP:0000252,1-HP:0000478,1-HP:0000478,1-HP:0000708,1-HP:0000708,1-HP:0000924,1-HP:0000924,1-HP:0001249,1-HP:0001249,1-HP:0001256,1-HP:0001256,1-HP:0002342,1-HP:0002342,1-HP:0004322,1-HP:0004322"
1656,3724,HGNC:14026,CSMD1,MONDO:0005071,nervous system disorders,HP:0000007,Autosomal recessive inheritance,Autosomal recessive,1,Yes,6/25/2022 19:48:01,Definitive,1,"1-HP:0000707,1-HP:0001249,1-HP:0001249,1-HP:0001250,1-HP:0001256,1-HP:0001999,1-HP:0002011,1-HP:0002342,1-HP:0006889,1-HP:0010864,2-HP:0000252,2-HP:0001250"
1657,3726,HGNC:2750,DHX9,MONDO:0001071,intellectual disability,HP:0000006,Autosomal dominant inheritance,Autosomal dominant,1,Yes,6/25/2022 19:48:10,Definitive,1,"1-HP:0000252,1-HP:0000707,1-HP:0000708,1-HP:0001249,1-HP:0001249,1-HP:0001250,1-HP:0001256,1-HP:0002011,1-HP:0002342,1-HP:0004322,1-HP:0006889,1-HP:0010864"
1658,3744,HGNC:26965,PTPMT1,MONDO:0001071,intellectual disability,HP:0000007,Autosomal recessive inheritance,Autosomal recessive,1,Yes,6/25/2022 19:48:49,Definitive,1,"1-HP:0000252,1-HP:0000365,1-HP:0000478,1-HP:0000707,1-HP:0001249,1-HP:0001249,1-HP:0001256,1-HP:0001939,1-HP:0001999,1-HP:0002011,1-HP:0002342,1-HP:0002376,1-HP:0003676,1-HP:0010864,1-HP:0011024,2-HP:0001250"
1659,3756,HGNC:60,ABCC9,OMIM:619719,Intellectual disability and myopathy syndrome,HP:0000007,Autosomal recessive inheritance,Autosomal recessive,1,Yes,6/25/2022 19:56:12,Definitive,1,"1-HP:0000252,1-HP:0000708,1-HP:0000924,1-HP:0001249,1-HP:0001249,1-HP:0001250,1-HP:0001256,1-HP:0001256,1-HP:0001999,1-HP:0001999,1-HP:0002011,1-HP:0002011,1-HP:0002342,1-HP:0002342,1-HP:0003011,1-HP:0003011,1-HP:0006889,1-HP:0010864,2-HP:0001627"
1660,3757,HGNC:6473,AFF3,OMIM:619297,KINSSHIP syndrome,HP:0000006,Autosomal dominant inheritance,Autosomal dominant,1,Yes,6/25/2022 19:56:13,Definitive,1,"1-HP:0000077,1-HP:0000077,1-HP:0000077,1-HP:0000119,1-HP:0000119,1-HP:0000119,1-HP:0000252,1-HP:0000252,1-HP:0000252,1-HP:0000924,1-HP:0000924,1-HP:0000924,1-HP:0001249,1-HP:0001249,1-HP:0001249,1-HP:0001250,1-HP:0001250,1-HP:0001250,1-HP:0001256,1-HP:0001256,1-HP:0001256,1-HP:0001574,1-HP:0001574,1-HP:0001574,1-HP:0001999,1-HP:0001999,1-HP:0001999,1-HP:0002011,1-HP:0002011,1-HP:0002011,1-HP:0002342,1-HP:0002342,1-HP:0002342,1-HP:0004322,1-HP:0004322,1-HP:0004322,1-HP:0011024,1-HP:0011024,1-HP:0011024"
1661,3758,HGNC:800,ATP1A2,OMIM:619602,"Fetal akinesia, respiratory insufficiency, microcephaly, polymicrogyria, and dysmorphic facies",HP:0000007,Autosomal recessive inheritance,Autosomal recessive,1,Yes,6/25/2022 19:56:14,Definitive,1,"1-HP:0001249,1-HP:0002011,1-HP:0002342,1-HP:0010864,1-HP:0011420"
1662,3759,HGNC:11098,SMARCA2,OMIM:619293,Blepharophimosis-impaired intellectual development syndrome,HP:0000006,Autosomal dominant inheritance,Autosomal dominant,1,Yes,6/25/2022 19:56:14,Definitive,1,"1-HP:0000252,1-HP:0000478,1-HP:0000707,1-HP:0000708,1-HP:0000924,1-HP:0001249,1-HP:0001256,1-HP:0001999,1-HP:0002342"
1663,3761,HGNC:8768,AIFM1,OMIM:300232,"Spondyloepimetaphyseal dysplasia, X-linked, with hypomyelinating leukodystrophy",HP:0001417,X-linked other inheritance,X-linked,1,Yes,10/10/2022 15:52:32,Definitive,1,"1-HP:0000478,1-HP:0000707,1-HP:0000924,1-HP:0001256,1-HP:0002011,1-HP:0002376,1-HP:0003676,1-HP:0004322,1-HP:0006889"
1664,3763,HGNC:6556,LETM1,MONDO:0044970,mitochondrial disease,HP:0000007,Autosomal recessive inheritance,Autosomal recessive,1,Yes,10/11/2022 12:44:42,Definitive,1,"1-HP:0000365,1-HP:0000365,1-HP:0000365,1-HP:0000478,1-HP:0000478,1-HP:0000478,1-HP:0000707,1-HP:0000707,1-HP:0000707,1-HP:0000818,1-HP:0000818,1-HP:0000818,1-HP:0001249,1-HP:0001249,1-HP:0001249,1-HP:0001250,1-HP:0001250,1-HP:0001250,1-HP:0001939,1-HP:0001939,1-HP:0001939,1-HP:0001999,1-HP:0001999,1-HP:0001999,1-HP:0002376,1-HP:0002376,1-HP:0002376,1-HP:0003011,1-HP:0003011,1-HP:0003011,1-HP:0003676,1-HP:0003676,1-HP:0003676,1-HP:0004322,1-HP:0004322,1-HP:0004322,1-HP:0011420,1-HP:0011420,1-HP:0011420,1-HP:0012103,1-HP:0012103,1-HP:0012103"
1665,3772,HGNC:9957,RELN,MONDO:0020022,central nervous system malformation,HP:0000006,Autosomal dominant inheritance,Autosomal dominant,1,Yes,10/12/2022 14:10:19,Definitive,1,"1-HP:0000708,1-HP:0001249,1-HP:0001250,1-HP:0001256,1-HP:0002011,1-HP:0002187,1-HP:0002342,1-HP:0006889,1-HP:0010864"
1666,3775,HGNC:23386,MYCBP2,MONDO:0001071,intellectual disability,HP:0000006,Autosomal dominant inheritance,Autosomal dominant,1,Yes,10/12/2022 14:30:48,Definitive,1,"1-HP:0000478,1-HP:0000708,1-HP:0001249,1-HP:0001256,1-HP:0001999,1-HP:0002187,1-HP:0002342,1-HP:0006889,1-HP:0010864,2-HP:0000365,2-HP:0001250"
1667,3779,HGNC:20973,ADGRL1,OMIM:620065,"Developmental delay, behavioral abnormalities, and neuropsychiatric disorders",HP:0000006,Autosomal dominant inheritance,Autosomal dominant,1,Yes,10/13/2022 16:29:22,Definitive,1,"1-HP:0000256,1-HP:0000708,1-HP:0001249,1-HP:0001250,1-HP:0001256,1-HP:0002342,1-HP:0006889,2-HP:0001250"
1668,3780,HGNC:28662,DOHH,OMIM:620066,"Neurodevelopmental disorder with microcephaly, cerebral atrophy, and visual impairment",HP:0000007,Autosomal recessive inheritance,Autosomal recessive,1,Yes,10/13/2022 16:30:14,Definitive,1,"1-HP:0000252,1-HP:0000478,1-HP:0000707,1-HP:0000708,1-HP:0001249,1-HP:0001250,1-HP:0001627,1-HP:0001999,1-HP:0002011,1-HP:0002715,1-HP:0004322,2-HP:0001999,3-HP:0002715"
1669,3781,HGNC:9249,PPFIBP1,OMIM:620024,"Neurodevelopmental disorder with seizures, microcephaly, and brain abnormalities",HP:0000007,Autosomal recessive inheritance,Autosomal recessive,1,Yes,10/13/2022 16:30:35,Definitive,1,"1-HP:0000252,1-HP:0000478,1-HP:0000707,1-HP:0001249,1-HP:0001250,1-HP:0001627,1-HP:0002011,1-HP:0002187,1-HP:0002342,1-HP:0004322,1-HP:0010864"
1670,3782,HGNC:17300,TAF8,OMIM:619972,"Neurodevelopmental disorder with severe motor impairment, absent language, cerebral hypomyelination, and brain atrophy",HP:0000007,Autosomal recessive inheritance,Autosomal recessive,1,Yes,10/13/2022 16:31:05,Definitive,1,"1-HP:0000252,1-HP:0000252,1-HP:0000707,1-HP:0000707,1-HP:0001249,1-HP:0001249,1-HP:0001250,1-HP:0001250,1-HP:0001999,1-HP:0001999,1-HP:0002011,1-HP:0002011,1-HP:0002187,1-HP:0002187,1-HP:0003676,1-HP:0004322,1-HP:0004322,1-HP:0010864,1-HP:0010864"
1671,3783,HGNC:23787,TMEM63C,OMIM:619966,"Spastic paraplegia 87, autosomal recessive",HP:0000007,Autosomal recessive inheritance,Autosomal recessive,1,Yes,10/13/2022 16:31:29,Definitive,1,"1-HP:0000707,1-HP:0001249,1-HP:0001256,1-HP:0003011,1-HP:0006889"
1672,3784,HGNC:3061,DTYMK,OMIM:619847,"Neurodegeneration, childhood-onset, with progressive microcephaly",HP:0000007,Autosomal recessive inheritance,Autosomal recessive,1,Yes,10/14/2022 11:52:16,Definitive,1,"1-HP:0000252,1-HP:0000707,1-HP:0001249,1-HP:0001250,1-HP:0002011,1-HP:0004322,1-HP:0010864,1-HP:0011420"
1673,3785,HGNC:26087,HEATR3,OMIM:620072,Diamond-Blackfan anemia 21,HP:0000007,Autosomal recessive inheritance,Autosomal recessive,1,Yes,10/14/2022 11:53:07,Definitive,1,"1-HP:0000924,1-HP:0001249,1-HP:0001256,1-HP:0001871,1-HP:0004322"
1674,3786,HGNC:26974,PDZD8,OMIM:620021,Intellectual developmental disorder with autism and dysmorphic facies,HP:0000007,Autosomal recessive inheritance,Autosomal recessive,1,Yes,10/14/2022 11:55:37,Definitive,1,"1-HP:0000708,1-HP:0001249,1-HP:0001250,1-HP:0001999,1-HP:0002342,1-HP:0010864"
1675,3788,HGNC:2326,CPSF3,OMIM:619876,"Neurodevelopmental disorder with microcephaly, hypotonia, nystagmus, and seizures",HP:0000007,Autosomal recessive inheritance,Autosomal recessive,1,Yes,10/14/2022 11:59:02,Definitive,1,"1-HP:0000119,1-HP:0000252,1-HP:0000478,1-HP:0000707,1-HP:0001249,1-HP:0001250,1-HP:0002011,1-HP:0002715,1-HP:0010864"
1676,3789,HGNC:1937,CHKA,OMIM:620023,"Neurodevelopmental disorder with microcephaly, movement abnormalities, and seizures",HP:0000007,Autosomal recessive inheritance,Autosomal recessive,1,Yes,10/14/2022 12:01:31,Definitive,1,"1-HP:0000252,1-HP:0000478,1-HP:0000707,1-HP:0000708,1-HP:0000924,1-HP:0001249,1-HP:0001250,1-HP:0002011,1-HP:0004322,1-HP:0010864"
1677,3790,HGNC:4327,GLRA2,OMIM:301076,"Intellectual developmental disorder, X-linked syndromic, Pilorge type",HP:0001417,X-linked other inheritance,X-linked,1,Yes,10/14/2022 12:03:58,Definitive,1,"1-HP:0000252,1-HP:0000478,1-HP:0000708,1-HP:0001249,1-HP:0001250,1-HP:0001256,1-HP:0002011,1-HP:0002342"
1678,3791,HGNC:11868,TRAPPC10,OMIM:620027,"Neurodevelopmental disorder with microcephaly, short stature, and speech delay",HP:0000007,Autosomal recessive inheritance,Autosomal recessive,1,Yes,10/14/2022 12:05:45,Definitive,1,"1-HP:0000252,1-HP:0000478,1-HP:0000707,1-HP:0000708,1-HP:0001249,1-HP:0001250,1-HP:0004322,1-HP:0010864"
1679,3792,HGNC:7994,NRCAM,OMIM:619833,Neurodevelopmental disorder with neuromuscular and skeletal abnormalities,HP:0000007,Autosomal recessive inheritance,Autosomal recessive,1,Yes,10/14/2022 12:07:26,Definitive,1,"1-HP:0000119,1-HP:0000119,1-HP:0000252,1-HP:0000252,1-HP:0000365,1-HP:0000365,1-HP:0000478,1-HP:0000478,1-HP:0000707,1-HP:0000707,1-HP:0000924,1-HP:0000924,1-HP:0001249,1-HP:0001249,1-HP:0001256,1-HP:0001256,1-HP:0001999,1-HP:0001999,1-HP:0002342,1-HP:0002342"
1680,3793,HGNC:814,ATP2B1,OMIM:619910,"Intellectual developmental disorder, autosomal dominant 66",HP:0000006,Autosomal dominant inheritance,Autosomal dominant,1,Yes,10/14/2022 12:08:20,Definitive,1,"1-HP:0000924,1-HP:0000924,1-HP:0001249,1-HP:0001249,1-HP:0001250,1-HP:0001250,1-HP:0001256,1-HP:0001256,1-HP:0001627,1-HP:0001627,1-HP:0001999,1-HP:0001999"
1681,3794,HGNC:23807,THUMPD1,OMIM:619989,Neurodevelopmental disorder with speech delay and variable ocular anomalies,HP:0000007,Autosomal recessive inheritance,Autosomal recessive,1,Yes,10/14/2022 12:09:14,Definitive,1,"1-HP:0000252,1-HP:0000365,1-HP:0000478,1-HP:0000708,1-HP:0000924,1-HP:0001249,1-HP:0001999,1-HP:0002011,3-HP:0001256"
1682,3795,HGNC:11805,TIAM1,OMIM:619908,Neurodevelopmental disorder with language delay and seizures,HP:0000007,Autosomal recessive inheritance,Autosomal recessive,1,Yes,10/14/2022 12:10:20,Definitive,1,"1-HP:0000708,1-HP:0000818,1-HP:0001249,1-HP:0001250,1-HP:0002011,1-HP:0010864"
1683,3796,HGNC:16712,FBXW7,OMIM:620012,"Developmental delay, hypotonia, and impaired language",HP:0000006,Autosomal dominant inheritance,Autosomal dominant,1,Yes,10/14/2022 12:11:19,Definitive,1,"1-HP:0000256,1-HP:0000256,1-HP:0000707,1-HP:0000707,1-HP:0001249,1-HP:0001249,1-HP:0001250,1-HP:0001250,1-HP:0001627,1-HP:0001627,1-HP:0002011,1-HP:0002011,3-HP:0006889,3-HP:0006889"
1684,3797,HGNC:6234,KCNC2,OMIM:619913,Developmental and epileptic encephalopathy 103,HP:0000006,Autosomal dominant inheritance,Autosomal dominant,1,Yes,10/14/2022 12:13:43,Definitive,1,"1-HP:0000707,1-HP:0001249,1-HP:0001250"
1685,3798,HGNC:2232,COPB2,OMIM:619884,"Osteoporosis, childhood- or juvenile-onset, with developmental delay",HP:0000006,Autosomal dominant inheritance,Autosomal dominant,1,Yes,10/14/2022 12:15:18,Definitive,1,1-HP:0001249
1686,3799,HGNC:18044,SLC38A3,OMIM:619881,Developmental and epileptic encephalopathy 102,HP:0000007,Autosomal recessive inheritance,Autosomal recessive,1,Yes,10/14/2022 12:16:17,Definitive,1,"1-HP:0000708,1-HP:0001249,1-HP:0001250,1-HP:0001256,1-HP:0002342"
1687,3800,HGNC:15736,HID1,OMIM:619983,Developmental and epileptic encephalopathy 105 with hypopituitarism,HP:0000007,Autosomal recessive inheritance,Autosomal recessive,1,Yes,10/14/2022 12:18:15,Definitive,1,"1-HP:0000252,1-HP:0000707,1-HP:0000818,1-HP:0001249,1-HP:0001250,1-HP:0001999,1-HP:0002011,1-HP:0002342,1-HP:0004322,1-HP:0010864,1-HP:0011420"
1688,3801,HGNC:16816,CHD5,OMIM:619873,Parenti-Mignot neurodevelopmental syndrome,HP:0000006,Autosomal dominant inheritance,Autosomal dominant,1,Yes,10/14/2022 12:19:44,Definitive,1,"1-HP:0000708,1-HP:0000924,1-HP:0001249,1-HP:0001250,1-HP:0001256,1-HP:0001999,1-HP:0002342"
1689,3802,HGNC:30661,UBA2,OMIM:619959,ACCES syndrome,HP:0000006,Autosomal dominant inheritance,Autosomal dominant,1,Yes,10/14/2022 12:21:11,Definitive,1,1-HP:0001249
1690,3803,HGNC:9099,PLXNA1,OMIM:619955,Dworschak-Punetha neurodevelopmental syndrome,HP:0000007,Autosomal recessive inheritance,Autosomal recessive,1,Yes,10/14/2022 12:22:06,Definitive,1,"1-HP:0000202,1-HP:0000478,1-HP:0000707,1-HP:0000924,1-HP:0001249,1-HP:0001627,1-HP:0001999"
1691,3804,HGNC:15772,ARFGEF1,OMIM:619964,"Developmental delay, impaired speech, and behavioral abnormalities, with or without seizures",HP:0000006,Autosomal dominant inheritance,Autosomal dominant,1,Yes,10/14/2022 12:23:58,Definitive,1,"1-HP:0000252,1-HP:0000478,1-HP:0000707,1-HP:0000707,1-HP:0000708,1-HP:0001249,1-HP:0001249,1-HP:0001250,1-HP:0001250,1-HP:0001256,1-HP:0001871,1-HP:0001939,1-HP:0001999,1-HP:0002011,1-HP:0002342,1-HP:0002342,1-HP:0002376,1-HP:0003676,1-HP:0010864,1-HP:0010864,1-HP:0011420"
1692,3805,HGNC:8717,PCDHGC4,OMIM:619880,Neurodevelopmental disorder with poor growth and skeletal anomalies,HP:0000007,Autosomal recessive inheritance,Autosomal recessive,1,Yes,10/14/2022 12:25:10,Definitive,1,1-HP:0001249
1693,3808,HGNC:9390,PRKAR1B,OMIM:619680,Marbach-Schaaf neurodevelopmental syndrome,HP:0000006,Autosomal dominant inheritance,Autosomal dominant,1,Yes,10/14/2022 12:28:54,Definitive,1,"1-HP:0000707,1-HP:0000707,1-HP:0000708,1-HP:0000708,1-HP:0001249,1-HP:0001249,1-HP:0001256,1-HP:0001256,1-HP:0002342,1-HP:0002342,2-HP:0002376,2-HP:0003676"
1694,3809,HGNC:29185,PLCH1,OMIM:619895,Holoprosencephaly 14,HP:0000007,Autosomal recessive inheritance,Autosomal recessive,1,Yes,10/14/2022 12:30:40,Definitive,1,"1-HP:0000708,1-HP:0001249,1-HP:0001250,1-HP:0001256,2-HP:0004322"
1695,3810,HGNC:6889,MAPKAPK5,OMIM:619869,Neurocardiofaciodigital syndrome,HP:0000007,Autosomal recessive inheritance,Autosomal recessive,1,Yes,10/14/2022 12:31:38,Definitive,1,"1-HP:0000252,1-HP:0000252,1-HP:0000365,1-HP:0000365,1-HP:0000478,1-HP:0000924,1-HP:0000924,1-HP:0001249,1-HP:0001249,1-HP:0001250,1-HP:0001250,1-HP:0001256,1-HP:0001627,1-HP:0001627,1-HP:0001999,1-HP:0001999,1-HP:0002011,1-HP:0002011,1-HP:0002187,1-HP:0002342,1-HP:0004322,1-HP:0004322,1-HP:0010864,1-HP:0040064,1-HP:0040064,3-HP:0000077,3-HP:0000708"
1696,3811,HGNC:25640,UFSP2,OMIM:620028,Developmental and epileptic encephalopathy 106,HP:0000007,Autosomal recessive inheritance,Autosomal recessive,1,Yes,10/14/2022 12:33:03,Definitive,1,"1-HP:0000252,1-HP:0000478,1-HP:0000707,1-HP:0001249,1-HP:0001250,1-HP:0002342,1-HP:0004322,1-HP:0010864"
1697,3812,HGNC:15751,NAPB,OMIM:620033,Developmental and epileptic encephalopathy 107,HP:0000007,Autosomal recessive inheritance,Autosomal recessive,1,Yes,10/14/2022 12:36:04,Definitive,1,"1-HP:0000252,1-HP:0000252,1-HP:0000252,1-HP:0000707,1-HP:0000707,1-HP:0000707,1-HP:0000708,1-HP:0000708,1-HP:0001249,1-HP:0001249,1-HP:0001249,1-HP:0001250,1-HP:0001250,1-HP:0001250,1-HP:0002187,1-HP:0002187,1-HP:0002187,1-HP:0002376,1-HP:0010864,1-HP:0010864,2-HP:0002376,2-HP:0011420"
1698,3813,HGNC:8049,NUDT2,OMIM:619844,Intellectual developmental disorder with or without peripheral neuropathy,HP:0000007,Autosomal recessive inheritance,Autosomal recessive,1,Yes,10/14/2022 12:37:47,Definitive,1,"1-HP:0000252,1-HP:0000707,1-HP:0000707,1-HP:0001249,1-HP:0001249,1-HP:0001256,1-HP:0001256,1-HP:0001999,1-HP:0001999,1-HP:0002011,1-HP:0002011,1-HP:0003011,2-HP:0000252,3-HP:0004322"
1699,3815,HGNC:11752,TFE3,OMIM:301066,"Intellectual developmental disorder, X-linked syndromic, with pigmentary mosaicism and coarse facies",HP:0001417,X-linked other inheritance,X-linked,1,Yes,10/14/2022 12:46:09,Definitive,1,"1-HP:0001249,1-HP:0001250,1-HP:0001574,1-HP:0001999,1-HP:0004322,1-HP:0010864"
1700,3816,HGNC:1738,CDC42BPB,OMIM:619841,Chilton-Okur-Chung neurodevelopmental syndrome,HP:0000006,Autosomal dominant inheritance,Autosomal dominant,1,Yes,10/14/2022 12:47:06,Definitive,1,"1-HP:0000708,1-HP:0001249,1-HP:0001256,1-HP:0002011,1-HP:0002342,2-HP:0000707,2-HP:0001250"
1701,3817,HGNC:1165,DAGLA,MONDO:0001071,intellectual disability,HP:0000006,Autosomal dominant inheritance,Autosomal dominant,1,Yes,10/14/2022 15:49:44,Definitive,1,"1-HP:0000478,1-HP:0000707,1-HP:0001249,1-HP:0002011"
1702,3818,HGNC:3798,FOSL2,MONDO:0002254,syndromic disease,HP:0000006,Autosomal dominant inheritance,Autosomal dominant,1,Yes,10/14/2022 17:01:31,Definitive,1,"1-HP:0000478,1-HP:0000708,1-HP:0000924,1-HP:0001249,1-HP:0001249,1-HP:0001256,1-HP:0001574,1-HP:0002342,1-HP:0004322,1-HP:0006889,1-HP:0010864,2-HP:0001250"
1703,3820,HGNC:17155,RABGAP1,MONDO:0001071,intellectual disability,HP:0000007,Autosomal recessive inheritance,Autosomal recessive,1,Yes,10/17/2022 9:47:07,Definitive,1,"1-HP:0000252,1-HP:0000365,1-HP:0000707,1-HP:0000708,1-HP:0001249,1-HP:0001999,1-HP:0002011,1-HP:0010864,3-HP:0001250"
1704,3821,HGNC:9397,ZMYND8,MONDO:0001071,intellectual disability,HP:0000006,Autosomal dominant inheritance,Autosomal dominant,1,Yes,10/17/2022 9:53:55,Definitive,1,"1-HP:0000365,1-HP:0000478,1-HP:0000708,1-HP:0000924,1-HP:0001249,1-HP:0001250,1-HP:0001256,1-HP:0001627,1-HP:0001999,1-HP:0002187,1-HP:0002342,1-HP:0004322,1-HP:0006889,1-HP:0010864"
1705,3822,HGNC:14543,WNK3,MONDO:0001071,intellectual disability,HP:0001419,X-linked recessive inheritance,X-linked,1,Yes,10/17/2022 15:12:31,Definitive,1,"1-HP:0000252,1-HP:0000707,1-HP:0000708,1-HP:0001249,1-HP:0001999,1-HP:0002011"
1706,3823,HGNC:28199,BUD13,MONDO:0002254,syndromic disease,HP:0000007,Autosomal recessive inheritance,Autosomal recessive,1,Yes,10/17/2022 15:21:36,Definitive,1,"1-HP:0000252,1-HP:0000365,1-HP:0000478,1-HP:0000707,1-HP:0000924,1-HP:0001249,1-HP:0001574,1-HP:0001627,1-HP:0001999,1-HP:0004322,1-HP:0011024,1-HP:0011420,2-HP:0001939,3-HP:0001249"
1707,3833,HGNC:2740,DDX17,MONDO:0001071,intellectual disability,HP:0000006,Autosomal dominant inheritance,Autosomal dominant,1,Yes,10/18/2022 10:00:55,Definitive,1,"1-HP:0000478,1-HP:0000707,1-HP:0000708,1-HP:0000924,1-HP:0001249,1-HP:0001249,1-HP:0001256,1-HP:0001999,1-HP:0002342,1-HP:0006889"
1708,3836,HGNC:18410,ZNF292,OMIM:619188,"Intellectual developmental disorder, autosomal dominant 64",HP:0000006,Autosomal dominant inheritance,Autosomal dominant,1,Yes,10/18/2022 10:58:00,Definitive,1,"1-HP:0000478,1-HP:0000708,1-HP:0001249,1-HP:0001256,1-HP:0001627,1-HP:0001999,1-HP:0002011,1-HP:0002342,1-HP:0004322,1-HP:0011024"
1709,3838,HGNC:16850,CTR9,MONDO:0001071,intellectual disability,HP:0000006,Autosomal dominant inheritance,Autosomal dominant,1,Yes,10/18/2022 13:01:07,Definitive,1,"1-HP:0000707,1-HP:0000707,1-HP:0000708,1-HP:0000708,1-HP:0001249,1-HP:0001249,1-HP:0001256,1-HP:0001256,1-HP:0001999,1-HP:0001999,1-HP:0002270,1-HP:0002270,1-HP:0002342,1-HP:0002342,1-HP:0006889,1-HP:0006889,1-HP:0010864,1-HP:0010864,2-HP:0000256,2-HP:0002376,2-HP:0002376,3-HP:0000924,3-HP:0000924"
1710,3839,HGNC:24270,DPH5,OMIM:620070,"Neurodevelopmental disorder with short stature, prominent forehead, and feeding difficulties",HP:0000007,Autosomal recessive inheritance,Autosomal recessive,1,Yes,10/18/2022 13:21:43,Definitive,1,"1-HP:0000707,1-HP:0001249,1-HP:0001250,1-HP:0001627,1-HP:0001999,1-HP:0002011,1-HP:0002187,1-HP:0004322,3-HP:0003011,3-HP:0011024"
1711,3845,HGNC:28957,EMC1,MONDO:0001071,intellectual disability,HP:0000006,Autosomal dominant inheritance,Autosomal dominant,1,Yes,10/19/2022 6:36:22,Definitive,1,"1-HP:0000478,1-HP:0000707,1-HP:0000924,1-HP:0001249,1-HP:0001250,1-HP:0002011,1-HP:0002187,1-HP:0010864"
1712,3852,HGNC:2945,DNAH14,MONDO:0005071,nervous system disorders,HP:0000007,Autosomal recessive inheritance,Autosomal recessive,1,Yes,10/19/2022 7:46:53,Definitive,1,"1-HP:0000707,1-HP:0000707,1-HP:0000707,1-HP:0001249,1-HP:0001249,1-HP:0001249,1-HP:0001250"
1713,3855,HGNC:25056,KLHL20,MONDO:0001071,intellectual disability,HP:0000006,Autosomal dominant inheritance,Autosomal dominant,1,Yes,10/19/2022 8:07:28,Definitive,1,"1-HP:0000707,1-HP:0000708,1-HP:0001249,1-HP:0001250,1-HP:0001256,1-HP:0001999,1-HP:0002011,1-HP:0002342,1-HP:0010864,1-HP:0011024,3-HP:0000924"
1714,3858,HGNC:2460,CSNK2B,MONDO:0002254,syndromic disease,HP:0000006,Autosomal dominant inheritance,Autosomal dominant,1,Yes,10/19/2022 19:14:13,Definitive,1,"1-HP:0000924,1-HP:0001249,1-HP:0001574,1-HP:0001627,1-HP:0001999,2-HP:0001250"
1715,3860,HGNC:16974,SRCAP,OMIM:619595,"Developmental delay, hypotonia, musculoskeletal defects, and behavioral abnormalities",HP:0000006,Autosomal dominant inheritance,Autosomal dominant,1,Yes,10/20/2022 9:53:24,Definitive,1,"1-HP:0000478,1-HP:0000478,1-HP:0000478,1-HP:0000707,1-HP:0000707,1-HP:0000707,1-HP:0000708,1-HP:0000708,1-HP:0000708,1-HP:0001249,1-HP:0001249,1-HP:0001249,1-HP:0001250,1-HP:0001250,1-HP:0001250,1-HP:0001999,1-HP:0001999,1-HP:0001999,1-HP:0002011,1-HP:0002011,1-HP:0002011,1-HP:0002715,1-HP:0002715,1-HP:0002715,1-HP:0004322,1-HP:0004322,1-HP:0004322,3-HP:0006889,3-HP:0006889,3-HP:0006889"
1716,3861,HGNC:10582,SCN10A,MONDO:0001071,intellectual disability,HP:0000007,Autosomal recessive inheritance,Autosomal recessive,1,Yes,10/20/2022 16:20:46,Definitive,1,"1-HP:0000707,1-HP:0000707,1-HP:0001249,1-HP:0001249,1-HP:0001250,1-HP:0002342,1-HP:0002342,1-HP:0003011,1-HP:0003676,1-HP:0010864,1-HP:0010864,1-HP:0011420,2-HP:0002376,2-HP:0003011,2-HP:0003676,2-HP:0004322,2-HP:0011420,3-HP:0000708,3-HP:0001250"
1717,3862,HGNC:24641,VPS35L,OMIM:619135,Ritscher-Schinzel syndrome 3,HP:0000007,Autosomal recessive inheritance,Autosomal recessive,1,Yes,10/22/2022 17:01:44,Definitive,1,"1-HP:0000478,1-HP:0000707,1-HP:0000924,1-HP:0001249,1-HP:0001249,1-HP:0001627,1-HP:0001939,1-HP:0001999,1-HP:0002011,1-HP:0004322,1-HP:0040064"
1718,3865,HGNC:3595,FAT1,MONDO:0002254,syndromic disease,HP:0000007,Autosomal recessive inheritance,Autosomal recessive,1,Yes,10/23/2022 16:06:54,Definitive,1,"1-HP:0000119,1-HP:0000478,1-HP:0001249,1-HP:0001999,1-HP:0040064"
1719,3867,HGNC:11465,SUPT16H,OMIM:619480,Neurodevelopmental disorder with dysmorphic facies and thin corpus callosum,HP:0000006,Autosomal dominant inheritance,Autosomal dominant,1,Yes,10/23/2022 16:23:55,Definitive,1,"1-HP:0000708,1-HP:0000708,1-HP:0001249,1-HP:0001249,1-HP:0001250,1-HP:0001250,1-HP:0001256,1-HP:0001256,1-HP:0001999,1-HP:0001999,1-HP:0002011,1-HP:0002011,1-HP:0011024,1-HP:0011024,2-HP:0001627,2-HP:0001627,2-HP:0002270,2-HP:0002270"
1720,3869,HGNC:10298,RPL10,OMIM:300998,"Intellectual developmental disorder, X-linked syndromic 35",HP:0001417,X-linked other inheritance,X-linked,1,Yes,10/26/2022 13:50:05,Definitive,1,"1-HP:0000119,1-HP:0000252,1-HP:0000365,1-HP:0000478,1-HP:0000707,1-HP:0000708,1-HP:0000708,1-HP:0001249,1-HP:0001249,1-HP:0001250,1-HP:0001256,1-HP:0001256,1-HP:0002342,1-HP:0002342,1-HP:0010864,1-HP:0011024"
1721,3874,HGNC:2989,DOCK3,OMIM:618292,"Neurodevelopmental disorder with impaired intellectual development, hypotonia, and ataxia",HP:0000007,Autosomal recessive inheritance,Autosomal recessive,1,Yes,10/27/2022 8:52:34,Definitive,1,"1-HP:0000707,1-HP:0001249,1-HP:0001249,1-HP:0001999,2-HP:0002011"
1722,3875,HGNC:7981,NR4A2,OMIM:619911,Intellectual developmental disorder with language impairment and early-onset DOPA-responsive dystonia-parkinsonism,HP:0000006,Autosomal dominant inheritance,Autosomal dominant,1,Yes,10/28/2022 9:08:41,Definitive,1,"1-HP:0000707,1-HP:0000707,1-HP:0000707,1-HP:0000708,1-HP:0000708,1-HP:0000708,1-HP:0001249,1-HP:0001249,1-HP:0001249,1-HP:0001250,1-HP:0001250,1-HP:0001250,1-HP:0001256,1-HP:0001256,1-HP:0001256,1-HP:0002342,1-HP:0002342,1-HP:0010864,1-HP:0010864"
1723,3876,HGNC:4389,GNAO1,OMIM:617493,Neurodevelopmental disorder with involuntary movements,HP:0000006,Autosomal dominant inheritance,Autosomal dominant,1,Yes,10/31/2022 18:29:04,Definitive,1,"1-HP:0000707,1-HP:0000707,1-HP:0000707,1-HP:0001249,1-HP:0001249,1-HP:0001249,1-HP:0001250,1-HP:0001250,1-HP:0001250,1-HP:0001256,1-HP:0001256,1-HP:0002011,1-HP:0002011,1-HP:0002011,1-HP:0002187,1-HP:0002187,1-HP:0002342,1-HP:0002342,1-HP:0002376,1-HP:0002376,1-HP:0002376,1-HP:0003676,1-HP:0003676,1-HP:0003676,1-HP:0010864,1-HP:0010864"
1724,3877,HGNC:13610,KDM2B,MONDO:0001071,intellectual disability,HP:0000006,Autosomal dominant inheritance,Autosomal dominant,1,Yes,11/7/2022 13:23:59,Definitive,1,"1-HP:0000707,1-HP:0000707,1-HP:0000708,1-HP:0000708,1-HP:0001249,1-HP:0001249,1-HP:0001256,1-HP:0001256,1-HP:0001627,1-HP:0001627,1-HP:0002342,1-HP:0002342,1-HP:0006889,1-HP:0006889,1-HP:0010864,1-HP:0010864,2-HP:0000077,2-HP:0000077,2-HP:0000252,2-HP:0000252,2-HP:0001250,2-HP:0001250,2-HP:0004322,2-HP:0004322"
1725,3878,HGNC:2348,CREBBP,OMIM:618332,Menke-Hennekam syndrome 1,HP:0000006,Autosomal dominant inheritance,Autosomal dominant,1,Yes,11/7/2022 15:22:56,Definitive,1,"1-HP:0000119,1-HP:0000119,1-HP:0000252,1-HP:0000252,1-HP:0000365,1-HP:0000365,1-HP:0000478,1-HP:0000478,1-HP:0000708,1-HP:0000708,1-HP:0001249,1-HP:0001249,1-HP:0001999,1-HP:0001999,1-HP:0002011,1-HP:0002011,1-HP:0002715,1-HP:0002715,1-HP:0004322,1-HP:0004322,3-HP:0001250,3-HP:0001250"
1726,3879,HGNC:3373,EP300,OMIM:618333,Menke-Hennekam syndrome 2,HP:0000006,Autosomal dominant inheritance,Autosomal dominant,1,Yes,11/13/2022 9:32:51,Definitive,1,"1-HP:0000478,1-HP:0000708,1-HP:0000708,1-HP:0000924,1-HP:0001249,1-HP:0001249,1-HP:0001999,1-HP:0002715,1-HP:0002715,1-HP:0006889,1-HP:0011024,1-HP:0011024,2-HP:0000365,2-HP:0000365"
1727,3884,HGNC:4877,HESX1,OMIM:182230_6,Septooptic dysplasia,HP:0000006,Autosomal dominant inheritance,Autosomal dominant,1,Yes,2/3/2023 10:53:50,Definitive,1,"1-HP:0000365,1-HP:0000478,1-HP:0000707,1-HP:0000818,1-HP:0001249,1-HP:0001250,1-HP:0002011,2-HP:0001513"
1728,3885,HGNC:4800,HSD17B10,OMIM:300438,HSD10 mitochondrial disease,HP:0001417,X-linked other inheritance,X-linked,1,Yes,2/6/2023 14:13:44,Definitive,1,"1-HP:0000365,1-HP:0000478,1-HP:0000707,1-HP:0000708,1-HP:0001249,1-HP:0001250,1-HP:0001627,1-HP:0001939,1-HP:0002376,1-HP:0003676,1-HP:0012103,2-HP:0011420"
1729,3888,HGNC:8148,OPHN1,OMIM:300486,"Intellectual developmental disorder, X-linked syndromic, Billuart type",HP:0001417,X-linked other inheritance,X-linked,1,Yes,4/6/2023 11:24:29,Definitive,1,"1-HP:0000119,1-HP:0000478,1-HP:0000707,1-HP:0001249,1-HP:0001999,1-HP:0002011,1-HP:0002342,1-HP:0010864"
1730,3900,HGNC:6594,LHX2,MONDO:0001071,intellectual disability,HP:0000006,Autosomal dominant inheritance,Autosomal dominant,1,Yes,5/17/2023 17:21:15,Definitive,1,"1-HP:0000252,1-HP:0000708,1-HP:0001249,1-HP:0001256,1-HP:0002342,1-HP:0006889,1-HP:0010864"
1731,3902,HGNC:21606,MPC1,OMIM:614741,Mitochondrial pyruvate carrier deficiency,HP:0000007,Autosomal recessive inheritance,Autosomal recessive,1,Yes,5/18/2023 11:56:35,Definitive,1,"1-HP:0000252,1-HP:0000707,1-HP:0001249,1-HP:0001250,1-HP:0001256,1-HP:0001999,1-HP:0002011,1-HP:0002187,1-HP:0002342,1-HP:0004322,1-HP:0010864,1-HP:0011024,1-HP:0012103,2-HP:0000365,2-HP:0011420"
1732,3911,HGNC:21015,FILIP1,MONDO:0002254,syndromic disease,HP:0000007,Autosomal recessive inheritance,Autosomal recessive,1,Yes,5/18/2023 15:12:50,Definitive,1,"1-HP:0000252,1-HP:0000707,1-HP:0000924,1-HP:0001249,1-HP:0001999,1-HP:0002011,1-HP:0003011,1-HP:0040064,3-HP:0001249"
1733,3914,HGNC:10445,CNOT9,MONDO:0001071,intellectual disability,HP:0000006,Autosomal dominant inheritance,Autosomal dominant,1,Yes,5/18/2023 15:39:23,Definitive,1,"1-HP:0000478,1-HP:0000707,1-HP:0000708,1-HP:0000924,1-HP:0001249,1-HP:0001250,1-HP:0001256,1-HP:0001999,1-HP:0002342,1-HP:0010864"
1734,3933,HGNC:23214,EXOC7,OMIM:619072,Neurodevelopmental disorder with seizures and brain atrophy,HP:0000007,Autosomal recessive inheritance,Autosomal recessive,1,Yes,5/19/2023 11:34:52,Definitive,1,"1-HP:0000252,1-HP:0000707,1-HP:0000924,1-HP:0001249,1-HP:0001250,1-HP:0001256,1-HP:0002011,1-HP:0002187,1-HP:0002342,1-HP:0004322,1-HP:0010864,1-HP:0011420,1-HP:0040064"
1735,3940,HGNC:18756,RHOBTB2,MONDO:0001071,intellectual disability,HP:0000007,Autosomal recessive inheritance,Autosomal recessive,1,Yes,5/19/2023 12:59:06,Definitive,1,"1-HP:0000252,1-HP:0000707,1-HP:0001249,1-HP:0001250,1-HP:0001256,1-HP:0002011,1-HP:0002342,1-HP:0010864,2-HP:0002376"
1736,3944,HGNC:30595,PPP1R21,OMIM:619383,"Neurodevelopmental disorder with hypotonia, facial dysmorphism, and brain abnormalities",HP:0000007,Autosomal recessive inheritance,Autosomal recessive,1,Yes,5/21/2023 8:05:33,Definitive,1,"1-HP:0000478,1-HP:0000478,1-HP:0000707,1-HP:0000707,1-HP:0000924,1-HP:0000924,1-HP:0001249,1-HP:0001249,1-HP:0001249,1-HP:0001256,1-HP:0001256,1-HP:0001574,1-HP:0001627,1-HP:0001999,1-HP:0001999,1-HP:0001999,1-HP:0002011,1-HP:0002011,1-HP:0002187,1-HP:0002187,1-HP:0002342,1-HP:0002342,1-HP:0002715,1-HP:0010864,1-HP:0010864,2-HP:0011420,2-HP:0011420,3-HP:0001250,3-HP:0001627,3-HP:0002715"
1737,3949,HGNC:25543,SHQ1,OMIM:619922,Neurodevelopmental disorder with dystonia and seizures,HP:0000007,Autosomal recessive inheritance,Autosomal recessive,1,Yes,5/21/2023 16:34:27,Definitive,1,"1-HP:0000252,1-HP:0000707,1-HP:0000708,1-HP:0001249,1-HP:0001250,1-HP:0001256,1-HP:0001939,1-HP:0002011,1-HP:0002187,1-HP:0002270,1-HP:0002342,1-HP:0010864"
1738,3950,HGNC:19037,MAST4,MONDO:0100062,developmental and epileptic encephalopathy,HP:0000006,Autosomal dominant inheritance,Autosomal dominant,1,Yes,5/21/2023 16:40:55,Definitive,1,"1-HP:0000707,1-HP:0000707,1-HP:0001249,1-HP:0001249,1-HP:0001250,1-HP:0001250,1-HP:0002011"
1739,3953,HGNC:3526,EZH1,MONDO:0001071,intellectual disability,HP:0000006,Autosomal dominant inheritance,Autosomal dominant,1,Yes,5/21/2023 16:57:56,Definitive,1,"1-HP:0000252,1-HP:0000256,1-HP:0000707,1-HP:0000707,1-HP:0001249,1-HP:0001249,2-HP:0000708"
1740,3956,HGNC:5144,HPCA,OMIM:224500,"Dystonia 2, torsion, autosomal recessive",HP:0000007,Autosomal recessive inheritance,Autosomal recessive,1,Yes,5/22/2023 10:47:14,Definitive,1,"1-HP:0000707,1-HP:0000708,1-HP:0001249,2-HP:0001250,3-HP:0001249"
1741,3959,HGNC:2047,CLDN5,MONDO:0001071,intellectual disability,HP:0000006,Autosomal dominant inheritance,Autosomal dominant,1,Yes,5/22/2023 11:10:48,Definitive,1,"1-HP:0000252,1-HP:0000707,1-HP:0001249,1-HP:0001250,1-HP:0002011,1-HP:0002187,1-HP:0010864"
1742,3966,HGNC:9247,PPFIA3,MONDO:0001071,intellectual disability,HP:0000006,Autosomal dominant inheritance,Autosomal dominant,1,Yes,5/23/2023 16:51:55,Definitive,1,"1-HP:0000252,1-HP:0000252,1-HP:0000707,1-HP:0000707,1-HP:0000708,1-HP:0000708,1-HP:0001249,1-HP:0001249,1-HP:0001250,1-HP:0001999,1-HP:0001999,2-HP:0000256,2-HP:0000256,2-HP:0001250"
1743,3972,HGNC:3007,DPM3,OMIM:618992,"?Muscular dystrophy-dystroglycanopathy (congenital with impaired intellectual development), type B, 15",HP:0000007,Autosomal recessive inheritance,Autosomal recessive,1,Yes,5/24/2023 9:59:08,Definitive,1,"1-HP:0000252,1-HP:0001249,1-HP:0001250,1-HP:0001256,1-HP:0001627,1-HP:0002011,1-HP:0002342,1-HP:0003011,1-HP:0006889,1-HP:0010864,3-HP:0001249"
1744,3978,HGNC:20626,CHD7,OMIM:214800,CHARGE syndrome,HP:0000006,Autosomal dominant inheritance,Autosomal dominant,1,Yes,5/25/2023 19:12:06,Definitive,1,"1-HP:0000119,1-HP:0000202,1-HP:0000252,1-HP:0000365,1-HP:0000478,1-HP:0000707,1-HP:0000818,1-HP:0001249,1-HP:0001250,1-HP:0001627,1-HP:0001939,1-HP:0001999,1-HP:0002011"
1745,3979,HGNC:6470,L1CAM,OMIM:307000,"Hydrocephalus, congenital, X-linked",HP:0001419,X-linked recessive inheritance,X-linked,1,Yes,5/25/2023 19:13:03,Definitive,1,"1-HP:0000707,1-HP:0001249,1-HP:0002011,1-HP:0010864"
1746,3980,HGNC:6470,L1CAM,OMIM:303350,MASA syndrome,HP:0001417,X-linked other inheritance,X-linked,1,Yes,5/25/2023 19:13:41,Definitive,1,"1-HP:0000707,1-HP:0001249,1-HP:0002011,3-HP:0001256,3-HP:0002342"
1747,3983,HGNC:11494,SYN1,OMIM:300491,"Epilepsy, X-linked 1, with variable learning disabilities and behavior disorders",HP:0001417,X-linked other inheritance,X-linked,1,Yes,5/25/2023 19:20:33,Definitive,1,"1-HP:0000708,1-HP:0000708,1-HP:0001249,1-HP:0001249,1-HP:0001250,1-HP:0001250,1-HP:0001256,1-HP:0002342,1-HP:0006889,1-HP:0010864"
1748,3984,HGNC:3671,FGF14,OMIM:193003,Spinocerebellar ataxia 27A,HP:0000006,Autosomal dominant inheritance,Autosomal dominant,1,Yes,5/25/2023 19:21:22,Definitive,1,"1-HP:0000707,1-HP:0001249,1-HP:0001249,1-HP:0001256,1-HP:0006889"
1749,3988,HGNC:3259,EIF2B3,OMIM:620313,"Leukoencephalopathy with vanishing white matter 3, with or without ovarian failure",HP:0000007,Autosomal recessive inheritance,Autosomal recessive,1,Yes,5/25/2023 19:38:13,Definitive,1,1-HP:0001249
1750,3989,HGNC:3260,EIF2B4,OMIM:620314,"Leukoencephalopathy with vanishing white matter 4, with or without ovarian failure",HP:0000007,Autosomal recessive inheritance,Autosomal recessive,1,Yes,5/25/2023 19:39:34,Definitive,1,"1-HP:0000707,1-HP:0000818,1-HP:0001249,1-HP:0002011,1-HP:0003676,1-HP:0011420"
1751,3990,HGNC:3261,EIF2B5,OMIM:620315,"Leukoencephalopathy with vanishing white matter 5, with or without ovarian failure",HP:0000007,Autosomal recessive inheritance,Autosomal recessive,1,Yes,5/25/2023 19:40:15,Definitive,1,"1-HP:0000707,1-HP:0000818,1-HP:0001249,1-HP:0002011,1-HP:0003676,1-HP:0011420"
1752,3991,HGNC:3257,EIF2B1,OMIM:603896,"Leukoencephalopathy with vanishing white matter 1, with or without ovarian failure",HP:0000007,Autosomal recessive inheritance,Autosomal recessive,1,Yes,5/25/2023 19:40:42,Definitive,1,"1-HP:0000707,1-HP:0000818,1-HP:0001249,1-HP:0002011,1-HP:0003676,1-HP:0011420"
1753,3996,HGNC:3258,EIF2B2,OMIM:620312,"Leukoencephalopathy with vanishing white matter 2, with or without ovarian failure",HP:0000007,Autosomal recessive inheritance,Autosomal recessive,1,Yes,5/25/2023 21:36:54,Definitive,1,"1-HP:0000707,1-HP:0000818,1-HP:0001249,1-HP:0002011,1-HP:0003676,1-HP:0011420"
1754,3997,HGNC:850,ATP5PO,OMIM:620359,"Mitochondrial complex V (ATP synthase) deficiency, nuclear type 7",HP:0000007,Autosomal recessive inheritance,Autosomal recessive,1,Yes,5/28/2023 17:14:28,Definitive,1,"1-HP:0000707,1-HP:0001249,1-HP:0001250,1-HP:0001627,1-HP:0002011,1-HP:0003011,1-HP:0003676,1-HP:0011420,1-HP:0012103,2-HP:0000252,2-HP:0001999,2-HP:0004322"
1755,3998,HGNC:621,NAE1,OMIM:620210,Neurodevelopmental disorder with dysmorphic facies and ischiopubic hypoplasia,HP:0000007,Autosomal recessive inheritance,Autosomal recessive,1,Yes,5/28/2023 17:15:36,Definitive,1,"1-HP:0000924,1-HP:0001249,1-HP:0001250,1-HP:0001871,1-HP:0002011,1-HP:0002342,1-HP:0002376,1-HP:0002715,1-HP:0004322,1-HP:0010864,3-HP:0004322"
1756,3999,HGNC:11616,TCEAL1,OMIM:301094,Hijazi-Reis syndrome,HP:0001417,X-linked other inheritance,X-linked,1,Yes,5/28/2023 17:16:25,Definitive,1,"1-HP:0000478,1-HP:0000478,1-HP:0000707,1-HP:0000707,1-HP:0000708,1-HP:0000708,1-HP:0001249,1-HP:0001249,1-HP:0001250,1-HP:0001250,1-HP:0001256,1-HP:0001256,1-HP:0001513,1-HP:0001999,1-HP:0001999,1-HP:0002011,1-HP:0002011,1-HP:0002342,1-HP:0002342,1-HP:0002715,1-HP:0002715,1-HP:0010864,1-HP:0010864,1-HP:0011024,1-HP:0040064,2-HP:0002376"
1757,4000,HGNC:19946,CAMSAP1,OMIM:620316,"Cortical dysplasia, complex, with other brain malformations 12",HP:0000007,Autosomal recessive inheritance,Autosomal recessive,1,Yes,5/28/2023 17:17:10,Definitive,1,"1-HP:0000252,1-HP:0000707,1-HP:0001249,1-HP:0001250,1-HP:0001999,1-HP:0002011,1-HP:0002187,1-HP:0010864"
1758,4001,HGNC:26611,HECTD4,OMIM:620250,"Neurodevelopmental disorder with seizures, spasticity, and complete or partial agenesis of the corpus callosum",HP:0000007,Autosomal recessive inheritance,Autosomal recessive,1,Yes,5/28/2023 17:17:44,Definitive,1,"1-HP:0000707,1-HP:0000708,1-HP:0001249,1-HP:0001250,1-HP:0002011,1-HP:0002342,1-HP:0010864"
1759,4004,HGNC:17264,POLR1A,OMIM:616462,"Acrofacial dysostosis, Cincinnati type",HP:0000006,Autosomal dominant inheritance,Autosomal dominant,1,Yes,5/28/2023 17:22:12,Definitive,1,"1-HP:0000202,1-HP:0000707,1-HP:0000924,1-HP:0001249,1-HP:0001250,1-HP:0001627,1-HP:0001999"
1760,4005,HGNC:17474,ESAM,OMIM:620371,"Neurodevelopmental disorder with intracranial hemorrhage, seizures, and spasticity",HP:0000007,Autosomal recessive inheritance,Autosomal recessive,1,Yes,5/28/2023 17:22:38,Definitive,1,"1-HP:0000252,1-HP:0000707,1-HP:0001249,1-HP:0001250,1-HP:0001999,1-HP:0002011,1-HP:0002187,1-HP:0010864"
1761,4009,HGNC:17814,SLF2,OMIM:620184,Atelis syndrome 1,HP:0000007,Autosomal recessive inheritance,Autosomal recessive,1,Yes,5/28/2023 17:26:57,Definitive,1,"1-HP:0000252,1-HP:0000707,1-HP:0000924,1-HP:0001249,1-HP:0001256,1-HP:0001574,1-HP:0001627,1-HP:0001871,1-HP:0002342,1-HP:0002715,1-HP:0004322,1-HP:0006889,1-HP:0010864"
1762,4011,HGNC:28214,FRMD5,OMIM:620094,Neurodevelopmental disorder with eye movement abnormalities and ataxia,HP:0000006,Autosomal dominant inheritance,Autosomal dominant,1,Yes,5/28/2023 17:29:53,Definitive,1,"1-HP:0000478,1-HP:0000707,1-HP:0001249,1-HP:0001250,1-HP:0001256,1-HP:0002342,1-HP:0010864,2-HP:0000708,3-HP:0002011"
1763,4012,HGNC:13449,SLITRK2,OMIM:301107,"Intellectual developmental disorder, X-linked 111",HP:0001417,X-linked other inheritance,X-linked,1,Yes,5/28/2023 17:31:17,Definitive,1,"1-HP:0000707,1-HP:0000708,1-HP:0000924,1-HP:0001249,1-HP:0001256,1-HP:0002011,1-HP:0002342,1-HP:0006889,1-HP:0010864,3-HP:0001250"
1764,4013,HGNC:12729,WARS1,OMIM:620317,"Neurodevelopmental disorder with microcephaly and speech delay, with or without brain abnormalities",HP:0000007,Autosomal recessive inheritance,Autosomal recessive,1,Yes,5/28/2023 17:34:04,Definitive,1,"1-HP:0000252,1-HP:0000707,1-HP:0001249,1-HP:0001250,1-HP:0001256,1-HP:0002011,1-HP:0002342,1-HP:0010864,2-HP:0000365,2-HP:0000708,3-HP:0001999"
1765,4014,HGNC:32687,MED11,OMIM:620327,"Neurodegeneration with developmental delay, early respiratory failure, myoclonic seizures, and brain abnormalities",HP:0000007,Autosomal recessive inheritance,Autosomal recessive,1,Yes,5/28/2023 17:35:42,Definitive,1,"1-HP:0000119,1-HP:0000252,1-HP:0000365,1-HP:0000478,1-HP:0000707,1-HP:0000924,1-HP:0001249,1-HP:0001250,1-HP:0001627,1-HP:0001999,1-HP:0002011,1-HP:0002187,1-HP:0003676,1-HP:0004322,1-HP:0011420,1-HP:0040064"
1766,4016,HGNC:30414,TMEM147,OMIM:620075,"Neurodevelopmental disorder with facial dysmorphism, absent language, and pseudo-Pelger-Huet anomaly",HP:0000007,Autosomal recessive inheritance,Autosomal recessive,1,Yes,5/28/2023 17:40:39,Definitive,1,"1-HP:0000707,1-HP:0000708,1-HP:0001249,1-HP:0001871,1-HP:0001999,1-HP:0002011,1-HP:0002187,1-HP:0002342,1-HP:0010864,3-HP:0001871"
1767,4017,HGNC:25094,MTSS2,OMIM:620086,Intellectual developmental disorder with ocular anomalies and distinctive facial features,HP:0000006,Autosomal dominant inheritance,Autosomal dominant,1,Yes,5/28/2023 17:41:07,Definitive,1,"1-HP:0000119,1-HP:0000252,1-HP:0000252,1-HP:0000252,1-HP:0000365,1-HP:0000365,1-HP:0000365,1-HP:0000478,1-HP:0000478,1-HP:0000478,1-HP:0000707,1-HP:0000708,1-HP:0000708,1-HP:0000708,1-HP:0000924,1-HP:0001249,1-HP:0001249,1-HP:0001249,1-HP:0001256,1-HP:0001256,1-HP:0001256,1-HP:0001999,1-HP:0001999,1-HP:0001999,1-HP:0002011,1-HP:0002342,1-HP:0002342,1-HP:0006889,1-HP:0010864,1-HP:0011024,2-HP:0000708,2-HP:0000708,2-HP:0000708,3-HP:0000365,3-HP:0000365,3-HP:0000365"
1768,4018,HGNC:16872,SLC35B2,OMIM:620269,"Leukodystrophy, hypomyelinating, 26, with chondrodysplasia",HP:0000007,Autosomal recessive inheritance,Autosomal recessive,1,Yes,5/28/2023 17:42:46,Definitive,1,"1-HP:0000707,1-HP:0000924,1-HP:0001249,1-HP:0002011,1-HP:0004322,1-HP:0010864,4-HP:0000252"
1769,4019,HGNC:707,ARPC4,OMIM:620141,"Developmental delay, language impairment, and ocular abnormalities",HP:0000006,Autosomal dominant inheritance,Autosomal dominant,1,Yes,5/28/2023 17:43:40,Definitive,1,"1-HP:0000252,1-HP:0000252,1-HP:0000478,1-HP:0000478,1-HP:0000708,1-HP:0000708,1-HP:0001249,1-HP:0001249,1-HP:0001256,1-HP:0001256,1-HP:0002342,1-HP:0002342,1-HP:0010864"
1770,4020,HGNC:823,ATP5F1A,OMIM:620358,"Mitochondrial complex V (ATP synthase) deficiency, nuclear type 4A",HP:0000006,Autosomal dominant inheritance,Autosomal dominant,1,Yes,5/28/2023 17:44:50,Definitive,1,"1-HP:0000707,1-HP:0001249,1-HP:0012103,2-HP:0002376"
1771,4021,HGNC:16148,CRLS1,OMIM:620167,Combined oxidative phosphorylation deficiency 57,HP:0000007,Autosomal recessive inheritance,Autosomal recessive,1,Yes,5/28/2023 17:46:01,Definitive,1,"1-HP:0000365,1-HP:0000478,1-HP:0000707,1-HP:0002011,1-HP:0002270,1-HP:0002376,1-HP:0003676,1-HP:0011420,3-HP:0001249"
1772,4022,HGNC:10249,ROBO1,OMIM:620305,Neurooculorenal syndrome,HP:0000007,Autosomal recessive inheritance,Autosomal recessive,1,Yes,5/28/2023 17:47:27,Definitive,1,"1-HP:0000077,1-HP:0000478,1-HP:0000818,1-HP:0001249,1-HP:0001256,1-HP:0001999,1-HP:0002342,4-HP:0001627,4-HP:0004322"
1773,4025,HGNC:1399,CACNA2D1,OMIM:620149,Developmental and epileptic encephalopathy 110,HP:0000007,Autosomal recessive inheritance,Autosomal recessive,1,Yes,5/28/2023 17:53:35,Definitive,1,"1-HP:0000252,1-HP:0000707,1-HP:0001249,1-HP:0001250,1-HP:0001999,1-HP:0002011,1-HP:0010864"
1774,4027,HGNC:4790,H4C5,OMIM:619950,Tessadori-Bicknell-van Haaften neurodevelopmental syndrome 3,HP:0000006,Autosomal dominant inheritance,Autosomal dominant,1,Yes,5/28/2023 17:57:43,Definitive,1,"1-HP:0000252,1-HP:0000707,1-HP:0001249,1-HP:0001256,1-HP:0001999,1-HP:0002342,1-HP:0004322"
1775,4029,HGNC:4793,H4C9,OMIM:619951,Tessadori-Bicknell-van Haaften neurodevelopmental syndrome 4,HP:0000006,Autosomal dominant inheritance,Autosomal dominant,1,Yes,5/28/2023 18:18:40,Definitive,1,"1-HP:0000077,1-HP:0000119,1-HP:0000252,1-HP:0000365,1-HP:0000478,1-HP:0000924,1-HP:0001249,1-HP:0001256,1-HP:0001999,1-HP:0002011,1-HP:0002342,1-HP:0004322,1-HP:0006889,1-HP:0040064"
1776,4030,HGNC:24824,FZR1,OMIM:620145,Developmental and epileptic encephalopathy 109,HP:0000006,Autosomal dominant inheritance,Autosomal dominant,1,Yes,5/28/2023 18:20:33,Definitive,1,"1-HP:0000365,1-HP:0000707,1-HP:0001249,1-HP:0001256,1-HP:0002011"
1777,4032,HGNC:1162,FRA10AC1,OMIM:620113,"Neurodevelopmental disorder with growth retardation, dysmorphic facies, and corpus callosum abnormalities",HP:0000007,Autosomal recessive inheritance,Autosomal recessive,1,Yes,5/28/2023 18:23:37,Definitive,1,"1-HP:0000252,1-HP:0000707,1-HP:0000818,1-HP:0000924,1-HP:0001249,1-HP:0001256,1-HP:0001627,1-HP:0001999,1-HP:0002187,1-HP:0002342,1-HP:0004322,1-HP:0010864,3-HP:0002011"
1778,4033,HGNC:13540,ATP9A,OMIM:620242,Neurodevelopmental disorder with poor growth and behavioral abnormalities,HP:0000007,Autosomal recessive inheritance,Autosomal recessive,1,Yes,5/28/2023 18:24:39,Definitive,1,"1-HP:0000077,1-HP:0000252,1-HP:0000478,1-HP:0000707,1-HP:0000708,1-HP:0000708,1-HP:0001249,1-HP:0001249,1-HP:0001250,1-HP:0001256,1-HP:0002011,1-HP:0002011,1-HP:0002342,1-HP:0004322,1-HP:0040064"
1779,4034,HGNC:25305,NSRP1,OMIM:620001,"Neurodevelopmental disorder with spasticity, seizures, and brain abnormalities",HP:0000007,Autosomal recessive inheritance,Autosomal recessive,1,Yes,5/28/2023 18:25:29,Definitive,1,"1-HP:0000252,1-HP:0000707,1-HP:0000924,1-HP:0001249,1-HP:0001249,1-HP:0001250,1-HP:0001256,1-HP:0001627,1-HP:0001999,1-HP:0001999,1-HP:0002011,1-HP:0004322,1-HP:0010864"
1780,4035,HGNC:19036,MAST3,OMIM:620115,Developmental and epileptic encephalopathy 108,HP:0000006,Autosomal dominant inheritance,Autosomal dominant,1,Yes,5/28/2023 18:27:08,Definitive,1,"1-HP:0000707,1-HP:0000708,1-HP:0001249,1-HP:0001250,1-HP:0001256,1-HP:0002376"
1781,4036,HGNC:20898,PGM2L1,OMIM:620191,"Neurodevelopmental disorder with hypotonia, dysmorphic facies, and skin abnormalities",HP:0000007,Autosomal recessive inheritance,Autosomal recessive,1,Yes,5/28/2023 18:30:07,Definitive,1,"1-HP:0000365,1-HP:0000924,1-HP:0001249,1-HP:0001574,1-HP:0001627,1-HP:0001999,1-HP:0004322,1-HP:0040064,2-HP:0000119"
1782,4037,HGNC:1396,CACNA1I,OMIM:620114,Neurodevelopmental disorder with speech impairment and with or without seizures,HP:0000006,Autosomal dominant inheritance,Autosomal dominant,1,Yes,5/28/2023 18:33:29,Definitive,1,"1-HP:0001249,1-HP:0001250,1-HP:0001256,1-HP:0002342"
1783,4038,HGNC:6196,JARID2,OMIM:620098,Developmental delay with variable intellectual disability and dysmorphic facies,HP:0000006,Autosomal dominant inheritance,Autosomal dominant,1,Yes,5/28/2023 18:35:57,Definitive,1,"1-HP:0000707,1-HP:0000708,1-HP:0001249,1-HP:0001256,1-HP:0001999,1-HP:0002011,1-HP:0002342"
1784,4039,HGNC:5041,HNRNPH1,OMIM:620083,Neurodevelopmental disorder with craniofacial dysmorphism and skeletal defects,HP:0000006,Autosomal dominant inheritance,Autosomal dominant,1,Yes,5/28/2023 18:37:37,Definitive,1,"1-HP:0000119,1-HP:0000478,1-HP:0000707,1-HP:0001249,1-HP:0001999,1-HP:0002011,1-HP:0002342,1-HP:0004322,1-HP:0010864,2-HP:0001250"
1785,4040,HGNC:11953,TNR,OMIM:619653,"Neurodevelopmental disorder, nonprogressive, with spasticity and transient opisthotonus",HP:0000007,Autosomal recessive inheritance,Autosomal recessive,1,Yes,5/28/2023 18:40:40,Definitive,1,"1-HP:0000707,1-HP:0001249,1-HP:0001256,1-HP:0002342"
1786,4041,HGNC:17992,TRPM3,OMIM:620224,"Neurodevelopmental disorder with hypotonia, dysmorphic facies, and skeletal anomalies, with or without seizures",HP:0000006,Autosomal dominant inheritance,Autosomal dominant,1,Yes,5/28/2023 18:42:45,Definitive,1,"1-HP:0000478,1-HP:0000478,1-HP:0000478,1-HP:0000478,1-HP:0000478,1-HP:0000707,1-HP:0000707,1-HP:0000707,1-HP:0000707,1-HP:0000707,1-HP:0000708,1-HP:0000708,1-HP:0000924,1-HP:0000924,1-HP:0000924,1-HP:0000924,1-HP:0000924,1-HP:0001249,1-HP:0001249,1-HP:0001249,1-HP:0001249,1-HP:0001249,1-HP:0001250,1-HP:0001250,1-HP:0001250,1-HP:0001250,1-HP:0001250,1-HP:0001256,1-HP:0001256,1-HP:0001256,1-HP:0001999,1-HP:0001999,1-HP:0001999,1-HP:0001999,1-HP:0001999,1-HP:0002011,1-HP:0002011,1-HP:0002011,1-HP:0002270,1-HP:0002270,1-HP:0002270,1-HP:0002342,1-HP:0002342,1-HP:0002342,1-HP:0002342,1-HP:0002342,1-HP:0010864,1-HP:0010864,1-HP:0010864"
1787,4042,HGNC:5047,HNRNPR,OMIM:620073,Neurodevelopmental disorder with dysmorphic facies and skeletal and brain abnormalities,HP:0000006,Autosomal dominant inheritance,Autosomal dominant,1,Yes,5/28/2023 18:43:40,Definitive,1,"1-HP:0000252,1-HP:0000707,1-HP:0000708,1-HP:0001249,1-HP:0001250,1-HP:0001999,1-HP:0002011,1-HP:0002342,1-HP:0004322,1-HP:0010864"
1788,4043,HGNC:9839,RALA,OMIM:619311,Hiatt-Neu-Cooper neurodevelopmental syndrome,HP:0000006,Autosomal dominant inheritance,Autosomal dominant,1,Yes,5/28/2023 18:45:49,Definitive,1,"1-HP:0000707,1-HP:0000708,1-HP:0000924,1-HP:0001249,1-HP:0001250,1-HP:0001256,1-HP:0001999,1-HP:0002011,1-HP:0002342,1-HP:0004322"
1789,4044,HGNC:3262,AGO1,OMIM:620292,"Neurodevelopmental disorder with language delay and behavioral abnormalities, with or without seizures",HP:0000006,Autosomal dominant inheritance,Autosomal dominant,1,Yes,5/28/2023 18:47:42,Definitive,1,"1-HP:0000707,1-HP:0000708,1-HP:0000924,1-HP:0001249,1-HP:0001250,1-HP:0001256,1-HP:0002011,1-HP:0002342"
1790,4045,HGNC:15579,TRIM8,OMIM:619428,Focal segmental glomerulosclerosis and neurodevelopmental syndrome,HP:0000006,Autosomal dominant inheritance,Autosomal dominant,1,Yes,5/28/2023 18:49:26,Definitive,1,"1-HP:0000077,1-HP:0000119,1-HP:0000707,1-HP:0000708,1-HP:0001249,1-HP:0001250,1-HP:0001256,1-HP:0001999,1-HP:0002011,1-HP:0002342"
1791,4046,HGNC:29217,PRR12,OMIM:619539,Neuroocular syndrome,HP:0000006,Autosomal dominant inheritance,Autosomal dominant,1,Yes,5/28/2023 18:50:22,Definitive,1,"1-HP:0000077,1-HP:0000119,1-HP:0000252,1-HP:0000365,1-HP:0000478,1-HP:0000707,1-HP:0000708,1-HP:0000924,1-HP:0001249,1-HP:0001256,1-HP:0001627,1-HP:0001999,1-HP:0004322"
1792,4047,HGNC:16491,PIDD1,OMIM:619827,"Intellectual developmental disorder, autosomal recessive 75, with neuropsychiatric features and variant lissencephaly",HP:0000007,Autosomal recessive inheritance,Autosomal recessive,1,Yes,5/28/2023 18:52:27,Definitive,1,"1-HP:0000707,1-HP:0000708,1-HP:0001249,1-HP:0001250,1-HP:0001256,1-HP:0001999,1-HP:0002011"
1793,4048,HGNC:30594,UNC45A,OMIM:619377,Osteootohepatoenteric syndrome,HP:0000007,Autosomal recessive inheritance,Autosomal recessive,1,Yes,5/28/2023 18:54:09,Definitive,1,"1-HP:0000707,1-HP:0000924,1-HP:0001249,1-HP:0002270,1-HP:0004322"
1794,4050,HGNC:2553,CUL3,OMIM:619239,Neurodevelopmental disorder with or without autism or seizures,HP:0000006,Autosomal dominant inheritance,Autosomal dominant,1,Yes,5/28/2023 19:03:48,Definitive,1,"1-HP:0000707,1-HP:0000707,1-HP:0000707,1-HP:0000708,1-HP:0000708,1-HP:0000708,1-HP:0000708,1-HP:0001249,1-HP:0001249,1-HP:0001249,1-HP:0001249,1-HP:0001256,1-HP:0001256,1-HP:0001256,1-HP:0001256,1-HP:0001999,1-HP:0001999,1-HP:0001999,1-HP:0001999,1-HP:0002342,1-HP:0002342,1-HP:0002342,1-HP:0002342,1-HP:0006889,1-HP:0006889,1-HP:0006889,1-HP:0010864,1-HP:0010864,1-HP:0010864,1-HP:0011024,1-HP:0011024,1-HP:0011024,1-HP:0040064,1-HP:0040064,1-HP:0040064,2-HP:0001250,2-HP:0001250,2-HP:0001250,2-HP:0001250,2-HP:0002376,2-HP:0002376,2-HP:0002376,2-HP:0002376"
1795,4051,HGNC:4384,GNAI1,OMIM:619854,"Neurodevelopmental disorder with hypotonia, impaired speech, and behavioral abnormalities",HP:0000006,Autosomal dominant inheritance,Autosomal dominant,1,Yes,5/28/2023 19:05:07,Definitive,1,"1-HP:0000707,1-HP:0000707,1-HP:0000708,1-HP:0000708,1-HP:0000924,1-HP:0000924,1-HP:0001249,1-HP:0001249,1-HP:0001250,1-HP:0001250,1-HP:0001513,1-HP:0001513,1-HP:0001999,1-HP:0001999,1-HP:0002011,1-HP:0002011,1-HP:0002342,1-HP:0002342,1-HP:0010864,1-HP:0010864,2-HP:0000252,2-HP:0000252,2-HP:0004322,2-HP:0004322"
1796,4052,HGNC:18420,SETD2,OMIM:620155,Rabin-Pappas syndrome,HP:0000006,Autosomal dominant inheritance,Autosomal dominant,1,Yes,5/28/2023 19:11:18,Definitive,1,"1-HP:0000119,1-HP:0000119,1-HP:0000119,1-HP:0000365,1-HP:0000478,1-HP:0000707,1-HP:0000707,1-HP:0000707,1-HP:0000708,1-HP:0000924,1-HP:0000924,1-HP:0000924,1-HP:0001249,1-HP:0001249,1-HP:0001249,1-HP:0001250,1-HP:0001250,1-HP:0001250,1-HP:0001627,1-HP:0001627,1-HP:0001627,1-HP:0001999,1-HP:0002011,1-HP:0002011,1-HP:0002011,1-HP:0002187,1-HP:0002187,1-HP:0002187,1-HP:0004322,1-HP:0004322,1-HP:0004322,1-HP:0010864"
1797,4053,HGNC:18420,SETD2,OMIM:620157,"Intellectual developmental disorder, autosomal dominant 70",HP:0000006,Autosomal dominant inheritance,Autosomal dominant,1,Yes,5/28/2023 19:15:31,Definitive,1,"1-HP:0000708,1-HP:0001249,1-HP:0001256,1-HP:0001999,1-HP:0002342,1-HP:0006889"
1798,4054,HGNC:15840,KMT2B,OMIM:619934,"Intellectual developmental disorder, autosomal dominant 68",HP:0000006,Autosomal dominant inheritance,Autosomal dominant,1,Yes,5/28/2023 19:22:17,Definitive,1,"1-HP:0000252,1-HP:0000252,1-HP:0000708,1-HP:0000708,1-HP:0000924,1-HP:0001249,1-HP:0001249,1-HP:0001999,1-HP:0001999,1-HP:0004322,1-HP:0040064"
1799,4055,HGNC:6172,STT3A,OMIM:619714,"Congenital disorder of glycosylation, type Iw, autosomal dominant",HP:0000006,Autosomal dominant inheritance,Autosomal dominant,1,Yes,5/28/2023 19:24:02,Definitive,1,"1-HP:0000252,1-HP:0000252,1-HP:0000707,1-HP:0000707,1-HP:0000708,1-HP:0000708,1-HP:0000924,1-HP:0001249,1-HP:0001249,1-HP:0001256,1-HP:0001256,1-HP:0001999,1-HP:0001999,1-HP:0002011,1-HP:0002011,1-HP:0002342,1-HP:0002342,1-HP:0003011,1-HP:0003011,1-HP:0004322,1-HP:0004322,1-HP:0012103,1-HP:0012103"
1800,4056,HGNC:29415,ZNF526,OMIM:619877,Dentici-Novelli neurodevelopmental syndrome,HP:0000007,Autosomal recessive inheritance,Autosomal recessive,1,Yes,5/28/2023 19:25:14,Definitive,1,"1-HP:0000252,1-HP:0000478,1-HP:0000707,1-HP:0001249,1-HP:0001250,1-HP:0002011,1-HP:0002342"
1801,4057,HGNC:1400,CACNA2D2,OMIM:618501,Cerebellar atrophy with seizures and variable developmental delay,HP:0000007,Autosomal recessive inheritance,Autosomal recessive,1,Yes,5/28/2023 19:28:10,Definitive,1,"1-HP:0000707,1-HP:0000707,1-HP:0001249,1-HP:0001249,1-HP:0001250,1-HP:0001250,1-HP:0001256,1-HP:0002011,1-HP:0002187,1-HP:0002342,1-HP:0002342,1-HP:0006889,1-HP:0010864,1-HP:0010864,2-HP:0002011,2-HP:0002011"
1802,4063,HGNC:2978,DNMT3A,OMIM:618724,Heyn-Sproul-Jackson syndrome,HP:0000006,Autosomal dominant inheritance,Autosomal dominant,1,Yes,5/29/2023 11:40:28,Definitive,1,"1-HP:0000252,1-HP:0000252,1-HP:0000924,1-HP:0000924,1-HP:0001249,1-HP:0001249,1-HP:0001574,1-HP:0001574,1-HP:0002715,1-HP:0002715,1-HP:0004322,1-HP:0004322"
1803,4069,HGNC:11433,STX1A,MONDO:0001071,intellectual disability,HP:0000006,Autosomal dominant inheritance,Autosomal dominant,1,Yes,5/31/2023 8:39:10,Definitive,1,"1-HP:0000707,1-HP:0000708,1-HP:0001249,1-HP:0001250,1-HP:0002187,1-HP:0002342,1-HP:0010864,2-HP:0002376"
1804,4073,HGNC:26392,PTCHD1,OMIM:300830,"{Autism, susceptibility to, X-linked 4}",HP:0001417,X-linked other inheritance,X-linked,1,Yes,6/30/2023 13:34:58,Definitive,1,"1-HP:0000708,1-HP:0001249,3-HP:0001999"
1805,4074,HGNC:9280,PPOX,MONDO:0700096_1,human disease,HP:0000007,Autosomal recessive inheritance,Autosomal recessive,1,Yes,7/14/2023 12:03:45,Definitive,1,"1-HP:0000924,1-HP:0001249,1-HP:0001250,1-HP:0001574,1-HP:0004322"
1806,4077,HGNC:11005,SLC2A1,OMIM:606777_1,"GLUT1 deficiency syndrome 1, infantile onset, severe",HP:0000007,Autosomal recessive inheritance,Autosomal recessive,1,Yes,7/18/2023 12:44:00,Definitive,1,"1-HP:0000252,1-HP:0000707,1-HP:0001249,1-HP:0001250,1-HP:0001256,1-HP:0001939,1-HP:0002342,1-HP:0010864,3-HP:0001999"
1807,4084,HGNC:8996,PIP5K1C,MONDO:0001071,intellectual disability,HP:0000006,Autosomal dominant inheritance,Autosomal dominant,1,Yes,7/31/2023 9:59:54,Definitive,1,"1-HP:0000252,1-HP:0000478,1-HP:0000707,1-HP:0000924,1-HP:0001249,1-HP:0001250,1-HP:0001999,1-HP:0002011"
1808,4086,HGNC:17735,TMEM63B,MONDO:0100062,developmental and epileptic encephalopathy,HP:0000006,Autosomal dominant inheritance,Autosomal dominant,1,Yes,7/31/2023 10:22:47,Definitive,1,"1-HP:0000478,1-HP:0000707,1-HP:0001249,1-HP:0001250,1-HP:0001871,1-HP:0002011,1-HP:0002187,1-HP:0002342,1-HP:0003676,1-HP:0010864,2-HP:0011420"
1809,4087,HGNC:18000,PHF5A,MONDO:0001071,intellectual disability,HP:0000006,Autosomal dominant inheritance,Autosomal dominant,1,Yes,7/31/2023 11:20:31,Definitive,1,"1-HP:0000119,1-HP:0000707,1-HP:0001249,1-HP:0001256,1-HP:0001627,1-HP:0001999,1-HP:0004322,1-HP:0006889"
1810,4088,HGNC:17056,RPH3A,MONDO:0001071,intellectual disability,HP:0000006,Autosomal dominant inheritance,Autosomal dominant,1,Yes,7/31/2023 11:33:47,Definitive,1,"1-HP:0001249,1-HP:0001250,1-HP:0001256,1-HP:0001513,1-HP:0001999,1-HP:0002342"
1811,4092,HGNC:3526,EZH1,MONDO:0001071,intellectual disability,HP:0000007,Autosomal recessive inheritance,Autosomal recessive,1,Yes,7/31/2023 12:16:33,Definitive,1,"1-HP:0001249,1-HP:0001249,2-HP:0000252,2-HP:0000252,2-HP:0000707,2-HP:0000707,2-HP:0000818,2-HP:0002011,2-HP:0002011"
1812,4093,HGNC:6949,MCM6,MONDO:0001071,intellectual disability,HP:0000006,Autosomal dominant inheritance,Autosomal dominant,1,Yes,7/31/2023 12:25:06,Definitive,1,"1-HP:0000119,1-HP:0000252,1-HP:0000708,1-HP:0000818,1-HP:0001249,1-HP:0004322,2-HP:0002376"
1813,4095,HGNC:12739,WBP4,MONDO:0001071,intellectual disability,HP:0000007,Autosomal recessive inheritance,Autosomal recessive,1,Yes,7/31/2023 12:34:29,Definitive,1,"1-HP:0000119,1-HP:0000119,1-HP:0000708,1-HP:0000708,1-HP:0000924,1-HP:0000924,1-HP:0001249,1-HP:0001249,1-HP:0001627,1-HP:0001627,1-HP:0001999,1-HP:0001999,1-HP:0002011,1-HP:0002011,1-HP:0004322,1-HP:0004322"
1814,4096,HGNC:16860,SART3,MONDO:0001071,intellectual disability,HP:0000007,Autosomal recessive inheritance,Autosomal recessive,1,Yes,7/31/2023 13:03:23,Definitive,1,"1-HP:0000119,1-HP:0000252,1-HP:0000707,1-HP:0000708,1-HP:0000818,1-HP:0001249,1-HP:0001256,1-HP:0001999,1-HP:0002011,1-HP:0002187,1-HP:0002342,1-HP:0010864,2-HP:0001250"
1815,4100,HGNC:9549,PSMC3,MONDO:0001071,intellectual disability,HP:0000006,Autosomal dominant inheritance,Autosomal dominant,1,Yes,7/31/2023 13:27:00,Definitive,1,"1-HP:0000077,1-HP:0000252,1-HP:0000365,1-HP:0000708,1-HP:0000924,1-HP:0001249,1-HP:0001627,1-HP:0001999,1-HP:0002011,1-HP:0004322,2-HP:0000256,2-HP:0002664"
1816,4101,HGNC:777,ZFHX3,MONDO:0001071,intellectual disability,HP:0000006,Autosomal dominant inheritance,Autosomal dominant,1,Yes,7/31/2023 13:36:34,Definitive,1,"1-HP:0000707,1-HP:0000707,1-HP:0000708,1-HP:0000708,1-HP:0000924,1-HP:0000924,1-HP:0001249,1-HP:0001249,1-HP:0001574,1-HP:0001574,1-HP:0001999,1-HP:0001999,1-HP:0004322,1-HP:0004322,2-HP:0000478,2-HP:0000478"
1817,4105,HGNC:1462,CAMK2D,MONDO:0001071,intellectual disability,HP:0000006,Autosomal dominant inheritance,Autosomal dominant,1,Yes,7/31/2023 14:15:57,Definitive,1,"1-HP:0000707,1-HP:0000708,1-HP:0000924,1-HP:0001249,1-HP:0001249,1-HP:0001256,1-HP:0001627,1-HP:0001627,1-HP:0001999,1-HP:0002011,1-HP:0002187,1-HP:0002342,1-HP:0010864,1-HP:0011024,2-HP:0001250,3-HP:0004322"
1818,4107,HGNC:16499,RAB39B,OMIM:311510,Waisman syndrome,HP:0001419,X-linked recessive inheritance,X-linked,1,Yes,7/31/2023 14:26:58,Definitive,1,"1-HP:0000707,1-HP:0001249,1-HP:0002376,1-HP:0003676,2-HP:0002011"
1819,4108,HGNC:17063,RAB3GAP1,OMIM:619420,Martsolf syndrome 2,HP:0000007,Autosomal recessive inheritance,Autosomal recessive,1,Yes,7/31/2023 14:31:38,Definitive,1,"1-HP:0000252,1-HP:0000478,1-HP:0000707,1-HP:0001249,1-HP:0002011,1-HP:0004322"
1820,4109,HGNC:4571,GRIA1,OMIM:619927,"Intellectual developmental disorder, autosomal dominant 67",HP:0000006,Autosomal dominant inheritance,Autosomal dominant,1,Yes,7/31/2023 15:19:26,Definitive,1,"1-HP:0000708,1-HP:0000708,1-HP:0001249,1-HP:0001249,1-HP:0001256,1-HP:0001256,1-HP:0001999,1-HP:0001999,1-HP:0002342,1-HP:0002342,1-HP:0010864,1-HP:0010864"
1821,4112,HGNC:9260,PPIL1,OMIM:619301,"Pontocerebellar hypoplasia, type 14",HP:0000007,Autosomal recessive inheritance,Autosomal recessive,1,Yes,7/31/2023 15:46:19,Definitive,1,"1-HP:0000252,1-HP:0000478,1-HP:0000707,1-HP:0000708,1-HP:0001249,1-HP:0001250,1-HP:0001871,1-HP:0002011,1-HP:0002187,1-HP:0010864"
1822,4115,HGNC:7976,NR2F2,OMIM:615779,"Congenital heart defects, multiple types, 4",HP:0000006,Autosomal dominant inheritance,Autosomal dominant,1,Yes,7/31/2023 16:19:50,Definitive,1,"1-HP:0000077,1-HP:0000119,1-HP:0000252,1-HP:0000365,1-HP:0000478,1-HP:0001249,1-HP:0001627,1-HP:0001999,2-HP:0001250"
1823,4117,HGNC:30238,WLS,OMIM:619648,Zaki syndrome,HP:0000007,Autosomal recessive inheritance,Autosomal recessive,1,Yes,8/1/2023 7:40:39,Definitive,1,"1-HP:0000077,1-HP:0000252,1-HP:0000478,1-HP:0000924,1-HP:0001249,1-HP:0001574,1-HP:0001999,1-HP:0002011,1-HP:0004322,1-HP:0040064"
1824,4127,HGNC:24866,CEP104,OMIM:619988,"Intellectual developmental disorder, autosomal recessive 77",HP:0000007,Autosomal recessive inheritance,Autosomal recessive,1,Yes,8/1/2023 8:45:53,Definitive,1,"1-HP:0000708,1-HP:0001249,1-HP:0002342,1-HP:0010864"
1825,4128,HGNC:13998,PRDM13,OMIM:619909,"Pontocerebellar hypoplasia, type 17",HP:0000007,Autosomal recessive inheritance,Autosomal recessive,1,Yes,8/1/2023 8:57:31,Definitive,1,"1-HP:0000202,1-HP:0000252,1-HP:0000478,1-HP:0000707,1-HP:0001249,1-HP:0001250,1-HP:0001256,1-HP:0002011,1-HP:0002187,1-HP:0002270,1-HP:0002342,1-HP:0010864,2-HP:0001627"
1826,4133,HGNC:1181,MYRF,OMIM:618280,Cardiac-urogenital syndrome,HP:0000006,Autosomal dominant inheritance,Autosomal dominant,1,Yes,8/1/2023 9:33:27,Definitive,1,"1-HP:0000118,1-HP:0000119,1-HP:0000478,1-HP:0001249,1-HP:0001256,1-HP:0001627,1-HP:0002342,1-HP:0006889"
1827,4135,HGNC:29508,KIDINS220,OMIM:619501,Ventriculomegaly and arthrogryposis,HP:0000007,Autosomal recessive inheritance,Autosomal recessive,1,Yes,8/1/2023 14:30:12,Definitive,1,"1-HP:0000707,1-HP:0001249,1-HP:0002011,1-HP:0002187,1-HP:0011420,1-HP:0040064"
1828,4145,HGNC:3332,MARK2,MONDO:0001071,intellectual disability,HP:0000006,Autosomal dominant inheritance,Autosomal dominant,1,Yes,8/1/2023 16:55:27,Definitive,1,"1-HP:0000119,1-HP:0000478,1-HP:0000708,1-HP:0001249,1-HP:0001249,1-HP:0001249,1-HP:0001250,1-HP:0002376"
1829,4146,HGNC:4617,GSK3B,MONDO:0001071,intellectual disability,HP:0000006,Autosomal dominant inheritance,Autosomal dominant,1,Yes,8/1/2023 16:56:51,Definitive,1,"1-HP:0000708,1-HP:0001249,1-HP:0001249,2-HP:0002376"
1830,4152,HGNC:24931,ZC4H2,OMIM:301041,"Wieacker-Wolff syndrome, female-restricted",HP:0001423,X-linked dominant inheritance,X-linked,1,Yes,8/3/2023 7:50:45,Definitive,1,"1-HP:0000252,1-HP:0000707,1-HP:0000924,1-HP:0001249,1-HP:0001256,1-HP:0001999,1-HP:0002011,1-HP:0002342,1-HP:0003011,1-HP:0004322,1-HP:0010864,1-HP:0040064"
1831,4155,HGNC:15832,BSCL2,OMIM:615924,"Encephalopathy, progressive, with or without lipodystrophy",HP:0000007,Autosomal recessive inheritance,Autosomal recessive,1,Yes,8/7/2023 15:38:59,Definitive,1,"1-HP:0001249,1-HP:0001250,1-HP:0001939,1-HP:0002011,1-HP:0002376,1-HP:0003676,1-HP:0010864"
1832,4156,HGNC:17619,NDE1,OMIM:605013,Microhydranencephaly,HP:0000007,Autosomal recessive inheritance,Autosomal recessive,1,Yes,10/17/2023 9:50:50,Definitive,1,"1-HP:0000252,1-HP:0000707,1-HP:0001249,1-HP:0002011,1-HP:0002187"
1833,4160,HGNC:30391,IFT172,OMIM:619471,Bardet-Biedl syndrome 20,HP:0000007,Autosomal recessive inheritance,Autosomal recessive,1,Yes,3/13/2024 10:53:15,Definitive,1,"1-HP:0000077,1-HP:0000478,1-HP:0001249,1-HP:0001256,1-HP:0001513,1-HP:0040064"
1834,4161,HGNC:13811,SLC4A10,OMIM:620746,Neurodevelopmental disorder with hypotonia and characteristic brain abnormalities,HP:0000007,Autosomal recessive inheritance,Autosomal recessive,1,Yes,3/27/2024 14:16:52,Definitive,1,"1-HP:0000252,1-HP:0000252,1-HP:0000707,1-HP:0000707,1-HP:0000708,1-HP:0000708,1-HP:0001249,1-HP:0001249,1-HP:0001250,1-HP:0001250,1-HP:0002011,1-HP:0002011,1-HP:0010864,1-HP:0010864"
1835,4162,HGNC:23994,ERI1,OMIM:620662,Hoxha-Aliu syndrome,HP:0000007,Autosomal recessive inheritance,Autosomal recessive,1,Yes,3/27/2024 14:24:02,Definitive,1,"1-HP:0000924,1-HP:0000924,1-HP:0001249,1-HP:0001249,1-HP:0001574,1-HP:0004322,1-HP:0004322,1-HP:0040064,1-HP:0040064,3-HP:0000077,3-HP:0000077,3-HP:0001627,3-HP:0001627"
1836,4164,HGNC:23156,U2AF2,OMIM:620535,"Developmental delay, dysmorphic facies, and brain anomalies",HP:0000006,Autosomal dominant inheritance,Autosomal dominant,1,Yes,3/27/2024 14:36:03,Definitive,1,"1-HP:0000252,1-HP:0000478,1-HP:0000708,1-HP:0001249,1-HP:0001249,1-HP:0001250,1-HP:0001250,1-HP:0001256,1-HP:0001627,1-HP:0001999,1-HP:0001999,1-HP:0002011,1-HP:0002011,1-HP:0002342,1-HP:0006889,1-HP:0010864,2-HP:0000365"
1837,4165,HGNC:463,AMFR,OMIM:620379,"Spastic paraplegia 89, autosomal recessive",HP:0000007,Autosomal recessive inheritance,Autosomal recessive,1,Yes,3/27/2024 14:36:56,Definitive,1,"1-HP:0000707,1-HP:0001249,1-HP:0001250,1-HP:0001256,1-HP:0002011,1-HP:0003676,1-HP:0006889,3-HP:0001249"
1838,4168,HGNC:10074,RNH1,OMIM:620461,"{Encephalopathy, acute, infection-induced, susceptibility to, 12}",HP:0000007,Autosomal recessive inheritance,Autosomal recessive,1,Yes,3/27/2024 14:41:29,Definitive,1,"1-HP:0000707,1-HP:0001249,1-HP:0002011,1-HP:0002715,1-HP:0003676,2-HP:0003676,3-HP:0001249"
1839,4171,HGNC:11137,SNAPC4,OMIM:620515,"Neurodevelopmental disorder with motor regression, progressive spastic paraplegia, and oromotor dysfunction",HP:0000007,Autosomal recessive inheritance,Autosomal recessive,1,Yes,3/27/2024 14:43:47,Definitive,1,"1-HP:0000252,1-HP:0000707,1-HP:0001249,1-HP:0002011,1-HP:0002376,1-HP:0003676,1-HP:0004322"
1840,4172,HGNC:26052,INTS11,OMIM:620428,"Neurodevelopmental disorder with motor and language delay, ocular defects, and brain abnormalities",HP:0000007,Autosomal recessive inheritance,Autosomal recessive,1,Yes,3/27/2024 14:44:24,Definitive,1,"1-HP:0000252,1-HP:0000478,1-HP:0000707,1-HP:0001249,1-HP:0001250,1-HP:0001999,1-HP:0002011,3-HP:0001250"
1841,4173,HGNC:10780,SRSF1,OMIM:620489,Neurodevelopmental disorder with dysmorphic facies and behavioral abnormalities,HP:0000006,Autosomal dominant inheritance,Autosomal dominant,1,Yes,3/27/2024 14:45:28,Definitive,1,"1-HP:0000119,1-HP:0000478,1-HP:0000707,1-HP:0000708,1-HP:0000924,1-HP:0001249,1-HP:0001256,1-HP:0001627,1-HP:0001999,1-HP:0002011,1-HP:0002342,1-HP:0010864,2-HP:0001250"
1842,4175,HGNC:26223,TEFM,OMIM:620451,Combined oxidative phosphorylation deficiency 58,HP:0000007,Autosomal recessive inheritance,Autosomal recessive,1,Yes,3/27/2024 15:04:52,Definitive,1,"1-HP:0000478,1-HP:0000707,1-HP:0001249,1-HP:0001250,1-HP:0001256,1-HP:0001999,1-HP:0002011,1-HP:0002342,1-HP:0002376,1-HP:0003011,1-HP:0003676,1-HP:0006889,1-HP:0010864,1-HP:0012103"
1843,4176,HGNC:11537,TAF4,OMIM:620450,"Intellectual developmental disorder, autosomal dominant 73",HP:0000006,Autosomal dominant inheritance,Autosomal dominant,1,Yes,3/27/2024 15:05:25,Definitive,1,"1-HP:0001249,1-HP:0001999,3-HP:0000708,3-HP:0000924"
1844,4177,HGNC:16639,SRRM2,OMIM:620439,"Intellectual developmental disorder, autosomal dominant 72",HP:0000006,Autosomal dominant inheritance,Autosomal dominant,1,Yes,3/27/2024 15:19:50,Definitive,1,"1-HP:0000707,1-HP:0000707,1-HP:0000708,1-HP:0000708,1-HP:0001249,1-HP:0001249,1-HP:0001256,1-HP:0001256,1-HP:0001513,1-HP:0001513,1-HP:0001999,1-HP:0001999,1-HP:0006889,1-HP:0006889,2-HP:0000098,2-HP:0000098,3-HP:0000478,3-HP:0000478"
1845,4178,HGNC:25777,RFX7,OMIM:620330,"Intellectual developmental disorder, autosomal dominant 71, with behavioral abnormalities",HP:0000006,Autosomal dominant inheritance,Autosomal dominant,1,Yes,3/27/2024 15:20:30,Definitive,1,"1-HP:0000252,1-HP:0000252,1-HP:0000256,1-HP:0000707,1-HP:0000707,1-HP:0000708,1-HP:0000708,1-HP:0001249,1-HP:0001249,1-HP:0001256,1-HP:0001256,1-HP:0001999,1-HP:0001999,1-HP:0002011,1-HP:0002011,1-HP:0002342,1-HP:0002342,2-HP:0000256,2-HP:0001250,2-HP:0001250"
1846,4179,HGNC:6232,KCNB2,MONDO:0001071,intellectual disability,HP:0000006,Autosomal dominant inheritance,Autosomal dominant,1,Yes,3/27/2024 16:50:49,Definitive,1,"1-HP:0000478,1-HP:0000708,1-HP:0001249,1-HP:0001999,2-HP:0000119,2-HP:0001250,2-HP:0001627,2-HP:0002011"
1847,4182,HGNC:28338,DENND5B,MONDO:0001071,intellectual disability,HP:0000006,Autosomal dominant inheritance,Autosomal dominant,1,Yes,3/29/2024 11:03:10,Definitive,1,"1-HP:0000707,1-HP:0000708,1-HP:0001249,1-HP:0001256,1-HP:0001999,1-HP:0002011,1-HP:0002342,1-HP:0006889,1-HP:0010864,2-HP:0001250"
1848,4184,HGNC:777,ZFHX3,MONDO:0005071,nervous system disorders,HP:0000007,Autosomal recessive inheritance,Autosomal recessive,1,Yes,3/29/2024 11:35:35,Definitive,1,"1-HP:0001249,1-HP:0001250,3-HP:0001249"
1849,4185,HGNC:29127,FRYL,MONDO:0001071,intellectual disability,HP:0000006,Autosomal dominant inheritance,Autosomal dominant,1,Yes,3/29/2024 11:47:38,Definitive,1,"1-HP:0000119,1-HP:0000707,1-HP:0000708,1-HP:0001249,1-HP:0001627,1-HP:0001999,2-HP:0001250,2-HP:0002011,2-HP:0011024"
1850,4187,HGNC:9758,RAB1A,MONDO:0001071,intellectual disability,HP:0000006,Autosomal dominant inheritance,Autosomal dominant,1,Yes,3/29/2024 12:20:40,Definitive,1,"1-HP:0000707,1-HP:0000708,1-HP:0001249,2-HP:0001249,2-HP:0001250,3-HP:0001249"
1851,4191,HGNC:12666,VCP,MONDO:0001071,intellectual disability,HP:0000006,Autosomal dominant inheritance,Autosomal dominant,1,Yes,4/1/2024 15:48:04,Definitive,1,"1-HP:0000256,1-HP:0000478,1-HP:0000708,1-HP:0001249,1-HP:0001249,1-HP:0001250,1-HP:0001256,1-HP:0001999,1-HP:0002342,1-HP:0006889,1-HP:0010864"
1852,4193,HGNC:24948,DOT1L,MONDO:0001071,intellectual disability,HP:0000006,Autosomal dominant inheritance,Autosomal dominant,1,Yes,4/1/2024 15:59:20,Definitive,1,"1-HP:0000119,1-HP:0000119,1-HP:0000119,1-HP:0000252,1-HP:0000252,1-HP:0000252,1-HP:0000365,1-HP:0000365,1-HP:0000365,1-HP:0000707,1-HP:0000707,1-HP:0000707,1-HP:0000708,1-HP:0000708,1-HP:0000924,1-HP:0000924,1-HP:0000924,1-HP:0001249,1-HP:0001249,1-HP:0001249,1-HP:0001256,1-HP:0001256,1-HP:0001256,1-HP:0001627,1-HP:0001627,1-HP:0001627,1-HP:0001999,1-HP:0001999,1-HP:0002011,1-HP:0002011,1-HP:0002011,1-HP:0002342,1-HP:0002342,1-HP:0002342,1-HP:0004322,1-HP:0004322,1-HP:0004322,1-HP:0006889,1-HP:0006889,1-HP:0010864,1-HP:0010864,1-HP:0010864,2-HP:0000256,2-HP:0000256,2-HP:0000256"
1853,4198,HGNC:5035,HNRNPC,OMIM:620688,"Intellectual developmental disorder, autosomal dominant 74",HP:0000006,Autosomal dominant inheritance,Autosomal dominant,1,Yes,4/1/2024 16:30:28,Definitive,1,"1-HP:0000252,1-HP:0000707,1-HP:0000708,1-HP:0001249,1-HP:0001999,1-HP:0002011,1-HP:0004322,2-HP:0001250"
1854,4200,HGNC:37247,BORCS8,MONDO:0005071,nervous system disorders,HP:0000007,Autosomal recessive inheritance,Autosomal recessive,1,Yes,4/1/2024 16:51:15,Definitive,1,"1-HP:0000478,1-HP:0000707,1-HP:0001249,1-HP:0001999,1-HP:0002011,1-HP:0002187,1-HP:0002376,1-HP:0003011,1-HP:0010864"
1855,4204,HGNC:14630,CRELD1,OMIM:620771,Jeffries-Lakhani neurodevelopmental syndrome,HP:0000007,Autosomal recessive inheritance,Autosomal recessive,1,Yes,4/1/2024 17:23:28,Definitive,1,"1-HP:0000478,1-HP:0000707,1-HP:0001249,1-HP:0001250,1-HP:0001999,1-HP:0002011,1-HP:0002376,1-HP:0002715,1-HP:0010864,1-HP:0011420,4-HP:0001627"
1856,4206,HGNC:14539,RNF213,MONDO:0005066,metabolic disease,HP:0000006,Autosomal dominant inheritance,Autosomal dominant,1,Yes,4/1/2024 17:32:48,Definitive,1,"1-HP:0000707,1-HP:0001249,1-HP:0001250,1-HP:0001256,1-HP:0001627,1-HP:0001939,1-HP:0002187,1-HP:0002342,1-HP:0003676,1-HP:0006889,1-HP:0010864,1-HP:0011420"
1857,4208,HGNC:30690,SP9,MONDO:0001071,intellectual disability,HP:0000006,Autosomal dominant inheritance,Autosomal dominant,1,Yes,4/1/2024 17:40:28,Definitive,1,"1-HP:0000252,1-HP:0000707,1-HP:0000708,1-HP:0001249,1-HP:0001250,1-HP:0001999,1-HP:0002011"
1858,4209,HGNC:23019,ZRSR2,MONDO:0002254,syndromic disease,HP:0001417,X-linked other inheritance,X-linked,1,Yes,4/1/2024 17:47:37,Definitive,1,"1-HP:0000478,1-HP:0000818,1-HP:0001249,1-HP:0001256,1-HP:0001999,1-HP:0002011,1-HP:0004322,1-HP:0006889,1-HP:0040064"
1859,4211,HGNC:815,ATP2B2,MONDO:0001071,intellectual disability,HP:0000006,Autosomal dominant inheritance,Autosomal dominant,1,Yes,4/1/2024 18:01:14,Definitive,1,"1-HP:0000478,1-HP:0000478,1-HP:0000478,1-HP:0000707,1-HP:0000707,1-HP:0000707,1-HP:0000708,1-HP:0000708,1-HP:0000708,1-HP:0001249,1-HP:0001249,1-HP:0001249,1-HP:0001250,1-HP:0001250,1-HP:0001250,2-HP:0000365,2-HP:0000365,2-HP:0002011,2-HP:0002011,2-HP:0002011"
1860,4214,HGNC:9154,PNKP,OMIM:616267,Ataxia-oculomotor apraxia 4,HP:0000007,Autosomal recessive inheritance,Autosomal recessive,1,Yes,4/11/2024 7:40:58,Definitive,1,"1-HP:0000707,1-HP:0001249,1-HP:0002011,1-HP:0003676"
1861,4215,HGNC:10979,SLC25A1,OMIM:618197,"Myasthenic syndrome, congenital, 23, presynaptic",HP:0000007,Autosomal recessive inheritance,Autosomal recessive,1,Yes,4/29/2024 14:02:59,Definitive,1,"1-HP:0000478,1-HP:0001249,1-HP:0001256,1-HP:0002342,1-HP:0003011,1-HP:0006889"
1862,4220,HGNC:19685,SEPHS1,MONDO:0001071,intellectual disability,HP:0000006,Autosomal dominant inheritance,Autosomal dominant,1,Yes,5/6/2024 16:40:39,Definitive,1,"1-HP:0000478,1-HP:0000707,1-HP:0000708,1-HP:0000818,1-HP:0001249,1-HP:0001999,1-HP:0004322,1-HP:0011024,2-HP:0001627"
1863,4221,HGNC:19192,DOCK4,MONDO:0001071,intellectual disability,HP:0000006,Autosomal dominant inheritance,Autosomal dominant,1,Yes,5/6/2024 16:53:41,Definitive,1,"1-HP:0000707,1-HP:0000708,1-HP:0001249,1-HP:0001256,1-HP:0002011,1-HP:0002342,1-HP:0006889,1-HP:0010864,2-HP:0000252,2-HP:0001250"
1864,4222,HGNC:4846,HCN2,OMIM:602477_3,"{Epilepsy, idiopathic generalized, susceptibility to, 17}",HP:0000006,Autosomal dominant inheritance,Autosomal dominant,1,Yes,5/6/2024 17:13:22,Definitive,1,"1-HP:0001249,1-HP:0001250,1-HP:0001256,1-HP:0002187,1-HP:0002342,1-HP:0006889,1-HP:0010864"
1865,4226,HGNC:25228,SGSM3,MONDO:0001071,intellectual disability,HP:0000007,Autosomal recessive inheritance,Autosomal recessive,1,Yes,5/6/2024 17:48:49,Definitive,1,"1-HP:0000707,1-HP:0000707,1-HP:0000708,1-HP:0000708,1-HP:0001249,1-HP:0001249,1-HP:0001256,1-HP:0001256,1-HP:0004322,1-HP:0004322,1-HP:0006889,1-HP:0006889"
1866,4231,HGNC:13506,FEZF2,MONDO:0001071,intellectual disability,HP:0000006,Autosomal dominant inheritance,Autosomal dominant,1,Yes,5/14/2024 13:20:15,Definitive,1,"1-HP:0000708,1-HP:0001249,1-HP:0001999"
1867,4232,HGNC:4982,HMBS,OMIM:620704,"Encephalopathy, porphyria-related",HP:0000007,Autosomal recessive inheritance,Autosomal recessive,1,Yes,5/14/2024 13:42:07,Definitive,1,"1-HP:0000707,1-HP:0001249,1-HP:0001939,1-HP:0011420"
1868,4234,HGNC:14944,PPP1R3F,MONDO:0001071,intellectual disability,HP:0001419,X-linked recessive inheritance,X-linked,1,Yes,5/25/2024 11:08:05,Definitive,1,"1-HP:0000707,1-HP:0000708,1-HP:0001249,1-HP:0001250,1-HP:0001256,1-HP:0002011"
1869,4236,HGNC:9785,RAB5C,MONDO:0001071,intellectual disability,HP:0000006,Autosomal dominant inheritance,Autosomal dominant,1,Yes,5/25/2024 11:28:18,Definitive,1,"1-HP:0000256,1-HP:0001249,1-HP:0001256,1-HP:0002342,2-HP:0001250"
1870,4237,HGNC:26955,ZBTB47,MONDO:0001071,intellectual disability,HP:0000006,Autosomal dominant inheritance,Autosomal dominant,1,Yes,5/25/2024 11:36:19,Definitive,1,"1-HP:0000707,1-HP:0000708,1-HP:0001249,1-HP:0001250,1-HP:0001999,1-HP:0002342,1-HP:0002715,1-HP:0011024,2-HP:0002011"
1871,4238,HGNC:17896,PRPF19,MONDO:0001071,intellectual disability,HP:0000006,Autosomal dominant inheritance,Autosomal dominant,1,Yes,5/25/2024 11:53:45,Definitive,1,"1-HP:0000478,1-HP:0000708,1-HP:0001249,1-HP:0001256,1-HP:0001999,1-HP:0006889,2-HP:0001250"
1872,4239,HGNC:1503,CASP2,OMIM:620653,"Intellectual developmental disorder, autosomal recessive 80, with variant lissencephaly",HP:0000007,Autosomal recessive inheritance,Autosomal recessive,1,Yes,5/25/2024 11:54:15,Definitive,1,"1-HP:0000707,1-HP:0000708,1-HP:0001249,1-HP:0001256,1-HP:0002011,1-HP:0002342"
1873,4252,HGNC:4341,GLUL,OMIM:620806,Developmental and epileptic encephalopathy 116,HP:0000006,Autosomal dominant inheritance,Autosomal dominant,1,Yes,5/25/2024 17:33:01,Definitive,1,"1-HP:0000707,1-HP:0000707,1-HP:0001249,1-HP:0001249,1-HP:0001250,1-HP:0001250,1-HP:0002011,1-HP:0002011,1-HP:0002187,1-HP:0002187,1-HP:0010864,1-HP:0010864"
1874,4253,HGNC:11018,SLC32A1,OMIM:620774,Developmental and epileptic encephalopathy 114,HP:0000006,Autosomal dominant inheritance,Autosomal dominant,1,Yes,5/25/2024 17:34:26,Definitive,1,"1-HP:0000707,1-HP:0001249,1-HP:0001250,1-HP:0002011,1-HP:0002342,1-HP:0010864,3-HP:0002376"
1875,4254,HGNC:17028,SNF8,OMIM:620783,Developmental and epileptic encephalopathy 115,HP:0000007,Autosomal recessive inheritance,Autosomal recessive,1,Yes,5/25/2024 17:39:45,Definitive,1,"1-HP:0000478,1-HP:0000478,1-HP:0000707,1-HP:0000707,1-HP:0001249,1-HP:0001249,1-HP:0002011,1-HP:0002011,1-HP:0002187,1-HP:0011420,1-HP:0011420,3-HP:0001250,3-HP:0001250"
1876,4255,HGNC:17028,SNF8,OMIM:620784,Neurodevelopmental disorder plus optic atrophy,HP:0000007,Autosomal recessive inheritance,Autosomal recessive,1,Yes,5/25/2024 17:42:15,Definitive,1,"1-HP:0000478,1-HP:0000707,1-HP:0001249,1-HP:0001256,1-HP:0002011"
1877,4257,HGNC:6254,KCNH5,OMIM:620537,Developmental and epileptic encephalopathy 112,HP:0000006,Autosomal dominant inheritance,Autosomal dominant,1,Yes,5/25/2024 17:50:57,Definitive,1,"1-HP:0001249,1-HP:0001250,1-HP:0001256,1-HP:0002187,1-HP:0002342,1-HP:0006889,1-HP:0010864"
1878,4258,HGNC:18423,DEPDC5,OMIM:620504,Developmental and epileptic encephalopathy 111,HP:0000007,Autosomal recessive inheritance,Autosomal recessive,1,Yes,5/25/2024 17:52:04,Definitive,1,"1-HP:0000256,1-HP:0000478,1-HP:0001249,1-HP:0001250,1-HP:0001999,1-HP:0002011,1-HP:0002187,1-HP:0002715,1-HP:0010864,1-HP:0011420,2-HP:0000077,2-HP:0001627"
1879,4265,HGNC:10259,RORB,OMIM:618357,"{Epilepsy, idiopathic generalized, susceptibility to, 15}",HP:0000006,Autosomal dominant inheritance,Autosomal dominant,1,Yes,5/27/2024 17:07:02,Definitive,1,"1-HP:0000708,1-HP:0001249,1-HP:0001249,1-HP:0001249,1-HP:0001250,1-HP:0001256,1-HP:0002342,1-HP:0006889"
1880,4276,HGNC:3976,FTH1,OMIM:620669,Neurodegeneration with brain iron accumulation 9,HP:0000006,Autosomal dominant inheritance,Autosomal dominant,1,Yes,5/27/2024 17:47:27,Definitive,1,"1-HP:0000252,1-HP:0000707,1-HP:0001249,1-HP:0002011,1-HP:0002187,1-HP:0002376,1-HP:0004322,1-HP:0010864"
1881,4280,HGNC:6532,LDB1,MONDO:0001071,intellectual disability,HP:0000006,Autosomal dominant inheritance,Autosomal dominant,1,Yes,5/27/2024 17:56:24,Definitive,1,"1-HP:0000707,1-HP:0000707,1-HP:0001249,1-HP:0001249,1-HP:0001249,1-HP:0001250,1-HP:0001999,1-HP:0002011,1-HP:0002011,1-HP:0011024,2-HP:0001627"
1882,4289,HGNC:11104,SMARCC1,OMIM:620241,"{Hydrocephalus, congenital, 5, susceptibility to}",HP:0000006,Autosomal dominant inheritance,Autosomal dominant,1,Yes,5/28/2024 7:10:11,Definitive,1,"1-HP:0000202,1-HP:0000708,1-HP:0000924,1-HP:0001249,1-HP:0001249,1-HP:0001250,1-HP:0001999,1-HP:0002011"
1883,4293,HGNC:25416,ATXN7L3,MONDO:0001071,intellectual disability,HP:0000006,Autosomal dominant inheritance,Autosomal dominant,1,Yes,5/30/2024 17:14:24,Definitive,1,"1-HP:0001249,1-HP:0001999,1-HP:0002011"
1884,4296,HGNC:3033,ATN1,OMIM:125370,Dentatorubral-pallidoluysian atrophy,HP:0000006,Autosomal dominant inheritance,Autosomal dominant,1,Yes,6/8/2024 17:06:12,Definitive,1,"1-HP:0000707,1-HP:0001249,1-HP:0001250,1-HP:0002011,1-HP:0002376,1-HP:0003676,1-HP:0011420"
1885,4298,HGNC:33782,PTRHD1,OMIM:620747,Neurodevelopmental disorder with early-onset parkinsonism and behavioral abnormalities,HP:0000007,Autosomal recessive inheritance,Autosomal recessive,1,Yes,6/9/2024 8:01:58,Definitive,1,"1-HP:0000707,1-HP:0000707,1-HP:0000708,1-HP:0000708,1-HP:0001249,1-HP:0001249,1-HP:0001256,1-HP:0001256,1-HP:0002187,1-HP:0002342,1-HP:0002376,1-HP:0006889,1-HP:0010864,2-HP:0001250,4-HP:0002011"
1886,4304,HGNC:9556,PSMD11,MONDO:0001071,intellectual disability,HP:0000006,Autosomal dominant inheritance,Autosomal dominant,1,Yes,6/25/2024 16:07:49,Definitive,1,"1-HP:0000708,1-HP:0001249,1-HP:0001256,1-HP:0001513,1-HP:0001999,1-HP:0002342,1-HP:0006889"
1887,4307,HGNC:23837,ANO4,MONDO:0100062,developmental and epileptic encephalopathy,HP:0000006,Autosomal dominant inheritance,Autosomal dominant,1,Yes,6/25/2024 16:23:32,Definitive,1,"1-HP:0000478,1-HP:0000478,1-HP:0000707,1-HP:0000707,1-HP:0000924,1-HP:0000924,1-HP:0001249,1-HP:0001249,1-HP:0001250,1-HP:0001250,1-HP:0002011,1-HP:0002011,1-HP:0002187,1-HP:0002187,1-HP:0002342,1-HP:0002342,1-HP:0002376,1-HP:0002376,1-HP:0010864,1-HP:0010864,2-HP:0000252,2-HP:0004322"
1888,4308,HGNC:25956,VPS50,OMIM:619685,"Neurodevelopmental disorder with microcephaly, seizures, and neonatal cholestasis",HP:0000007,Autosomal recessive inheritance,Autosomal recessive,1,Yes,6/25/2024 16:36:17,Definitive,1,"1-HP:0000252,1-HP:0001249,1-HP:0001249,1-HP:0001250,1-HP:0001939,1-HP:0002011,1-HP:0002187,1-HP:0010864,1-HP:0011024,2-HP:0011420"
1889,4309,HGNC:32669,TRIM71,OMIM:618667,"Hydrocephalus, congenital, 4",HP:0000006,Autosomal dominant inheritance,Autosomal dominant,1,Yes,6/25/2024 17:16:55,Definitive,1,"1-HP:0000707,1-HP:0000708,1-HP:0001249,1-HP:0001999,1-HP:0002011,1-HP:0040064,2-HP:0000365,2-HP:0001627"
1890,4311,HGNC:9407,PRKD1,OMIM:617364,Congenital heart defects and ectodermal dysplasia,HP:0000006,Autosomal dominant inheritance,Autosomal dominant,1,Yes,6/25/2024 17:40:52,Definitive,1,"1-HP:0000252,1-HP:0000707,1-HP:0000924,1-HP:0001249,1-HP:0001249,1-HP:0001574,1-HP:0001627,1-HP:0001999,1-HP:0040064,2-HP:0000478"
1891,4315,HGNC:9104,PLXNB2,MONDO:0001071,intellectual disability,HP:0000007,Autosomal recessive inheritance,Autosomal recessive,1,Yes,6/28/2024 13:51:14,Definitive,1,"1-HP:0000365,1-HP:0000478,1-HP:0001249,1-HP:0001574"
1892,4317,HGNC:2079,CLN8,OMIM:610003,"Ceroid lipofuscinosis, neuronal, 8, Northern epilepsy variant",HP:0000007,Autosomal recessive inheritance,Autosomal recessive,1,Yes,7/11/2024 8:31:54,Definitive,1,"1-HP:0000707,1-HP:0001249,1-HP:0001250,1-HP:0001939,1-HP:0002376"
1893,4318,HGNC:8582,PAH,OMIM:261600_1,Phenylketonuria,HP:0000007,Autosomal recessive inheritance,Autosomal recessive,1,Yes,8/27/2024 7:24:07,Definitive,1,"1-HP:0000707,1-HP:0000708,1-HP:0001249,1-HP:0001250,1-HP:0001256,1-HP:0001939,1-HP:0002011,1-HP:0002187,1-HP:0002342,1-HP:0010864"
1894,4320,HGNC:4878,HEXA,OMIM:272800_1,"GM2-gangliosidosis, several forms",HP:0000007,Autosomal recessive inheritance,Autosomal recessive,1,Yes,8/27/2024 7:34:02,Definitive,1,"1-HP:0000256,1-HP:0000478,1-HP:0000707,1-HP:0001249,1-HP:0001250,1-HP:0001939,1-HP:0002011,1-HP:0002376,1-HP:0003676,1-HP:0011420"
1895,4321,HGNC:12869,ZFX,OMIM:301118,"Intellectual developmental disorder, X-linked syndromic 37",HP:0001417,X-linked other inheritance,X-linked,1,Yes,9/4/2024 10:46:39,Definitive,1,"1-HP:0000077,1-HP:0000119,1-HP:0000256,1-HP:0000365,1-HP:0000478,1-HP:0000708,1-HP:0000818,1-HP:0000924,1-HP:0001249,1-HP:0001627,1-HP:0001999,1-HP:0002011,1-HP:0004322,1-HP:0011024"
1896,4325,HGNC:12997,ZSCAN10,OMIM:620910,Otofacial neurodevelopmental syndrome,HP:0000007,Autosomal recessive inheritance,Autosomal recessive,1,Yes,9/5/2024 7:59:27,Definitive,1,"1-HP:0000365,1-HP:0000478,1-HP:0000708,1-HP:0001249,1-HP:0001256,1-HP:0001999,1-HP:0002342,1-HP:0010864,2-HP:0000119"
1897,4326,HGNC:17806,ZFTRAF1,MONDO:0001071,intellectual disability,HP:0000007,Autosomal recessive inheritance,Autosomal recessive,1,Yes,9/5/2024 8:05:54,Definitive,1,"1-HP:0000252,1-HP:0000707,1-HP:0001249,1-HP:0001256,1-HP:0002342,1-HP:0003676,1-HP:0010864"
1898,4328,HGNC:9888,RBBP5,MONDO:0001071,intellectual disability,HP:0000006,Autosomal dominant inheritance,Autosomal dominant,1,Yes,9/5/2024 11:20:39,Definitive,1,"1-HP:0000119,1-HP:0000119,1-HP:0000252,1-HP:0000252,1-HP:0000708,1-HP:0000708,1-HP:0000924,1-HP:0000924,1-HP:0001249,1-HP:0001249,1-HP:0001256,1-HP:0001256,1-HP:0001999,1-HP:0001999,1-HP:0002342,1-HP:0002342,1-HP:0004322,1-HP:0004322,1-HP:0010864,1-HP:0010864"
1899,4330,HGNC:7883,NOTCH3,MONDO:0001071,intellectual disability,HP:0000007,Autosomal recessive inheritance,Autosomal recessive,1,Yes,9/5/2024 11:24:33,Definitive,1,"1-HP:0000252,1-HP:0000707,1-HP:0000708,1-HP:0001249,1-HP:0001250,1-HP:0001256,1-HP:0001574,1-HP:0002011,1-HP:0002342,1-HP:0010864"
1900,4336,HGNC:29531,LARP1,MONDO:0001071,intellectual disability,HP:0000006,Autosomal dominant inheritance,Autosomal dominant,1,Yes,9/5/2024 15:54:42,Definitive,1,"1-HP:0000707,1-HP:0000708,1-HP:0001249,1-HP:0001250,1-HP:0001999"
1901,4339,HGNC:10193,RNU4-2,OMIM:620851,ReNU syndrome,HP:0000006,Autosomal dominant inheritance,Autosomal dominant,1,Yes,9/5/2024 16:22:56,Definitive,1,"1-HP:0000252,1-HP:0000252,1-HP:0000252,1-HP:0000924,1-HP:0000924,1-HP:0000924,1-HP:0001249,1-HP:0001249,1-HP:0001249,1-HP:0001250,1-HP:0001250,1-HP:0001250,1-HP:0001999,1-HP:0001999,1-HP:0001999,1-HP:0002011,1-HP:0002011,1-HP:0002011,1-HP:0002342,1-HP:0002342,1-HP:0002342,1-HP:0004322,1-HP:0004322,1-HP:0004322,1-HP:0010864,1-HP:0010864,1-HP:0010864,1-HP:0011024,1-HP:0011024,1-HP:0011024"
1902,4340,HGNC:2244,COQ7,OMIM:616733,"Coenzyme Q10 deficiency, primary, 8",HP:0000007,Autosomal recessive inheritance,Autosomal recessive,1,Yes,9/5/2024 16:26:07,Definitive,1,"1-HP:0000707,1-HP:0001249,1-HP:0001627,1-HP:0001999,1-HP:0002011,1-HP:0003676,1-HP:0011420,1-HP:0012103"
1903,4344,HGNC:25525,NDC1,MONDO:0001071,intellectual disability,HP:0000007,Autosomal recessive inheritance,Autosomal recessive,1,Yes,9/5/2024 16:46:43,Definitive,1,"1-HP:0000707,1-HP:0001249,1-HP:0001256,1-HP:0002342,1-HP:0004322,1-HP:0006889,1-HP:0010864,2-HP:0001250"
1904,4345,HGNC:15998,NAV3,MONDO:0001071,intellectual disability,HP:0000007,Autosomal recessive inheritance,Autosomal recessive,1,Yes,9/5/2024 16:49:10,Definitive,1,"1-HP:0000252,1-HP:0000252,1-HP:0000707,1-HP:0000707,1-HP:0000708,1-HP:0000708,1-HP:0001249,1-HP:0001249,1-HP:0001256,1-HP:0001256,1-HP:0001999,1-HP:0001999,1-HP:0002342,1-HP:0002342,1-HP:0010864,1-HP:0010864"
1905,4347,HGNC:30402,SENP7,MONDO:0002254,syndromic disease,HP:0000007,Autosomal recessive inheritance,Autosomal recessive,1,Yes,9/5/2024 16:52:10,Definitive,1,"1-HP:0001249,1-HP:0001250,1-HP:0001871,1-HP:0001999,1-HP:0002011,1-HP:0002715,1-HP:0011420"
1906,4348,HGNC:1310,TMEM184B,MONDO:0001071,intellectual disability,HP:0000006,Autosomal dominant inheritance,Autosomal dominant,1,Yes,9/5/2024 16:54:19,Definitive,1,"1-HP:0000252,1-HP:0001249,1-HP:0001250,1-HP:0002011"
1907,4352,HGNC:28900,PNPLA8,OMIM:251950,?Mitochondrial myopathy with lactic acidosis,HP:0000007,Autosomal recessive inheritance,Autosomal recessive,1,Yes,9/5/2024 17:02:51,Definitive,1,"1-HP:0000252,1-HP:0000707,1-HP:0001249,1-HP:0001250,1-HP:0002011"
1908,4355,HGNC:6091,INSR,OMIM:246200,Donohue syndrome,HP:0000007,Autosomal recessive inheritance,Autosomal recessive,1,Yes,9/19/2024 16:01:41,Definitive,1,"1-HP:0000119,1-HP:0000707,1-HP:0000818,1-HP:0001249,1-HP:0001574,1-HP:0001939,1-HP:0001999,1-HP:0004322"
1909,4356,HGNC:6091,INSR,OMIM:262190,Rabson-Mendenhall syndrome,HP:0000007,Autosomal recessive inheritance,Autosomal recessive,1,Yes,9/19/2024 16:02:52,Definitive,1,"1-HP:0000119,1-HP:0000707,1-HP:0000818,1-HP:0001249,1-HP:0001939,1-HP:0001999,1-HP:0004322"
1910,4362,HGNC:28483,TMEM161B,MONDO:0020022,central nervous system malformation,HP:0000007,Autosomal recessive inheritance,Autosomal recessive,1,Yes,9/20/2024 9:38:50,Definitive,1,"1-HP:0000252,1-HP:0000707,1-HP:0001249,1-HP:0001250,1-HP:0002011,1-HP:0002187,1-HP:0002342,1-HP:0010864"
1911,4378,HGNC:3284,EIF4A2,OMIM:620455_2,"Neurodevelopmental disorder with hypotonia and speech delay, with or without seizures",HP:0000006,Autosomal dominant inheritance,Autosomal dominant,1,Yes,9/23/2024 16:14:21,Definitive,1,"1-HP:0000707,1-HP:0000708,1-HP:0001249,1-HP:0001250,1-HP:0001256,1-HP:0002011,1-HP:0002342,1-HP:0006889,1-HP:0010864,2-HP:0000708"
1912,4381,HGNC:13054,ZMYM3,OMIM:301111,"Intellectual developmental disorder, X-linked 112",HP:0001417,X-linked other inheritance,X-linked,1,Yes,9/23/2024 16:20:52,Definitive,1,"1-HP:0000119,1-HP:0000708,1-HP:0000924,1-HP:0001249,1-HP:0001999,1-HP:0004322,2-HP:0000707,3-HP:0000252"
1913,4398,HGNC:12303,TRIO,OMIM:618825,"Intellectual developmental disorder, autosomal dominant 63, with macrocephaly",HP:0000006,Autosomal dominant inheritance,Autosomal dominant,1,Yes,9/26/2024 8:04:10,Definitive,1,"1-HP:0000256,1-HP:0000708,1-HP:0000924,1-HP:0001249,1-HP:0001250,1-HP:0001999,1-HP:0002342,1-HP:0004322,1-HP:0010864,1-HP:0011024"
1914,4399,HGNC:19129,PSAT1,OMIM:610992,Phosphoserine aminotransferase deficiency,HP:0000007,Autosomal recessive inheritance,Autosomal recessive,1,Yes,9/26/2024 8:19:35,Definitive,1,"1-HP:0000252,1-HP:0000707,1-HP:0001249,1-HP:0001939,1-HP:0001999,1-HP:0002011,1-HP:0002187,1-HP:0002342,1-HP:0004322,1-HP:0010864,2-HP:0001250,2-HP:0011420"
1915,4401,HGNC:20893,BCOR,OMIM:300166,"Microphthalmia, syndromic 2",HP:0001417,X-linked other inheritance,X-linked,1,Yes,9/26/2024 13:00:51,Definitive,1,"1-HP:0000202,1-HP:0000478,1-HP:0000924,1-HP:0001249,1-HP:0001256,1-HP:0001627,1-HP:0001999,1-HP:0002011,1-HP:0002342,1-HP:0006889,2-HP:0000252,2-HP:0004322"
1916,4402,HGNC:11494,SYN1,OMIM:300115,"Intellectual developmental disorder, X-linked 50",HP:0001417,X-linked other inheritance,X-linked,1,Yes,9/26/2024 13:40:15,Definitive,1,"1-HP:0000708,1-HP:0001249"
1917,4405,HGNC:10585,SCN1A,OMIM:619317,"Developmental and epileptic encephalopathy 6B, non-Dravet",HP:0000006,Autosomal dominant inheritance,Autosomal dominant,1,Yes,9/26/2024 16:54:44,Definitive,1,"1-HP:0000707,1-HP:0000708,1-HP:0001249,1-HP:0001250,1-HP:0002011,1-HP:0002187,2-HP:0002376"
1918,4407,HGNC:6221,KCNA3,MONDO:0100062,developmental and epileptic encephalopathy,HP:0000006,Autosomal dominant inheritance,Autosomal dominant,1,Yes,9/27/2024 11:21:32,Definitive,1,"1-HP:0000708,1-HP:0001249,1-HP:0001250,1-HP:0001256,1-HP:0002342,1-HP:0006889,1-HP:0010864"
1919,4409,HGNC:3380,EPB41L3,MONDO:0100062,developmental and epileptic encephalopathy,HP:0000007,Autosomal recessive inheritance,Autosomal recessive,1,Yes,10/18/2024 16:40:49,Definitive,1,"1-HP:0000707,1-HP:0001249,1-HP:0001250,1-HP:0001256,1-HP:0002011,1-HP:0002342,1-HP:0002376,1-HP:0010864"
1920,4412,HGNC:30972,SECISBP2,OMIM:609698,"Thyroid hormone metabolism, abnormal, 1",HP:0000007,Autosomal recessive inheritance,Autosomal recessive,1,Yes,11/30/2024 16:57:43,Definitive,1,"1-HP:0000365,1-HP:0000365,1-HP:0000707,1-HP:0000707,1-HP:0000818,1-HP:0000818,1-HP:0001249,1-HP:0001249,1-HP:0001256,1-HP:0001256,1-HP:0002342,1-HP:0002342,1-HP:0004322,1-HP:0004322,1-HP:0006889,1-HP:0006889,1-HP:0010864,1-HP:0010864"
1921,4416,HGNC:30512,WDR44,MONDO:0002254,syndromic disease,HP:0001419,X-linked recessive inheritance,X-linked,1,Yes,11/30/2024 17:43:28,Definitive,1,"1-HP:0000077,1-HP:0000119,1-HP:0000252,1-HP:0000707,1-HP:0000924,1-HP:0001249,1-HP:0001256,1-HP:0001627,1-HP:0001999,1-HP:0002011,1-HP:0002342,1-HP:0040064"
1922,4427,HGNC:20714,ZDHHC16,MONDO:0001071,intellectual disability,HP:0000007,Autosomal recessive inheritance,Autosomal recessive,1,Yes,12/1/2024 10:14:09,Definitive,1,"1-HP:0000252,1-HP:0001249,1-HP:0001250,1-HP:0002011,1-HP:0002376"
1923,4441,HGNC:18711,LGI3,OMIM:620007,Intellectual developmental disorder with muscle tone abnormalities and distal skeletal defects,HP:0000007,Autosomal recessive inheritance,Autosomal recessive,1,Yes,12/2/2024 18:19:03,Definitive,1,"1-HP:0000707,1-HP:0001249,1-HP:0001249,1-HP:0001256,1-HP:0002342,1-HP:0003011,1-HP:0011024"
1924,4445,HGNC:29029,TTI1,OMIM:620445,Neurodevelopmental disorder with microcephaly and movement abnormalities,HP:0000007,Autosomal recessive inheritance,Autosomal recessive,1,Yes,1/6/2025 13:55:01,Definitive,1,"1-HP:0000252,1-HP:0000478,1-HP:0000707,1-HP:0000708,1-HP:0000818,1-HP:0000924,1-HP:0001249,1-HP:0001250,1-HP:0001256,1-HP:0001999,1-HP:0002011,1-HP:0002342,1-HP:0004322,1-HP:0010864,2-HP:0001250"
1925,4446,HGNC:20157,HECTD1,MONDO:0001071,intellectual disability,HP:0000006,Autosomal dominant inheritance,Autosomal dominant,1,Yes,2/3/2025 8:35:30,Definitive,1,"1-HP:0000707,1-HP:0000708,1-HP:0001249,1-HP:0001250,1-HP:0001256,1-HP:0002011,1-HP:0002342,1-HP:0006889"
1926,4448,HGNC:26517,KICS2,MONDO:0001071,intellectual disability,HP:0000007,Autosomal recessive inheritance,Autosomal recessive,1,Yes,2/3/2025 8:45:57,Definitive,1,"1-HP:0000707,1-HP:0000708,1-HP:0001249,1-HP:0001250,1-HP:0001256,1-HP:0001999,1-HP:0002342,1-HP:0010864,2-HP:0002011"
1927,4449,HGNC:24614,EEFSEC,MONDO:0001071,intellectual disability,HP:0000007,Autosomal recessive inheritance,Autosomal recessive,1,Yes,2/3/2025 9:01:53,Definitive,1,"1-HP:0000252,1-HP:0000478,1-HP:0000707,1-HP:0001249,1-HP:0001250,1-HP:0002011,1-HP:0002342,1-HP:0003676,1-HP:0010864"
1928,4450,HGNC:16806,UBR5,MONDO:0001071,intellectual disability,HP:0000006,Autosomal dominant inheritance,Autosomal dominant,1,Yes,2/3/2025 9:24:07,Definitive,1,"1-HP:0000707,1-HP:0000708,1-HP:0001249,1-HP:0001250,1-HP:0001999"
1929,4451,HGNC:11958,EP400,MONDO:0001071,intellectual disability,HP:0000007,Autosomal recessive inheritance,Autosomal recessive,1,Yes,2/3/2025 9:38:19,Definitive,1,"1-HP:0000708,1-HP:0001249,1-HP:0001250,1-HP:0001256,1-HP:0002342,1-HP:0010864"
1930,4453,HGNC:2673,DAP3,MONDO:0044970,mitochondrial disease,HP:0000007,Autosomal recessive inheritance,Autosomal recessive,1,Yes,2/3/2025 9:58:23,Definitive,1,"1-HP:0000365,1-HP:0000818,1-HP:0001249,1-HP:0001250,1-HP:0001256,1-HP:0002342,1-HP:0006889,1-HP:0010864,1-HP:0012103"
1931,4455,HGNC:10480,RYBP,MONDO:0002254,syndromic disease,HP:0000006,Autosomal dominant inheritance,Autosomal dominant,1,Yes,2/3/2025 11:08:13,Definitive,1,"1-HP:0000119,1-HP:0000478,1-HP:0000708,1-HP:0000924,1-HP:0001249,1-HP:0001627,1-HP:0001999,1-HP:0004322,1-HP:0011024,2-HP:0000252,2-HP:0000365"
1932,4467,HGNC:29141,WDR47,MONDO:0020022,central nervous system malformation,HP:0000007,Autosomal recessive inheritance,Autosomal recessive,1,Yes,2/4/2025 11:32:22,Definitive,1,"1-HP:0000252,1-HP:0000707,1-HP:0001249,1-HP:0001250,1-HP:0001256,1-HP:0001999,1-HP:0002011,1-HP:0002342,1-HP:0010864"
1933,4468,HGNC:28611,RICTOR,MONDO:0001071,intellectual disability,HP:0000006,Autosomal dominant inheritance,Autosomal dominant,1,Yes,2/4/2025 12:29:10,Definitive,1,"1-HP:0000252,1-HP:0000478,1-HP:0000708,1-HP:0001249,1-HP:0001999,1-HP:0002011"
1934,4471,HGNC:16835,TAOK2,MONDO:0001071,intellectual disability,HP:0000006,Autosomal dominant inheritance,Autosomal dominant,1,Yes,2/4/2025 12:44:02,Definitive,1,"1-HP:0000098,1-HP:0000256,1-HP:0000924,1-HP:0001249,1-HP:0001513,2-HP:0001999"
1935,4477,HGNC:11963,BHLHE22,MONDO:0001071,intellectual disability,HP:0000007,Autosomal recessive inheritance,Autosomal recessive,1,Yes,2/4/2025 16:00:55,Definitive,1,"1-HP:0000252,1-HP:0000707,1-HP:0001249,1-HP:0001250,1-HP:0001999,1-HP:0002011,1-HP:0002187"
1936,4478,HGNC:19304,SCAF4,OMIM:620511,Fliedner-Zweier syndrome,HP:0000006,Autosomal dominant inheritance,Autosomal dominant,1,Yes,2/4/2025 16:25:40,Definitive,1,"1-HP:0000077,1-HP:0000119,1-HP:0000119,1-HP:0000252,1-HP:0000478,1-HP:0000708,1-HP:0000708,1-HP:0000924,1-HP:0000924,1-HP:0001249,1-HP:0001249,1-HP:0001250,1-HP:0001250,1-HP:0001256,1-HP:0001256,1-HP:0001627,1-HP:0001999,1-HP:0002011,1-HP:0002342,1-HP:0002342,1-HP:0006889,2-HP:0004322"
1937,4491,HGNC:2973,DNM1L,MONDO:0044970,mitochondrial disease,HP:0000007,Autosomal recessive inheritance,Autosomal recessive,1,Yes,2/6/2025 15:38:58,Definitive,1,"1-HP:0000707,1-HP:0001249,1-HP:0001250,1-HP:0001939,1-HP:0002011,1-HP:0002376,1-HP:0011420,1-HP:0012103"
1938,4493,HGNC:26558,HYLS1,MONDO:0002254,syndromic disease,HP:0000007,Autosomal recessive inheritance,Autosomal recessive,1,Yes,2/6/2025 16:39:21,Definitive,1,"1-HP:0000707,1-HP:0001249,1-HP:0001999,1-HP:0002011,2-HP:0004322"
1939,4494,HGNC:11655,TCP1,OMIM:621021,Intellectual developmental disorder with polymicrogyria and seizures,HP:0000006,Autosomal dominant inheritance,Autosomal dominant,1,Yes,2/9/2025 10:06:14,Definitive,1,"1-HP:0000707,1-HP:0001249,1-HP:0001250,1-HP:0002011"
1940,4495,HGNC:30203,WDR83OS,OMIM:621016,Neurodevelopmental disorder with variable familial hypercholanemia,HP:0000007,Autosomal recessive inheritance,Autosomal recessive,1,Yes,2/9/2025 10:07:02,Definitive,1,"1-HP:0001249,1-HP:0001574,1-HP:0001939,1-HP:0001999,1-HP:0002342,1-HP:0010864,1-HP:0011024"
1941,4498,HGNC:11402,SRPK3,OMIM:301134,"Intellectual developmental disorder, X-linked 114",HP:0001417,X-linked other inheritance,X-linked,1,Yes,2/9/2025 10:19:34,Definitive,1,"1-HP:0000707,1-HP:0001249,1-HP:0002011"
1942,4500,HGNC:25544,MSL2,OMIM:620985,Karayol-Borroto-Haghshenas neurodevelopmental syndrome,HP:0000006,Autosomal dominant inheritance,Autosomal dominant,1,Yes,2/9/2025 10:24:16,Definitive,1,"1-HP:0000478,1-HP:0000707,1-HP:0000708,1-HP:0001249,1-HP:0001250,1-HP:0001999,1-HP:0002011,1-HP:0011024"
1943,4501,HGNC:3592,FARSA,OMIM:619013,?Rajab interstitial lung disease with brain calcifications 2,HP:0000007,Autosomal recessive inheritance,Autosomal recessive,1,Yes,2/9/2025 16:28:49,Definitive,1,"1-HP:0000252,1-HP:0000707,1-HP:0000924,1-HP:0001249,1-HP:0001939,1-HP:0002011,1-HP:0002715,1-HP:0011024,3-HP:0011420"
1944,4503,HGNC:29877,UBAP2L,OMIM:620494,"Neurodevelopmental disorder with impaired language, behavioral abnormalities, and dysmorphic facies",HP:0000006,Autosomal dominant inheritance,Autosomal dominant,1,Yes,2/11/2025 8:15:49,Definitive,1,"1-HP:0000478,1-HP:0000707,1-HP:0000708,1-HP:0000924,1-HP:0001249,1-HP:0001250,1-HP:0001256,1-HP:0002342,1-HP:0004322,1-HP:0006889,1-HP:0010864"
1945,4507,HGNC:11273,SPTAN1,OMIM:620540,Developmental delay with or without epilepsy,HP:0000006,Autosomal dominant inheritance,Autosomal dominant,1,Yes,2/17/2025 17:41:38,Definitive,1,"1-HP:0000478,1-HP:0000707,1-HP:0001249,1-HP:0001250,1-HP:0001256,1-HP:0002011,1-HP:0002342"
1946,4512,HGNC:6996,MEF2C,OMIM:613443_1,Chromosome 5q14.3 deletion syndrome,HP:0000006,Autosomal dominant inheritance,Autosomal dominant,1,Yes,2/26/2025 15:57:12,Definitive,1,"1-HP:0000478,1-HP:0000707,1-HP:0001249,1-HP:0001250,1-HP:0001627,1-HP:0001999,1-HP:0002187,1-HP:0002342,1-HP:0010864,1-HP:0011024"
1947,4519,HGNC:15663,UGGT1,MONDO:0005066,metabolic disease,HP:0000007,Autosomal recessive inheritance,Autosomal recessive,1,Yes,7/22/2025 12:13:27,Definitive,1,"1-HP:0000119,1-HP:0000252,1-HP:0000478,1-HP:0000707,1-HP:0000708,1-HP:0000924,1-HP:0001249,1-HP:0001250,1-HP:0001627,1-HP:0001939,1-HP:0001999,1-HP:0002011,1-HP:0002187,1-HP:0010864"
1948,4520,HGNC:13593,FBXO22,MONDO:0001071,intellectual disability,HP:0000007,Autosomal recessive inheritance,Autosomal recessive,1,Yes,7/22/2025 12:25:11,Definitive,1,"1-HP:0000252,1-HP:0000707,1-HP:0001249,1-HP:0001250,1-HP:0001999,1-HP:0004322"
1949,4521,HGNC:17556,MED16,MONDO:0001071,intellectual disability,HP:0000007,Autosomal recessive inheritance,Autosomal recessive,1,Yes,7/22/2025 12:38:46,Definitive,1,"1-HP:0000202,1-HP:0000365,1-HP:0000478,1-HP:0000708,1-HP:0001249,1-HP:0001250,1-HP:0001627,1-HP:0001999,1-HP:0002011,1-HP:0002187,1-HP:0002342,1-HP:0010864,1-HP:0040064,2-HP:0000252,2-HP:0004322"
1950,4522,HGNC:1176,MRPL49,MONDO:0044970,mitochondrial disease,HP:0000007,Autosomal recessive inheritance,Autosomal recessive,1,Yes,7/22/2025 12:46:57,Definitive,1,"1-HP:0000252,1-HP:0000365,1-HP:0000478,1-HP:0000818,1-HP:0001249,1-HP:0001256,1-HP:0002011,1-HP:0002342,1-HP:0006889"
1951,4524,HGNC:6572,LGI1,MONDO:0100062,developmental and epileptic encephalopathy,HP:0000007,Autosomal recessive inheritance,Autosomal recessive,1,Yes,7/22/2025 13:18:46,Definitive,1,"1-HP:0000707,1-HP:0001249,1-HP:0001250,1-HP:0001256,1-HP:0002011,1-HP:0002187,1-HP:0002342,1-HP:0010864"
1952,4526,HGNC:13917,DDX39B,MONDO:0001071,intellectual disability,HP:0000006,Autosomal dominant inheritance,Autosomal dominant,1,Yes,7/22/2025 13:27:49,Definitive,1,"1-HP:0000252,1-HP:0000707,1-HP:0000924,1-HP:0001249,1-HP:0001250,1-HP:0001256,1-HP:0001999,1-HP:0002342,1-HP:0004322,1-HP:0006889,1-HP:0010864"
1953,4527,HGNC:1117,BSN,MONDO:0001071,intellectual disability,HP:0000006,Autosomal dominant inheritance,Autosomal dominant,1,Yes,7/23/2025 12:53:38,Definitive,1,"1-HP:0000707,1-HP:0000708,1-HP:0001249,1-HP:0001250,1-HP:0001256,1-HP:0002342,1-HP:0006889,2-HP:0002011"
1954,4530,HGNC:10011,RHEB,MONDO:0001071,intellectual disability,HP:0000006,Autosomal dominant inheritance,Autosomal dominant,1,Yes,7/23/2025 15:41:16,Definitive,1,"1-HP:0000256,1-HP:0000708,1-HP:0001249,1-HP:0001250,1-HP:0001256,1-HP:0001999,1-HP:0002011,1-HP:0002187,1-HP:0002342,1-HP:0004322,1-HP:0010864"
1955,4534,HGNC:14015,CELF4,MONDO:0001071,intellectual disability,HP:0000006,Autosomal dominant inheritance,Autosomal dominant,1,Yes,7/23/2025 16:20:07,Definitive,1,"1-HP:0000098,1-HP:0000256,1-HP:0000707,1-HP:0000708,1-HP:0000924,1-HP:0001249,1-HP:0001250,1-HP:0001256,1-HP:0002342,1-HP:0006889,1-HP:0040064"
1956,4535,HGNC:10152,RNU2-2P,MONDO:0001071,intellectual disability,HP:0000006,Autosomal dominant inheritance,Autosomal dominant,1,Yes,7/24/2025 8:54:12,Definitive,1,"1-HP:0000252,1-HP:0000707,1-HP:0001249,1-HP:0001250,1-HP:0001999"
1957,4536,HGNC:10212,RNU5B-1,MONDO:0001071,intellectual disability,HP:0000006,Autosomal dominant inheritance,Autosomal dominant,1,Yes,7/24/2025 8:56:35,Definitive,1,"1-HP:0000252,1-HP:0000256,1-HP:0000478,1-HP:0000924,1-HP:0001249,1-HP:0001250,1-HP:0001256,1-HP:0002011,1-HP:0002187,1-HP:0002342,1-HP:0006889,1-HP:0010864"
1958,4538,HGNC:10193,RNU4-2,MONDO:0001071,intellectual disability,HP:0000007,Autosomal recessive inheritance,Autosomal recessive,1,Yes,7/24/2025 9:04:14,Definitive,1,1-HP:0001249
1959,4539,HGNC:19222,WSB2,MONDO:0001071,intellectual disability,HP:0000007,Autosomal recessive inheritance,Autosomal recessive,1,Yes,7/24/2025 10:22:36,Definitive,1,"1-HP:0000252,1-HP:0000708,1-HP:0001249,1-HP:0001250,1-HP:0002011"
1960,4540,HGNC:17950,BORCS5,MONDO:0002254,syndromic disease,HP:0000007,Autosomal recessive inheritance,Autosomal recessive,1,Yes,7/24/2025 11:03:10,Definitive,1,"1-HP:0000252,1-HP:0000707,1-HP:0001249,1-HP:0001250,1-HP:0002011,1-HP:0002187,1-HP:0003676,1-HP:0010864,1-HP:0011420"
1961,4548,HGNC:13540,ATP9A,MONDO:0001071,intellectual disability,HP:0000006,Autosomal dominant inheritance,Autosomal dominant,1,Yes,7/24/2025 13:40:05,Definitive,1,"1-HP:0000707,1-HP:0000708,1-HP:0001249,1-HP:0001250,1-HP:0002011,1-HP:0002376"
1962,4553,HGNC:16696,SNW1,MONDO:0001071,intellectual disability,HP:0000006,Autosomal dominant inheritance,Autosomal dominant,1,Yes,7/24/2025 16:05:27,Definitive,1,"1-HP:0000252,1-HP:0000708,1-HP:0001249,1-HP:0001250,1-HP:0002011,1-HP:0002187,1-HP:0002342,1-HP:0010864"